PLAYER_ID,PLAYER_NAME,ROOKIE_SEASON,AGE,GP,MIN,PTS,REB,AST,STL,BLK,TOV,FGM,FGA,FG_PCT,FG3M,FG3A,FG3_PCT,FTM,FTA,FT_PCT,PPG,RPG,APG,SPG,BPG,TOV_PG,MPG,PTS_PER36,REB_PER36,AST_PER36,TS_PCT,SCHOOL,COUNTRY,DRAFT_YEAR,DRAFT_ROUND,DRAFT_NUMBER,future_all_star,DRAFT_NUMBER_CLEAN
2682,Alex Garcia,2003-04,24.0,2,12.678333333333333,3,0,0,2,0,1,1,7,0.143,0,0,0.0,1,2,0.5,1.5,0.0,0.0,1.0,0.0,0.5,6.339166666666666,8.51846983041935,0.0,0.0,0.1903553299492386,Ribeirao Preto,Brazil,Undrafted,Undrafted,Undrafted,0,61.0
1052,Ben Handlogten,2003-04,30.0,17,171.47833333333332,68,55,6,3,4,10,25,47,0.532,0,0,0.0,18,27,0.667,4.0,3.235294117647059,0.35294117647058826,0.17647058823529413,0.23529411764705882,0.5882352941176471,10.086960784313725,14.275856036233927,11.54664826460097,1.259634356138288,0.577445652173913,Western Michigan,USA,Undrafted,Undrafted,Undrafted,0,61.0
2564,Boris Diaw,2003-04,22.0,76,1915.235,342,342,182,59,37,126,140,313,0.447,6,26,0.231,56,93,0.602,4.5,4.5,2.3947368421052633,0.7763157894736842,0.4868421052631579,1.6578947368421053,25.200460526315787,6.428453949515333,6.428453949515333,3.4209901134847684,0.48316003616636527,Pau Orthez,France,2003,1,21,0,21.0
2599,Brandon Hunter,2003-04,23.0,36,404.8016666666667,125,118,19,13,1,22,53,116,0.457,0,3,0.0,19,43,0.442,3.4722222222222223,3.2777777777777777,0.5277777777777778,0.3611111111111111,0.027777777777777776,0.6111111111111112,11.24449074074074,11.11655502077149,10.494027939608287,1.6897163631572663,0.4632374740587014,Ohio,USA,2003,2,56,0,56.0
2567,Brian Cook,2003-04,23.0,35,437.77166666666665,155,101,20,16,16,17,67,141,0.475,0,5,0.0,21,28,0.75,4.428571428571429,2.8857142857142857,0.5714285714285714,0.45714285714285713,0.45714285714285713,0.4857142857142857,12.507761904761905,12.746370824973447,8.305699698853665,1.6446930096739931,0.5054787372815027,Illinois,USA,2003,1,24,0,24.0
2639,Britton Johnsen,2003-04,24.0,20,291.81166666666667,42,45,12,7,1,14,17,59,0.288,1,12,0.083,7,16,0.438,2.1,2.25,0.6,0.35,0.05,0.7,14.590583333333333,5.181424092022823,5.5515258128815965,1.4804068834350923,0.31798909751665655,Utah,USA,Undrafted,Undrafted,Undrafted,0,61.0
2546,Carmelo Anthony,2003-04,20.0,82,2991.2316666666666,1725,498,227,97,41,247,624,1465,0.426,69,214,0.322,408,525,0.777,21.036585365853657,6.073170731707317,2.768292682926829,1.1829268292682926,0.5,3.0121951219512195,36.47843495934959,20.76067885079669,5.993517720403914,2.7319849850033906,0.5085495283018868,Syracuse,USA,2003,1,3,1,3.0
2547,Chris Bosh,2003-04,20.0,75,2516.485,861,557,78,59,106,107,327,712,0.459,5,14,0.357,202,288,0.701,11.48,7.426666666666667,1.04,0.7866666666666666,1.4133333333333333,1.4266666666666667,33.553133333333335,12.31718051170581,7.968257311289357,1.1158421369489584,0.5132821442197635,Georgia Tech,USA,2003,1,4,1,4.0
2549,Chris Kaman,2003-04,22.0,82,1850.2966666666666,499,461,85,23,73,155,200,435,0.46,0,2,0.0,99,142,0.697,6.085365853658536,5.621951219512195,1.0365853658536586,0.2804878048780488,0.8902439024390244,1.8902439024390243,22.564593495934957,9.708713377494421,8.969372479007871,1.653788851877807,0.5015276996060143,Central Michigan,USA,2003,1,6,1,6.0
2414,Curtis Borchardt,2003-04,23.0,16,257.4716666666667,58,54,15,4,14,18,22,56,0.393,0,1,0.0,14,18,0.778,3.625,3.375,0.9375,0.25,0.875,1.125,16.09197916666667,8.109630185845692,7.55034534544254,2.097318151511817,0.4536921151439299,Stanford,USA,2002,1,18,0,18.0
2563,Dahntay Jones,2003-04,23.0,20,154.38666666666666,36,23,12,5,6,12,15,53,0.283,1,4,0.25,5,11,0.455,1.8,1.15,0.6,0.25,0.3,0.6,7.719333333333333,8.394507297694101,5.363157440193454,2.7981690992313673,0.3112033195020747,Duke,USA,2003,1,20,0,20.0
2443,Darius Songaila,2003-04,26.0,73,973.665,337,225,48,42,12,43,133,273,0.487,0,0,0.0,71,88,0.807,4.616438356164384,3.0821917808219177,0.6575342465753424,0.5753424657534246,0.1643835616438356,0.589041095890411,13.337876712328766,12.460137727041642,8.319083052179138,1.7747377177982162,0.5405492108302322,Wake Forest,Lithuania,2002,2,49,0,49.0
2545,Darko Milicic,2003-04,19.0,34,159.595,48,43,7,7,15,13,17,65,0.262,0,1,0.0,14,24,0.583,1.411764705882353,1.2647058823529411,0.20588235294117646,0.20588235294117646,0.4411764705882353,0.38235294117647056,4.6939705882352944,10.827406873648924,9.699551990977161,1.578996835740468,0.31762837480148226,Hemoform,Serbia,2003,1,2,0,2.0
2561,David West,2003-04,23.0,71,929.0383333333333,273,297,60,27,28,48,108,228,0.474,0,2,0.0,57,80,0.713,3.8450704225352115,4.183098591549296,0.8450704225352113,0.38028169014084506,0.39436619718309857,0.676056338028169,13.085046948356807,10.578680822283975,11.508674740726523,2.324984796106368,0.5186170212765958,Xavier,USA,2003,1,18,1,18.0
2724,Desmond Ferguson,2003-04,26.0,7,30.71,13,4,1,0,0,1,5,12,0.417,3,8,0.375,0,2,0.0,1.8571428571428572,0.5714285714285714,0.14285714285714285,0.0,0.0,0.14285714285714285,4.387142857142857,15.23933572126343,4.689026375773364,1.172256593943341,0.5046583850931676,Detroit,USA,Undrafted,Undrafted,Undrafted,0,61.0
2667,Desmond Penigar,2003-04,22.0,10,86.35666666666667,32,24,3,2,2,6,14,28,0.5,0,0,0.0,4,4,1.0,3.2,2.4,0.3,0.2,0.2,0.6,8.635666666666667,13.340023931755896,10.005017948816922,1.2506272436021153,0.5376344086021505,Utah State,USA,Undrafted,Undrafted,Undrafted,0,61.0
2548,Dwyane Wade,2003-04,22.0,61,2135.85,991,247,275,86,34,196,371,798,0.465,16,53,0.302,233,312,0.747,16.24590163934426,4.049180327868853,4.508196721311475,1.4098360655737705,0.5573770491803278,3.2131147540983607,35.013934426229504,16.703420184001686,4.163213708827867,4.635156963269893,0.5297878710118895,Marquette,USA,2003,1,5,1,5.0
1922,Francisco Elson,2003-04,28.0,62,876.2216666666667,218,203,32,35,39,35,94,199,0.472,0,1,0.0,30,45,0.667,3.5161290322580645,3.274193548387097,0.5161290322580645,0.5645161290322581,0.6290322580645161,0.5645161290322581,14.13260752688172,8.956637684908499,8.340355275396448,1.3147358069590458,0.49817184643510054,California,Netherlands,1999,2,41,0,41.0
2673,Hiram Fuller,2003-04,23.0,4,42.526666666666664,8,11,2,0,1,4,3,8,0.375,0,0,0.0,2,6,0.333,2.0,2.75,0.5,0.0,0.25,1.0,10.631666666666666,6.772221351308984,9.311804358049852,1.693055337827246,0.37593984962406013,Fresno State,USA,Undrafted,Undrafted,Undrafted,0,61.0
2137,Ime Udoka,2003-04,26.0,4,28.016666666666666,8,5,2,2,1,3,3,9,0.333,0,1,0.0,2,4,0.5,2.0,1.25,0.5,0.5,0.25,0.75,7.004166666666666,10.279595478881618,6.424747174301012,2.5698988697204044,0.3717472118959108,Portland State,USA,Undrafted,Undrafted,Undrafted,0,61.0
2592,James Jones,2003-04,23.0,6,26.015,7,2,0,1,0,0,2,9,0.222,1,4,0.25,2,2,1.0,1.1666666666666667,0.3333333333333333,0.0,0.16666666666666666,0.0,0.0,4.335833333333333,9.68671920046127,2.767634057274649,0.0,0.35425101214574894,Miami,USA,2003,2,49,0,49.0
2553,Jarvis Hayes,2003-04,22.0,70,2043.9633333333334,673,264,106,71,11,110,278,695,0.4,40,131,0.305,77,98,0.786,9.614285714285714,3.7714285714285714,1.5142857142857142,1.0142857142857142,0.15714285714285714,1.5714285714285714,29.19947619047619,11.853441597941254,4.649789869028962,1.86696108377678,0.45588793150165285,Georgia,USA,2003,1,10,0,10.0
2574,Jason Kapono,2003-04,23.0,41,423.325,145,55,14,13,2,21,52,129,0.403,21,44,0.477,20,24,0.833,3.5365853658536586,1.3414634146341464,0.34146341463414637,0.3170731707317073,0.04878048780487805,0.5121951219512195,10.325,12.330951396681037,4.67725742632729,1.190574617610583,0.5194898251648037,UCLA,USA,2003,2,31,0,31.0
2602,Jerome Beasley,2003-04,24.0,2,5.116666666666666,2,1,0,0,0,0,1,3,0.333,0,0,0.0,0,0,0.0,1.0,0.5,0.0,0.0,0.0,0.0,2.558333333333333,14.071661237785017,7.035830618892509,0.0,0.3333333333333333,North Dakota,USA,2003,2,33,0,33.0
2668,Josh Davis,2003-04,23.0,4,22.348333333333333,5,5,0,0,0,2,2,5,0.4,0,2,0.0,1,1,1.0,1.25,1.25,0.0,0.0,0.0,0.5,5.587083333333333,8.054291893504363,8.054291893504363,0.0,0.45955882352941174,Wyoming,USA,Undrafted,Undrafted,Undrafted,0,61.0
2572,Josh Howard,2003-04,24.0,67,1586.435,575,368,97,69,54,67,229,532,0.43,20,66,0.303,97,138,0.703,8.582089552238806,5.492537313432836,1.4477611940298507,1.0298507462686568,0.8059701492537313,1.0,23.678134328358208,13.048123623092028,8.350799118778898,2.2011617242433505,0.485051963827777,Wake Forest,USA,2003,1,29,1,29.0
2079,Kaniel Dickens,2003-04,25.0,3,13.133333333333333,7,2,0,0,0,1,3,3,1.0,0,0,0.0,1,2,0.5,2.3333333333333335,0.6666666666666666,0.0,0.0,0.0,0.3333333333333333,4.377777777777777,19.18781725888325,5.4822335025380715,0.0,0.9020618556701031,Idaho,USA,2000,2,50,0,50.0
2586,Keith Bogans,2003-04,24.0,73,1786.045,498,317,98,46,10,75,183,454,0.403,67,187,0.358,65,103,0.631,6.821917808219178,4.342465753424658,1.3424657534246576,0.6301369863013698,0.136986301369863,1.0273972602739727,24.4663698630137,10.037820995551623,6.389536657810973,1.9753141718153797,0.4986782023552031,Kentucky,USA,2003,2,43,0,43.0
2693,Keith McLeod,2003-04,24.0,33,385.295,88,34,59,16,1,29,27,82,0.329,1,10,0.1,33,43,0.767,2.6666666666666665,1.0303030303030303,1.7878787878787878,0.48484848484848486,0.030303030303030304,0.8787878787878788,11.67560606060606,8.222271246707068,3.1767866180459126,5.512659131314966,0.4359889021006738,Bowling Green,USA,Undrafted,Undrafted,Undrafted,0,61.0
2570,Kendrick Perkins,2003-04,19.0,10,35.208333333333336,22,14,3,0,2,5,8,15,0.533,0,0,0.0,6,9,0.667,2.2,1.4,0.3,0.0,0.2,0.5,3.5208333333333335,22.494674556213017,14.314792899408284,3.067455621301775,0.580168776371308,Clifton J. Ozen HS (TX),USA,2003,1,27,0,27.0
2550,Kirk Hinrich,2003-04,23.0,76,2709.2683333333334,915,259,517,101,21,204,318,823,0.386,144,369,0.39,135,168,0.804,12.039473684210526,3.4078947368421053,6.802631578947368,1.3289473684210527,0.27631578947368424,2.6842105263157894,35.64826754385965,12.15826413158288,3.4415195738578865,6.869751427353387,0.5100789368059582,Kansas,USA,2003,1,7,0,7.0
2632,Kirk Penney,2003-04,23.0,2,17.113333333333333,3,1,1,1,0,3,1,6,0.167,1,3,0.333,0,0,0.0,1.5,0.5,0.5,0.5,0.0,1.5,8.556666666666667,6.310868718348266,2.103622906116089,2.103622906116089,0.25,Wisconsin,USA,Undrafted,Undrafted,Undrafted,0,61.0
2594,Kyle Korver,2003-04,23.0,74,861.7716666666666,330,111,40,25,8,41,115,327,0.352,81,207,0.391,19,24,0.792,4.45945945945946,1.5,0.5405405405405406,0.33783783783783783,0.10810810810810811,0.5540540540540541,11.645563063063063,13.785554178117561,4.636959132639544,1.6709762640142496,0.4888019907571987,Creighton,USA,2003,2,51,0,51.0
2544,LeBron James,2003-04,19.0,79,3126.865,1654,432,465,130,58,273,622,1492,0.417,63,217,0.29,347,460,0.754,20.936708860759495,5.468354430379747,5.886075949367089,1.6455696202531647,0.7341772151898734,3.4556962025316458,39.580569620253165,19.042715307504483,4.973671712721848,5.353604968554767,0.48807837582625113,St. Vincent-St. Mary HS (OH),USA,2003,1,1,1,1.0
2571,Leandro Barbosa,2003-04,21.0,70,1500.565,550,123,165,93,7,120,210,470,0.447,83,210,0.395,47,61,0.77,7.857142857142857,1.7571428571428571,2.357142857142857,1.3285714285714285,0.1,1.7142857142857142,21.436642857142857,13.195029872081514,2.9508884986655026,3.958508961624455,0.5534981080428307,Bauru,Brazil,2003,1,28,0,28.0
2669,Linton Johnson,2003-04,24.0,41,732.4466666666667,173,183,27,37,32,37,72,203,0.355,7,33,0.212,22,37,0.595,4.219512195121951,4.463414634146342,0.6585365853658537,0.9024390243902439,0.7804878048780488,0.9024390243902439,17.864552845528458,8.503008182620805,8.994511545778076,1.3270590805246343,0.39447282013863555,Tulane,USA,Undrafted,Undrafted,Undrafted,0,61.0
2557,Luke Ridnour,2003-04,23.0,69,1112.7166666666667,382,108,163,52,7,80,145,350,0.414,27,80,0.338,65,79,0.823,5.536231884057971,1.565217391304348,2.36231884057971,0.7536231884057971,0.10144927536231885,1.1594202898550725,16.126328502415458,12.358941329778471,3.4941509518745413,5.273579677366206,0.49641334858093356,Oregon,USA,2003,1,14,0,14.0
2575,Luke Walton,2003-04,24.0,72,717.955,174,127,113,28,8,44,65,153,0.425,13,39,0.333,31,44,0.705,2.4166666666666665,1.7638888888888888,1.5694444444444444,0.3888888888888889,0.1111111111111111,0.6111111111111112,9.971597222222222,8.724780801025133,6.368087136380414,5.666093278826668,0.5047574843351125,Arizona,USA,2003,2,32,0,32.0
2573,Maciej Lampe,2003-04,19.0,21,224.92166666666665,96,44,9,3,3,15,43,88,0.489,0,4,0.0,10,13,0.769,4.571428571428571,2.0952380952380953,0.42857142857142855,0.14285714285714285,0.14285714285714285,0.7142857142857143,10.710555555555555,15.365349417945508,7.0424518165583585,1.4405015079323913,0.5121638924455826,Real Madrid,Poland,2003,2,30,0,30.0
2556,Marcus Banks,2003-04,22.0,81,1377.5166666666667,480,133,175,88,13,125,177,442,0.4,27,86,0.314,99,131,0.756,5.925925925925926,1.6419753086419753,2.1604938271604937,1.0864197530864197,0.16049382716049382,1.5432098765432098,17.006378600823044,12.544312833480538,3.4758200142768994,4.573447387206446,0.48034584901128813,UNLV,USA,2003,1,13,0,13.0
2605,Marquis Daniels,2003-04,23.0,56,1033.9666666666667,477,146,116,53,12,44,203,411,0.494,11,36,0.306,60,78,0.769,8.517857142857142,2.607142857142857,2.0714285714285716,0.9464285714285714,0.21428571428571427,0.7857142857142857,18.463690476190475,16.60788548953867,5.0833360198587965,4.038814919887811,0.5355699272433306,Auburn,USA,Undrafted,Undrafted,Undrafted,0,61.0
2440,Matt Barnes,2003-04,24.0,38,720.3866666666667,171,151,48,27,3,44,63,138,0.457,2,13,0.154,43,61,0.705,4.5,3.973684210526316,1.263157894736842,0.7105263157894737,0.07894736842105263,1.1578947368421053,18.95754385964912,8.545410797904829,7.5459475466878905,2.398711802920654,0.5186847852462995,UCLA,USA,2002,2,45,0,45.0
2679,Matt Carroll,2003-04,23.0,16,65.97166666666666,19,6,2,1,0,6,7,16,0.438,1,3,0.333,4,6,0.667,1.1875,0.375,0.125,0.0625,0.0,0.375,4.1232291666666665,10.368087310208928,3.2741328348028196,1.0913776116009397,0.509656652360515,Notre Dame,USA,Undrafted,Undrafted,Undrafted,0,61.0
2466,Maurice Carter,2003-04,27.0,10,109.0,42,11,4,0,0,9,11,35,0.314,4,11,0.364,16,20,0.8,4.2,1.1,0.4,0.0,0.0,0.9,10.9,13.871559633027523,3.6330275229357802,1.3211009174311927,0.4794520547945206,Louisiana State,USA,Undrafted,Undrafted,Undrafted,0,61.0
2552,Michael Sweetney,2003-04,21.0,42,496.695,180,157,14,18,12,32,69,140,0.493,0,1,0.0,42,58,0.724,4.285714285714286,3.738095238095238,0.3333333333333333,0.42857142857142855,0.2857142857142857,0.7619047619047619,11.826071428571428,13.046235617431222,11.379216621870565,1.014707214689095,0.5437409376510391,Georgetown,USA,2003,1,9,0,9.0
2554,Mickael Pietrus,2003-04,22.0,53,752.4333333333333,279,119,27,32,12,40,96,231,0.416,35,105,0.333,52,75,0.693,5.264150943396227,2.2452830188679247,0.5094339622641509,0.6037735849056604,0.22641509433962265,0.7547169811320755,14.196855345911949,13.348690913923715,5.69352766579542,1.2918087981216497,0.5284090909090909,Pau Orthez,France,2003,1,11,0,11.0
2590,Mo Williams,2003-04,21.0,57,772.9516666666667,284,72,76,28,2,51,115,303,0.38,10,39,0.256,44,56,0.786,4.982456140350878,1.263157894736842,1.3333333333333333,0.49122807017543857,0.03508771929824561,0.8947368421052632,13.560555555555556,13.22721774323966,3.353379146173434,3.539677987627514,0.4334025149554389,Alabama,USA,2003,2,47,1,47.0
2569,Ndudi Ebi,2003-04,20.0,17,31.525,13,3,3,0,4,3,6,14,0.429,0,0,0.0,1,4,0.25,0.7647058823529411,0.17647058823529413,0.17647058823529413,0.0,0.23529411764705882,0.17647058823529413,1.8544117647058822,14.845360824742269,3.4258524980174467,3.4258524980174467,0.41243654822335024,Westbury Christian HS (TX),USA,2003,1,26,0,26.0
2241,Omar Cook,2003-04,22.0,17,138.145,14,6,24,10,0,10,7,27,0.259,0,1,0.0,0,0,0.0,0.8235294117647058,0.35294117647058826,1.411764705882353,0.5882352941176471,0.0,0.5882352941176471,8.126176470588236,3.648340511781099,1.5635745050490426,6.25429802019617,0.25925925925925924,St. John's (NY),USA,2001,2,31,0,31.0
2221,Raul Lopez,2003-04,24.0,82,1622.225,572,155,305,62,2,174,223,517,0.431,25,85,0.294,101,117,0.863,6.975609756097561,1.8902439024390243,3.7195121951219514,0.7560975609756098,0.024390243902439025,2.1219512195121952,19.78323170731707,12.693676894388881,3.4397201374655184,6.768481560819246,0.5030959752321982,Real Madrid,Spain,2001,1,24,0,24.0
2558,Reece Gaines,2003-04,23.0,38,354.62666666666667,69,39,40,11,2,18,25,86,0.291,3,10,0.3,16,25,0.64,1.8157894736842106,1.0263157894736843,1.0526315789473684,0.2894736842105263,0.05263157894736842,0.47368421052631576,9.332280701754385,7.004549385269016,3.959093130804226,4.060608339286386,0.3556701030927835,Louisville,USA,2003,1,15,0,15.0
2499,Richie Frahm,2003-04,26.0,54,458.67,183,56,24,16,4,7,63,139,0.453,34,92,0.37,23,26,0.885,3.388888888888889,1.037037037037037,0.4444444444444444,0.2962962962962963,0.07407407407407407,0.12962962962962962,8.49388888888889,14.363267708810255,4.395316894499313,1.8837072404997057,0.6082159000265887,Gonzaga,USA,Undrafted,Undrafted,Undrafted,0,61.0
2648,Ronald Dupree,2003-04,23.0,47,901.7766666666666,292,167,55,32,18,51,111,282,0.394,4,9,0.444,66,105,0.629,6.212765957446808,3.5531914893617023,1.1702127659574468,0.6808510638297872,0.3829787234042553,1.0851063829787233,19.18673758865248,11.656988241730215,6.666839165647075,2.195665593476581,0.4448507007921999,Louisiana State,USA,Undrafted,Undrafted,Undrafted,0,61.0
2562,Sasha Pavlovic,2003-04,20.0,79,1136.5083333333334,382,159,60,41,16,67,149,376,0.396,19,70,0.271,65,84,0.774,4.8354430379746836,2.0126582278481013,0.759493670886076,0.5189873417721519,0.20253164556962025,0.8481012658227848,14.386181434599157,12.100219238750265,5.036478688380345,1.9005579956152248,0.46251452925222786,Buducnost,Montenegro,2003,1,19,0,19.0
2582,Slavko Vranes,2003-04,21.0,1,2.75,0,0,0,0,0,0,0,1,0.0,0,0,0.0,0,0,0.0,0.0,0.0,0.0,0.0,0.0,0.0,2.75,0.0,0.0,0.0,0.0,Buducnost,Montenegro,2003,2,39,0,39.0
2581,Steve Blake,2003-04,24.0,75,1387.2433333333333,444,117,209,57,7,128,157,407,0.386,75,202,0.371,55,67,0.821,5.92,1.56,2.7866666666666666,0.76,0.09333333333333334,1.7066666666666668,18.496577777777777,11.522131421307966,3.036237333993315,5.423706006876948,0.5086143695014662,Maryland,USA,2003,2,38,0,38.0
2551,T.J. Ford,2003-04,21.0,55,1484.0883333333334,391,177,356,60,3,139,153,398,0.384,5,21,0.238,80,98,0.816,7.109090909090909,3.2181818181818183,6.472727272727273,1.0909090909090908,0.05454545454545454,2.5272727272727273,26.983424242424242,9.48461064199907,4.293544970930526,8.635604574300945,0.443190061661226,Texas,USA,2003,1,8,0,8.0
2604,Theron Smith,2003-04,23.0,20,178.94,44,41,7,5,5,14,16,43,0.372,6,12,0.5,6,8,0.75,2.2,2.05,0.35,0.25,0.25,0.7,8.947,8.85212920532022,8.248574941321113,1.4082932826645802,0.4729148753224419,Ball State,USA,Undrafted,Undrafted,Undrafted,0,61.0
1765,Torraye Braggs,2003-04,28.0,15,149.80833333333334,40,39,7,4,2,13,16,33,0.485,0,0,0.0,8,12,0.667,2.6666666666666665,2.6,0.4666666666666667,0.26666666666666666,0.13333333333333333,0.8666666666666667,9.987222222222222,9.612282360794348,9.37197530177449,1.682149413139011,0.522466039707419,Xavier,USA,1998,2,57,0,57.0
2580,Travis Hansen,2003-04,26.0,41,509.5516666666667,123,70,19,10,9,15,46,130,0.354,9,30,0.3,22,27,0.815,3.0,1.7073170731707317,0.4634146341463415,0.24390243902439024,0.21951219512195122,0.36585365853658536,12.428089430894309,8.689992182670387,4.945524006397781,1.3423565160222548,0.4334648999154215,Brigham Young,USA,2003,2,37,0,37.0
2566,Travis Outlaw,2003-04,19.0,8,18.738333333333333,8,4,1,1,0,1,3,7,0.429,0,0,0.0,2,4,0.5,1.0,0.5,0.125,0.125,0.0,0.125,2.3422916666666667,15.369563283821044,7.684781641910522,1.9211954104776305,0.4566210045662101,Starkville HS (MS),USA,2003,1,23,0,23.0
2559,Troy Bell,2003-04,23.0,6,34.9,11,4,4,1,0,6,4,18,0.222,0,4,0.0,3,3,1.0,1.8333333333333333,0.6666666666666666,0.6666666666666666,0.16666666666666666,0.0,1.0,5.816666666666666,11.346704871060172,4.126074498567336,4.126074498567336,0.28467908902691513,Boston College,USA,2003,1,16,0,16.0
2617,Udonis Haslem,2003-04,24.0,75,1796.5316666666668,550,473,51,33,24,74,205,447,0.459,0,3,0.0,140,183,0.765,7.333333333333333,6.306666666666667,0.68,0.44,0.32,0.9866666666666667,23.953755555555556,11.021236289554224,9.478263209016632,1.0219691832132098,0.5213072490142554,Florida,USA,Undrafted,Undrafted,Undrafted,0,61.0
2584,Willie Green,2003-04,22.0,53,767.5016666666667,364,65,53,26,5,59,143,357,0.401,19,61,0.311,59,81,0.728,6.867924528301887,1.2264150943396226,1.0,0.49056603773584906,0.09433962264150944,1.1132075471698113,14.48116352201258,17.073578559004215,3.0488533141078955,2.4859880868879767,0.46352893235533826,Detroit Mercy,USA,2003,2,41,0,41.0
2560,Zarko Cabarkapa,2003-04,23.0,49,574.5916666666667,203,99,40,10,13,54,81,197,0.411,6,32,0.188,35,53,0.66,4.142857142857143,2.020408163265306,0.8163265306122449,0.20408163265306123,0.2653061224489796,1.1020408163265305,11.726360544217687,12.718597264724224,6.2026656611216655,2.506127539847138,0.46069353667392887,Buducnost,Serbia,2003,1,17,0,17.0
2585,Zaza Pachulia,2003-04,20.0,59,658.9166666666666,194,174,13,21,12,34,68,175,0.389,0,0,0.0,58,90,0.644,3.288135593220339,2.9491525423728815,0.22033898305084745,0.3559322033898305,0.2033898305084746,0.576271186440678,11.168079096045197,10.599215884659163,9.506513216137602,0.710256734539016,0.45200372786579684,Ulkerspor,Georgia,2003,2,42,0,42.0
2565,Zoran Planinic,2003-04,21.0,49,466.74333333333334,153,55,68,13,3,36,53,129,0.411,9,32,0.281,38,60,0.633,3.122448979591837,1.1224489795918366,1.3877551020408163,0.2653061224489796,0.061224489795918366,0.7346938775510204,9.525374149659864,11.800918420545194,4.242160216535854,5.244852631353421,0.49227799227799224,Cibona,Croatia,2003,1,22,0,22.0
2744,Al Jefferson,2004-05,20.0,71,1044.215,475,312,24,22,55,66,195,369,0.528,0,3,0.0,85,135,0.63,6.690140845070423,4.394366197183099,0.3380281690140845,0.30985915492957744,0.7746478873239436,0.9295774647887324,14.70725352112676,16.375937905507968,10.756405529512602,0.8274158099625079,0.5543884220354809,No College,USA,2004,1,15,0,15.0
2760,Anderson Varejao,2004-05,22.0,54,868.7616666666667,266,257,27,41,38,26,99,193,0.513,0,2,0.0,68,127,0.535,4.925925925925926,4.7592592592592595,0.5,0.7592592592592593,0.7037037037037037,0.48148148148148145,16.08817901234568,11.022585787816759,10.649641155898147,1.1188338957558364,0.5343940855030537,FC Barcelona,Brazil,2004,2,30,0,30.0
2857,Andre Barrett,2004-05,23.0,38,476.95666666666665,118,40,69,19,1,27,45,124,0.363,14,52,0.269,14,19,0.737,3.1052631578947367,1.0526315789473684,1.8157894736842106,0.5,0.02631578947368421,0.7105263157894737,12.551491228070175,8.906469490589641,3.0191422001998784,5.208020295344791,0.4457540042308854,Seton Hall,USA,Undrafted,Undrafted,Undrafted,0,61.0
2765,Andre Emmett,2004-05,22.0,8,25.94,7,2,0,0,0,1,2,6,0.333,0,0,0.0,3,5,0.6,0.875,0.25,0.0,0.0,0.0,0.125,3.2425,9.714726291441787,2.7756360832690823,0.0,0.426829268292683,Texas Tech,USA,2004,2,35,0,35.0
2738,Andre Iguodala,2004-05,21.0,82,2680.8433333333332,741,464,246,138,48,139,269,546,0.493,47,142,0.331,156,210,0.743,9.036585365853659,5.658536585365853,3.0,1.6829268292682926,0.5853658536585366,1.6951219512195121,32.69321138211382,9.950600122100882,6.2308751101954245,3.303438097215677,0.5803571428571429,Arizona,USA,2004,1,9,0,9.0
2804,Andres Nocioni,2004-05,25.0,81,1895.4983333333332,677,386,122,37,34,135,241,601,0.401,25,97,0.258,170,222,0.766,8.358024691358025,4.765432098765432,1.5061728395061729,0.4567901234567901,0.41975308641975306,1.6666666666666667,23.401213991769545,12.857832460944747,7.331053663108822,2.317068774350457,0.48448502891166195,Tau Ceramica,Argentina,Undrafted,Undrafted,Undrafted,0,61.0
2740,Andris Biedrins,2004-05,19.0,30,382.305,109,118,12,12,24,12,45,78,0.577,0,1,0.0,19,40,0.475,3.6333333333333333,3.933333333333333,0.4,0.4,0.8,0.4,12.743500000000001,10.264056185506337,11.111547063208693,1.1299878369364773,0.5700836820083682,BK Skonto,Latvia,2004,1,11,0,11.0
2766,Antonio Burks,2004-05,25.0,24,217.41166666666666,73,12,28,13,1,12,28,60,0.467,3,11,0.273,14,19,0.737,3.0416666666666665,0.5,1.1666666666666667,0.5416666666666666,0.041666666666666664,0.5,9.058819444444444,12.087667788450483,1.9870138830329558,4.636365727076897,0.5339379754242247,Memphis,USA,2004,2,36,0,36.0
2852,Awvee Storey,2004-05,28.0,9,27.058333333333334,8,5,1,0,0,0,3,10,0.3,1,2,0.5,1,2,0.5,0.8888888888888888,0.5555555555555556,0.1111111111111111,0.0,0.0,0.0,3.0064814814814813,10.643671080997844,6.652294425623653,1.3304588851247305,0.3676470588235294,Arizona State,USA,Undrafted,Undrafted,Undrafted,0,61.0
2732,Ben Gordon,2004-05,22.0,82,2013.0933333333332,1235,215,164,53,10,186,434,1056,0.411,134,331,0.405,233,270,0.863,15.060975609756097,2.6219512195121952,2.0,0.6463414634146342,0.12195121951219512,2.268292682926829,24.54991869918699,22.085414155329772,3.8448291849359526,2.9327999364162616,0.5256213823629554,Connecticut,USA,2004,1,3,0,3.0
2757,Beno Udrih,2004-05,22.0,80,1155.2,471,83,150,41,10,77,173,390,0.444,58,142,0.408,67,89,0.753,5.8875,1.0375,1.875,0.5125,0.125,0.9625,14.440000000000001,14.677977839335181,2.586565096952908,4.674515235457063,0.5487463882934104,Olimpia Milano,Slovenia,2004,1,28,0,28.0
2774,Bernard Robinson,2004-05,24.0,31,328.9533333333333,93,48,30,11,4,20,36,81,0.444,3,8,0.375,18,26,0.692,3.0,1.5483870967741935,0.967741935483871,0.3548387096774194,0.12903225806451613,0.6451612903225806,10.611397849462366,10.17773544373062,5.253024745151288,3.2831404657195553,0.503028991778451,Michigan,USA,2004,2,45,0,45.0
2873,Billy Thomas,2004-05,29.0,25,350.36333333333334,92,36,17,14,1,9,34,94,0.362,17,56,0.304,7,9,0.778,3.68,1.44,0.68,0.56,0.04,0.36,14.014533333333334,9.453043982912975,3.6990172107050774,1.7467581272773978,0.4695794201714986,Kansas,USA,Undrafted,Undrafted,Undrafted,0,61.0
2688,Brandin Knight,2004-05,23.0,1,2.783333333333333,0,0,1,0,0,0,0,1,0.0,0,0,0.0,0,0,0.0,0.0,0.0,1.0,0.0,0.0,0.0,2.783333333333333,0.0,0.0,12.934131736526947,0.0,Pittsburgh,USA,Undrafted,Undrafted,Undrafted,0,61.0
2568,Carlos Delfino,2004-05,22.0,30,462.335,116,55,38,22,6,23,42,117,0.359,9,35,0.257,23,40,0.575,3.8666666666666667,1.8333333333333333,1.2666666666666666,0.7333333333333333,0.2,0.7666666666666667,15.411166666666666,9.032411563044112,4.282608930753675,2.958893443066175,0.4309063893016345,Fortitudo Bologna,Argentina,2003,1,25,0,25.0
2768,Chris Duhon,2004-05,22.0,82,2171.7633333333333,487,213,398,82,3,119,172,488,0.352,94,265,0.355,49,67,0.731,5.939024390243903,2.597560975609756,4.853658536585366,1.0,0.036585365853658534,1.451219512195122,26.48491869918699,8.072702826735265,3.530771462206594,6.5974039528555135,0.4705495864574476,Duke,USA,2004,2,38,0,38.0
2451,Corsley Edwards,2004-05,26.0,10,110.03333333333333,27,25,3,3,4,2,10,31,0.323,0,0,0.0,7,12,0.583,2.7,2.5,0.3,0.3,0.4,0.2,11.003333333333334,8.833686761587398,8.179339594062405,0.9815207512874886,0.37210584343991177,Central Connecticut State,USA,2002,2,57,0,57.0
2788,DJ Mbenga,2004-05,24.0,15,56.61,15,8,0,0,5,5,6,14,0.429,0,0,0.0,3,4,0.75,1.0,0.5333333333333333,0.0,0.0,0.3333333333333333,0.3333333333333333,3.774,9.538950715421304,5.087440381558029,0.0,0.47588832487309646,Spirou Charleroi,Belgium,Undrafted,Undrafted,Undrafted,0,61.0
2863,Damien Wilkins,2004-05,25.0,29,516.2183333333334,183,66,26,22,10,16,73,168,0.435,16,59,0.271,21,34,0.618,6.310344827586207,2.2758620689655173,0.896551724137931,0.7586206896551724,0.3448275862068966,0.5517241379310345,17.800632183908046,12.762041900875275,4.602703636381246,1.813186280998673,0.50010931351115,Georgia,USA,Undrafted,Undrafted,Undrafted,0,61.0
2758,David Harrison,2004-05,22.0,43,759.9083333333333,264,135,13,16,55,53,106,184,0.576,0,0,0.0,52,91,0.571,6.1395348837209305,3.13953488372093,0.3023255813953488,0.37209302325581395,1.2790697674418605,1.2325581395348837,17.672286821705427,12.506771650089375,6.39550823015934,0.6158637554968253,0.5891805034815212,Colorado,USA,2004,1,29,0,29.0
2753,Delonte West,2004-05,21.0,39,504.8233333333333,175,65,53,21,8,24,66,155,0.426,24,67,0.358,19,27,0.704,4.487179487179487,1.6666666666666667,1.358974358974359,0.5384615384615384,0.20512820512820512,0.6153846153846154,12.944188034188034,12.47961333007587,4.6352849511710374,3.7795400371086916,0.5243288590604027,St. Joseph's (PA),USA,2004,1,24,0,24.0
2734,Devin Harris,2004-05,22.0,76,1176.67,436,102,169,77,19,82,157,366,0.429,44,131,0.336,78,103,0.757,5.7368421052631575,1.3421052631578947,2.223684210526316,1.013157894736842,0.25,1.0789473684210527,15.482500000000002,13.339338982042543,3.120671046257659,5.170523596250436,0.5300009724788486,Wisconsin,USA,2004,1,5,1,5.0
2764,Donta Smith,2004-05,21.0,38,433.50166666666667,127,52,39,23,5,25,44,113,0.389,6,22,0.273,33,48,0.688,3.3421052631578947,1.368421052631579,1.0263157894736843,0.6052631578947368,0.13157894736842105,0.6578947368421053,11.407938596491228,10.546672254239699,4.318322497798932,3.238741873349199,0.4734566060244557,Southeastern Illinois,USA,2004,2,34,0,34.0
2748,Dorell Wright,2004-05,19.0,3,27.733333333333334,7,1,3,4,0,3,3,11,0.273,0,4,0.0,1,1,1.0,2.3333333333333335,0.3333333333333333,1.0,1.3333333333333333,0.0,1.0,9.244444444444445,9.086538461538462,1.298076923076923,3.8942307692307687,0.30594405594405594,South Kent HS (CT),USA,2004,1,19,0,19.0
2730,Dwight Howard,2004-05,19.0,82,2678.443333333333,981,823,75,77,136,165,352,677,0.52,0,2,0.0,277,413,0.671,11.963414634146341,10.036585365853659,0.9146341463414634,0.9390243902439024,1.6585365853658536,2.0121951219512195,32.663943089430894,13.185270548938252,11.06164899263627,1.008048207105371,0.5711989938513136,SW Atlanta Christian Academy (GA),USA,2004,1,1,1,1.0
2731,Emeka Okafor,2004-05,22.0,73,2599.63,1105,795,64,62,125,125,448,1003,0.447,0,1,0.0,209,343,0.609,15.136986301369863,10.89041095890411,0.8767123287671232,0.8493150684931506,1.7123287671232876,1.7123287671232876,35.6113698630137,15.30217761758404,11.009259009936029,0.8862799706112023,0.4788026899611758,Connecticut,USA,2004,1,2,0,2.0
2845,Erik Daniels,2004-05,23.0,21,70.805,13,18,4,2,0,6,6,18,0.333,1,2,0.5,0,0,0.0,0.6190476190476191,0.8571428571428571,0.19047619047619047,0.09523809523809523,0.0,0.2857142857142857,3.371666666666667,6.609702704611256,9.151896052538662,2.033754678341925,0.3611111111111111,Kentucky,USA,Undrafted,Undrafted,Undrafted,0,61.0
2367,Geno Carlisle,2004-05,28.0,6,15.406666666666666,8,1,1,0,0,1,2,3,0.667,0,0,0.0,4,6,0.667,1.3333333333333333,0.16666666666666666,0.16666666666666666,0.0,0.0,0.16666666666666666,2.5677777777777777,18.693206404154047,2.336650800519256,2.336650800519256,0.7092198581560283,California,USA,Undrafted,Undrafted,Undrafted,0,61.0
2775,Ha Ha,2004-05,19.0,19,100.16166666666666,26,18,2,1,5,12,10,23,0.435,0,0,0.0,6,11,0.545,1.368421052631579,0.9473684210526315,0.10526315789473684,0.05263157894736842,0.2631578947368421,0.631578947368421,5.2716666666666665,9.344892423914672,6.469540908864003,0.718837878762667,0.46695402298850575,Yonsei,South Korea,2004,2,46,0,46.0
2798,Horace Jenkins,2004-05,30.0,15,101.52,42,9,9,5,1,7,15,45,0.333,0,9,0.0,12,13,0.923,2.8,0.6,0.6,0.3333333333333333,0.06666666666666667,0.4666666666666667,6.768,14.893617021276597,3.1914893617021276,3.1914893617021276,0.41403785488958994,William Paterson,USA,Undrafted,Undrafted,Undrafted,0,61.0
2825,Ibrahim Kutluay,2004-05,31.0,5,10.9,0,1,0,0,0,2,0,1,0.0,0,0,0.0,0,0,0.0,0.0,0.2,0.0,0.0,0.0,0.4,2.18,0.0,3.3027522935779814,0.0,0.0,Ulkerspor,Turkey,Undrafted,Undrafted,Undrafted,0,61.0
2747,JR Smith,2004-05,19.0,76,1863.5216666666668,782,152,142,55,11,109,295,748,0.394,81,281,0.288,111,161,0.689,10.289473684210526,2.0,1.868421052631579,0.7236842105263158,0.14473684210526316,1.4342105263157894,24.520021929824562,15.106880968202676,2.936375840366761,2.74319321929,0.4775047628352303,No College,USA,2004,1,18,0,18.0
2866,Jackie Butler,2004-05,20.0,3,4.388333333333334,10,0,0,1,0,1,4,4,1.0,0,0,0.0,2,2,1.0,3.3333333333333335,0.0,0.0,0.3333333333333333,0.0,0.3333333333333333,1.462777777777778,82.03570072161033,0.0,0.0,1.0245901639344261,Coastal Christian Academy (VA),USA,Undrafted,Undrafted,Undrafted,0,61.0
2761,Jackson Vroman,2004-05,24.0,46,706.105,212,175,40,25,19,64,82,199,0.412,0,3,0.0,48,75,0.64,4.608695652173913,3.8043478260869565,0.8695652173913043,0.5434782608695652,0.41304347826086957,1.391304347826087,15.350108695652175,10.808590790321553,8.922185793897508,2.0393567528908587,0.45689655172413796,Iowa State,USA,2004,2,31,0,31.0
2749,Jameer Nelson,2004-05,23.0,79,1614.9766666666667,689,193,237,78,3,117,286,628,0.455,44,141,0.312,73,107,0.682,8.721518987341772,2.4430379746835444,3.0,0.9873417721518988,0.0379746835443038,1.481012658227848,20.442742616033755,15.358735833128653,4.302229340774789,5.283048465096503,0.5103098891983172,St. Joseph's (PA),USA,2004,1,20,0,20.0
2839,James Thomas,2004-05,24.0,11,113.18166666666667,26,37,4,4,4,7,12,20,0.6,0,0,0.0,2,6,0.333,2.3636363636363638,3.3636363636363638,0.36363636363636365,0.36363636363636365,0.36363636363636365,0.6363636363636364,10.289242424242424,8.26989058887629,11.768690453400874,1.2722908598271214,0.5742049469964664,Texas,USA,Undrafted,Undrafted,Undrafted,0,61.0
2876,Jared Reiner,2004-05,23.0,19,131.77666666666667,21,38,1,3,7,9,10,30,0.333,0,0,0.0,1,4,0.25,1.105263157894737,2.0,0.05263157894736842,0.15789473684210525,0.3684210526315789,0.47368421052631576,6.93561403508772,5.736979232539903,10.381200516024586,0.2731894872638049,0.33060453400503775,Iowa,USA,Undrafted,Undrafted,Undrafted,0,61.0
2823,John Edwards,2004-05,23.0,25,133.39,29,19,3,3,4,8,11,30,0.367,0,0,0.0,7,14,0.5,1.16,0.76,0.12,0.12,0.16,0.32,5.3355999999999995,7.826673663692931,5.12782067621261,0.8096558962440964,0.40099557522123896,Kent State,USA,Undrafted,Undrafted,Undrafted,0,61.0
2735,Josh Childress,2004-05,22.0,80,2371.7716666666665,807,482,151,74,35,106,302,642,0.47,13,56,0.232,190,231,0.823,10.0875,6.025,1.8875,0.925,0.4375,1.325,29.647145833333333,12.249071193615462,7.31604995702931,2.2919575591523356,0.5426012586735517,Stanford,USA,2004,1,6,0,6.0
2746,Josh Smith,2004-05,19.0,74,2049.9416666666666,715,457,127,59,144,135,274,602,0.455,4,23,0.174,163,237,0.688,9.662162162162161,6.175675675675675,1.7162162162162162,0.7972972972972973,1.945945945945946,1.8243243243243243,27.701914414414414,12.556454858471582,8.025594224225893,2.230307366469778,0.5061731891034718,Oak Hill Academy (VA),USA,2004,1,17,0,17.0
2770,Justin Reed,2004-05,23.0,23,114.775,41,16,10,3,1,5,15,29,0.517,0,3,0.0,11,15,0.733,1.7826086956521738,0.6956521739130435,0.43478260869565216,0.13043478260869565,0.043478260869565216,0.21739130434782608,4.990217391304348,12.85994336745807,5.018514484861686,3.1365715530385536,0.5758426966292135,Mississippi,USA,2004,2,40,0,40.0
2755,Kevin Martin,2004-05,22.0,45,458.13666666666666,131,58,22,16,3,24,45,117,0.385,5,25,0.2,36,55,0.655,2.911111111111111,1.288888888888889,0.4888888888888889,0.35555555555555557,0.06666666666666667,0.5333333333333333,10.180814814814815,10.293871552156926,4.55759198492444,1.7287417873851325,0.4638810198300284,Western Carolina,USA,2004,1,26,0,26.0
2745,Kirk Snyder,2004-05,22.0,68,900.3616666666667,338,121,36,26,19,58,122,328,0.372,30,85,0.353,64,96,0.667,4.970588235294118,1.7794117647058822,0.5294117647058824,0.38235294117647056,0.27941176470588236,0.8529411764705882,13.240612745098039,13.514569145361957,4.838055818310049,1.4394215657781966,0.45646067415730335,Nevada,USA,2004,1,16,0,16.0
2743,Kris Humphries,2004-05,20.0,67,869.0166666666667,278,197,43,25,18,52,116,287,0.404,2,6,0.333,44,101,0.436,4.149253731343284,2.9402985074626864,0.6417910447761194,0.373134328358209,0.26865671641791045,0.7761194029850746,12.970398009950248,11.516464969985233,8.160948198155003,1.781323718379011,0.4193820902727492,Minnesota,USA,2004,1,14,0,14.0
2763,Lionel Chalmers,2004-05,24.0,36,424.3616666666667,111,31,51,13,0,24,42,125,0.336,12,49,0.245,15,24,0.625,3.0833333333333335,0.8611111111111112,1.4166666666666667,0.3611111111111111,0.0,0.6666666666666666,11.787824074074074,9.416496149118087,2.629832257861808,4.3264982306758775,0.4094128061375037,Xavier,USA,2004,2,33,0,33.0
2784,Luis Flores,2004-05,24.0,16,74.34166666666667,35,3,11,2,0,11,14,29,0.483,5,10,0.5,2,2,1.0,2.1875,0.1875,0.6875,0.125,0.0,0.6875,4.646354166666667,16.94877255913014,1.4527519336397265,5.326757090012331,0.5856760374832665,Manhattan,USA,2004,2,55,0,55.0
2739,Luke Jackson,2004-05,23.0,10,43.083333333333336,29,6,3,0,0,2,10,27,0.37,4,6,0.667,5,6,0.833,2.9,0.6,0.3,0.0,0.0,0.2,4.308333333333334,24.232108317214696,5.013539651837524,2.506769825918762,0.4892037786774629,Oregon,USA,2004,1,10,0,10.0
2736,Luol Deng,2004-05,20.0,61,1661.07,711,322,135,48,27,118,280,645,0.434,31,117,0.265,120,162,0.741,11.655737704918034,5.278688524590164,2.2131147540983607,0.7868852459016393,0.4426229508196721,1.9344262295081966,27.230655737704918,15.409344579096606,6.978634253824342,2.925824920081634,0.49631429050092146,Duke,United Kingdom,2004,1,7,0,7.0
2435,Mario Kasun,2004-05,25.0,45,351.37666666666667,118,128,8,8,13,26,47,98,0.48,0,1,0.0,24,43,0.558,2.6222222222222222,2.8444444444444446,0.17777777777777778,0.17777777777777778,0.28888888888888886,0.5777777777777777,7.80837037037037,12.089590467968847,13.114132033050952,0.8196332520656845,0.5046185425932261,Skyliners Frankfurt,Croatia,2002,2,40,0,40.0
2891,Mark Jones,2004-05,30.0,10,115.14833333333333,23,13,6,5,2,3,9,31,0.29,0,4,0.0,5,10,0.5,2.3,1.3,0.6,0.5,0.2,0.3,11.514833333333332,7.19072500687519,4.064322829972934,1.875841306141354,0.3248587570621469,St. Bonaventure,USA,1983,4,82,0,61.0
2588,Matt Bonner,2004-05,25.0,82,1545.0366666666666,589,285,48,39,19,40,247,463,0.533,39,92,0.424,56,71,0.789,7.182926829268292,3.475609756097561,0.5853658536585366,0.47560975609756095,0.23170731707317074,0.4878048780487805,18.84191056910569,13.72394614151552,6.640619100733316,1.1184200590708744,0.5958643573972159,Florida,USA,2003,2,45,0,45.0
2782,Matt Freije,2004-05,23.0,23,436.9683333333333,93,61,20,13,2,17,37,127,0.291,14,54,0.259,5,8,0.625,4.043478260869565,2.652173913043478,0.8695652173913043,0.5652173913043478,0.08695652173913043,0.7391304347826086,18.998623188405794,7.661882439993746,5.025535793974392,1.6477166537620958,0.3562672387373582,Vanderbilt,USA,2004,2,53,0,53.0
2486,Maurice Baker,2004-05,25.0,5,19.17,0,2,1,1,0,1,0,1,0.0,0,0,0.0,0,0,0.0,0.0,0.4,0.2,0.2,0.0,0.2,3.8340000000000005,0.0,3.7558685446009386,1.8779342723004693,0.0,Oklahoma State,USA,Undrafted,Undrafted,Undrafted,0,61.0
2420,Nenad Krstic,2004-05,21.0,75,1967.5666666666666,747,401,77,32,63,112,281,570,0.493,0,2,0.0,185,255,0.725,9.96,5.346666666666667,1.0266666666666666,0.4266666666666667,0.84,1.4933333333333334,26.234222222222222,13.667643620715944,7.336981381401731,1.4088467989225268,0.5474934036939314,Partizan,Serbia,2002,1,24,0,24.0
2555,Nick Collison,2004-05,24.0,82,1397.3666666666666,461,375,32,34,50,62,189,353,0.535,0,3,0.0,83,118,0.703,5.621951219512195,4.573170731707317,0.3902439024390244,0.4146341463414634,0.6097560975609756,0.7560975609756098,17.041056910569104,11.876625080508576,9.661029078504807,0.8244078146990769,0.5692482465672232,Kansas,USA,2003,1,12,0,12.0
2776,Pape Sow,2004-05,23.0,27,251.91666666666666,62,57,2,12,4,10,23,58,0.397,0,0,0.0,16,27,0.593,2.2962962962962963,2.111111111111111,0.07407407407407407,0.4444444444444444,0.14814814814814814,0.37037037037037035,9.330246913580247,8.860072775388687,8.14555077737347,0.28580879920608665,0.44361763022323986,California State-Fullerton,Senegal,2004,2,47,0,47.0
2750,Pavel Podkolzin,2004-05,20.0,5,7.581666666666667,1,2,0,0,0,2,0,0,0.0,0,0,0.0,1,2,0.5,0.2,0.4,0.0,0.0,0.0,0.4,1.5163333333333333,4.7482963288634865,9.496592657726973,0.0,0.5681818181818182,Metis Varese,Russia,2004,1,21,0,21.0
2762,Peter John Ramos,2004-05,20.0,6,19.57,11,4,0,0,1,3,5,10,0.5,0,0,0.0,1,2,0.5,1.8333333333333333,0.6666666666666666,0.0,0.0,0.16666666666666666,0.5,3.2616666666666667,20.235053653551354,7.358201328564128,0.0,0.5055147058823529,Caguas,Puerto Rico,2004,2,32,0,32.0
2624,Quinton Ross,2004-05,24.0,78,1638.1833333333334,397,210,109,51,22,54,161,373,0.432,1,4,0.25,74,110,0.673,5.089743589743589,2.6923076923076925,1.3974358974358974,0.6538461538461539,0.28205128205128205,0.6923076923076923,21.00235042735043,8.724298257215818,4.614868095756478,2.3953362973212196,0.47104888467014716,Southern Methodist,USA,Undrafted,Undrafted,Undrafted,0,61.0
2737,Rafael Araujo,2004-05,24.0,59,735.595,196,185,16,21,8,52,76,175,0.434,1,3,0.333,43,55,0.782,3.3220338983050848,3.135593220338983,0.2711864406779661,0.3559322033898305,0.13559322033898305,0.8813559322033898,12.46771186440678,9.592234857496312,9.053895146106212,0.7830395802037805,0.4919678714859438,Brigham Young,Brazil,2004,1,8,0,8.0
2741,Robert Swift,2004-05,19.0,16,69.68833333333333,15,5,2,1,7,4,5,11,0.455,0,0,0.0,5,9,0.556,0.9375,0.3125,0.125,0.0625,0.4375,0.25,4.355520833333333,7.748786262645589,2.582928754215196,1.0331715016860785,0.5013368983957219,Bakersfield HS (CA),USA,2004,1,12,0,12.0
2767,Royal Ivey,2004-05,23.0,62,813.5316666666666,220,84,103,39,7,58,85,198,0.429,3,9,0.333,47,67,0.701,3.5483870967741935,1.3548387096774193,1.6612903225806452,0.6290322580645161,0.11290322580645161,0.9354838709677419,13.121478494623656,9.73533093364528,3.7171263564827433,4.557904937115745,0.4835589941972921,Texas,USA,2004,2,37,0,37.0
2756,Sasha Vujacic,2004-05,21.0,35,402.43666666666667,101,62,51,12,2,15,33,117,0.282,17,63,0.27,18,19,0.947,2.8857142857142857,1.7714285714285714,1.457142857142857,0.34285714285714286,0.05714285714285714,0.42857142857142855,11.498190476190477,9.03496202300983,5.54621431115455,4.562208546272291,0.40283982131461393,Udine,Slovenia,2004,1,27,0,27.0
2742,Sebastian Telfair,2004-05,20.0,68,1330.14,460,104,224,35,4,125,169,430,0.393,17,69,0.246,105,133,0.789,6.764705882352941,1.5294117647058822,3.2941176470588234,0.5147058823529411,0.058823529411764705,1.838235294117647,19.560882352941178,12.449817312463349,2.8147413054264963,6.062519734764761,0.4708097928436912,Abraham Lincoln HS (NY),USA,2004,1,13,0,13.0
2733,Shaun Livingston,2004-05,19.0,30,820.0233333333333,222,89,151,32,11,75,89,215,0.414,0,2,0.0,44,59,0.746,7.4,2.966666666666667,5.033333333333333,1.0666666666666667,0.36666666666666664,2.5,27.33411111111111,9.746064136386362,3.9072058925152535,6.629079660334869,0.46065737051792827,Peoria Central HS (IL),USA,2004,1,4,0,4.0
2754,Tony Allen,2004-05,23.0,77,1254.4733333333334,492,221,64,76,24,77,184,387,0.475,12,31,0.387,112,152,0.737,6.3896103896103895,2.8701298701298703,0.8311688311688312,0.987012987012987,0.3116883116883117,1.0,16.291861471861473,14.119072545716396,6.342103724803503,1.8366273230200192,0.5419934784524544,Oklahoma State,USA,2004,1,25,0,25.0
2800,Tony Bobbitt,2004-05,25.0,2,11.933333333333334,5,3,0,0,0,0,2,5,0.4,1,2,0.5,0,0,0.0,2.5,1.5,0.0,0.0,0.0,0.0,5.966666666666667,15.083798882681565,9.050279329608939,0.0,0.5,Cincinnati,USA,Undrafted,Undrafted,Undrafted,0,61.0
2772,Trevor Ariza,2004-05,20.0,80,1380.6316666666667,468,242,85,70,18,73,172,389,0.442,3,13,0.231,121,174,0.695,5.85,3.025,1.0625,0.875,0.225,0.9125,17.257895833333333,12.203109929150786,6.310155134304467,2.2163768033714035,0.502620500042959,UCLA,USA,2004,2,43,0,43.0
2751,Viktor Khryapa,2004-05,22.0,32,529.0633333333334,135,108,25,20,18,33,54,124,0.435,4,11,0.364,23,42,0.548,4.21875,3.375,0.78125,0.625,0.5625,1.03125,16.53322916666667,9.186045779018263,7.348836623214611,1.7011195887070858,0.47375070185289164,CSKA Moscow,Russia,2004,1,22,0,22.0
2657,Yuta Tabuse,2004-05,24.0,4,17.283333333333335,7,4,3,0,0,1,1,6,0.167,1,1,1.0,4,4,1.0,1.75,1.0,0.75,0.0,0.0,0.25,4.320833333333334,14.580520732883317,8.331726133076181,6.248794599807135,0.45103092783505155,Brigham Young-Hawaii,USA,Undrafted,Undrafted,Undrafted,0,61.0
101223,Aaron Miles,2005-06,23.0,19,118.12333333333333,16,14,24,4,1,11,6,18,0.333,0,0,0.0,4,4,1.0,0.8421052631578947,0.7368421052631579,1.263157894736842,0.21052631578947367,0.05263157894736842,0.5789473684210527,6.217017543859649,4.876259277026836,4.266726867398482,7.314388915540254,0.4048582995951417,Kansas,USA,Undrafted,Undrafted,Undrafted,0,61.0
101187,Alan Anderson,2005-06,23.0,36,563.6,207,70,32,11,4,32,75,181,0.414,24,58,0.414,33,41,0.805,5.75,1.9444444444444444,0.8888888888888888,0.3055555555555556,0.1111111111111111,0.8888888888888888,15.655555555555557,13.222143364088005,4.471256210078069,2.0440028388928315,0.5199959807073955,Michigan State,USA,Undrafted,Undrafted,Undrafted,0,61.0
101165,Alex Acker,2005-06,23.0,5,35.10666666666667,9,5,4,1,0,4,4,16,0.25,1,5,0.2,0,0,0.0,1.8,1.0,0.8,0.2,0.0,0.8,7.021333333333334,9.22901633118116,5.127231295100645,4.101785036080516,0.28125,Pepperdine,USA,2005,2,60,0,60.0
2637,Alex Scales,2005-06,27.0,1,0.15333333333333332,0,0,0,0,0,0,0,0,0.0,0,0,0.0,0,0,0.0,0.0,0.0,0.0,0.0,0.0,0.0,0.15333333333333332,0.0,0.0,0.0,,Oregon,USA,Undrafted,Undrafted,Undrafted,0,61.0
101161,Amir Johnson,2005-06,19.0,3,38.766666666666666,20,4,3,0,2,4,7,10,0.7,2,3,0.667,4,4,1.0,6.666666666666667,1.3333333333333333,1.0,0.0,0.6666666666666666,1.3333333333333333,12.922222222222222,18.572656921754085,3.714531384350817,2.7858985382631127,0.8503401360544218,Westchester HS (CA),USA,2005,2,56,0,56.0
101154,Andray Blatche,2005-06,19.0,29,175.48166666666665,65,38,10,5,7,12,26,67,0.388,3,13,0.231,10,12,0.833,2.2413793103448274,1.3103448275862069,0.3448275862068966,0.1724137931034483,0.2413793103448276,0.41379310344827586,6.051091954022988,13.33472632468729,7.795686159047954,2.0514963576441985,0.44964028776978415,South Kent HS (CT),USA,2005,2,49,0,49.0
101261,Andre Owens,2005-06,25.0,23,210.04166666666666,69,21,8,5,0,13,27,74,0.365,3,16,0.188,12,18,0.667,3.0,0.9130434782608695,0.34782608695652173,0.21739130434782608,0.0,0.5652173913043478,9.132246376811594,11.826224955366,3.599285855980956,1.371156516564174,0.421142578125,Houston,USA,Undrafted,Undrafted,Undrafted,0,61.0
101106,Andrew Bogut,2005-06,21.0,82,2348.13,768,573,192,49,68,125,323,606,0.533,0,3,0.0,122,194,0.629,9.365853658536585,6.987804878048781,2.341463414634146,0.5975609756097561,0.8292682926829268,1.524390243902439,28.635731707317074,11.77447585951374,8.78486284830908,2.943618964878435,0.55542698449433,Utah,Australia,2005,1,1,0,1.0
101115,Andrew Bynum,2005-06,18.0,46,338.32166666666666,74,80,9,4,22,17,33,82,0.402,0,0,0.0,8,27,0.296,1.608695652173913,1.7391304347826086,0.1956521739130435,0.08695652173913043,0.4782608695652174,0.3695652173913043,7.35481884057971,7.874163148482953,8.51260880917076,0.9576684910317105,0.39412015338730294,No College,USA,2005,1,10,1,10.0
101219,Anthony Grundy,2005-06,27.0,12,108.00666666666666,52,17,9,7,0,9,19,38,0.5,5,15,0.333,9,14,0.643,4.333333333333333,1.4166666666666667,0.75,0.5833333333333334,0.0,0.75,9.000555555555556,17.332263440528365,5.6663168940188875,2.9998148262452933,0.588768115942029,North Carolina State,USA,Undrafted,Undrafted,Undrafted,0,61.0
101194,Anthony Roberson,2005-06,23.0,16,88.31166666666667,35,6,5,1,0,3,14,31,0.452,5,10,0.5,2,2,1.0,2.1875,0.375,0.3125,0.0625,0.0,0.1875,5.519479166666667,14.267650555796706,2.4458829524222923,2.0382357936852435,0.5489335006273526,Florida,USA,Undrafted,Undrafted,Undrafted,0,61.0
101120,Antoine Wright,2005-06,22.0,39,370.1666666666667,70,30,12,4,3,21,29,81,0.358,1,15,0.067,11,22,0.5,1.794871794871795,0.7692307692307693,0.3076923076923077,0.10256410256410256,0.07692307692307693,0.5384615384615384,9.491452991452991,6.8077442593426385,2.9176046825754165,1.1670418730301666,0.3859726510807234,Texas A&M,USA,2005,1,15,0,15.0
101178,Arvydas Macijauskas,2005-06,26.0,19,134.51666666666668,44,10,5,7,0,8,14,41,0.341,3,12,0.25,13,15,0.867,2.3157894736842106,0.5263157894736842,0.2631578947368421,0.3684210526315789,0.0,0.42105263157894735,7.07982456140351,11.775492504026762,2.6762482963697183,1.3381241481848591,0.4621848739495798,Tau Ceramica,Lithuania,Undrafted,Undrafted,Undrafted,0,61.0
101238,Boniface Ndong,2005-06,28.0,23,151.53833333333333,50,37,7,2,5,6,22,53,0.415,0,1,0.0,6,9,0.667,2.1739130434782608,1.608695652173913,0.30434782608695654,0.08695652173913043,0.21739130434782608,0.2608695652173913,6.588623188405797,11.878182638056378,8.789855152161719,1.662945569327893,0.43890449438202245,Dijon,Senegal,Undrafted,Undrafted,Undrafted,0,61.0
101152,Bracey Wright,2005-06,21.0,7,135.10333333333332,62,18,5,1,0,8,21,51,0.412,6,17,0.353,14,16,0.875,8.857142857142858,2.5714285714285716,0.7142857142857143,0.14285714285714285,0.0,1.1428571428571428,19.30047619047619,16.520687868545064,4.796328736029213,1.3323135377858923,0.5341144038594073,Indiana,USA,2005,2,47,0,47.0
101138,Brandon Bass,2005-06,21.0,29,268.4033333333333,68,68,3,3,7,11,28,70,0.4,0,0,0.0,12,19,0.632,2.3448275862068964,2.3448275862068964,0.10344827586206896,0.10344827586206896,0.2413793103448276,0.3793103448275862,9.255287356321839,9.120602078960768,9.120602078960768,0.4023795034835633,0.4338948443083206,Louisiana State,USA,2005,2,33,0,33.0
101139,CJ Miles,2005-06,19.0,23,202.83833333333334,79,38,16,7,2,9,28,76,0.368,5,20,0.25,18,24,0.75,3.4347826086956523,1.6521739130434783,0.6956521739130435,0.30434782608695654,0.08695652173913043,0.391304347826087,8.819057971014493,14.021018380812304,6.744287322416045,2.8396999252278086,0.45633086876155265,Skyline HS (TX),USA,2005,2,34,0,34.0
101112,Channing Frye,2005-06,23.0,65,1572.355,802,374,53,30,47,97,305,640,0.477,3,9,0.333,189,229,0.825,12.338461538461539,5.753846153846154,0.8153846153846154,0.46153846153846156,0.7230769230769231,1.4923076923076923,24.190076923076923,18.362265518919074,8.562951750717872,1.213466424566971,0.5413359252659431,Arizona,USA,2005,1,8,0,8.0
101111,Charlie Villanueva,2005-06,21.0,81,2361.0066666666667,1053,521,88,60,63,99,435,940,0.463,70,214,0.327,113,160,0.706,13.0,6.432098765432099,1.0864197530864197,0.7407407407407407,0.7777777777777778,1.2222222222222223,29.1482304526749,16.05586317700642,7.944069055289976,1.3418005314117425,0.5210807600950119,Connecticut,USA,2005,1,7,0,7.0
101108,Chris Paul,2005-06,21.0,78,2808.475,1258,400,611,175,6,183,407,947,0.43,50,177,0.282,394,465,0.847,16.128205128205128,5.128205128205129,7.833333333333333,2.2435897435897436,0.07692307692307693,2.3461538461538463,36.00608974358974,16.12547734980728,5.127337790081806,7.8320084743499585,0.5461965960402918,Wake Forest,USA,2005,1,4,1,4.0
101147,Chris Taft,2005-06,21.0,17,143.91166666666666,47,36,2,2,6,2,23,38,0.605,0,0,0.0,1,6,0.167,2.764705882352941,2.1176470588235294,0.11764705882352941,0.11764705882352941,0.35294117647058826,0.11764705882352941,8.465392156862745,11.757212178767068,9.00552422203435,0.5003069012241306,0.578248031496063,Pittsburgh,USA,2005,2,42,0,42.0
101236,Chuck Hayes,2005-06,23.0,40,535.1883333333334,147,179,14,26,14,12,59,105,0.562,0,1,0.0,29,45,0.644,3.675,4.475,0.35,0.65,0.35,0.3,13.379708333333335,9.888107924624663,12.040621214338877,0.941724564249968,0.5889423076923077,Kentucky,USA,Undrafted,Undrafted,Undrafted,0,61.0
101137,Daniel Ewing,2005-06,23.0,66,971.1533333333333,252,85,84,37,6,57,97,255,0.38,22,78,0.282,36,46,0.783,3.8181818181818183,1.2878787878787878,1.2727272727272727,0.5606060606060606,0.09090909090909091,0.8636363636363636,14.714444444444444,9.341470279324241,3.1508927529466684,3.1138234264414133,0.4577822990844354,Duke,USA,2005,2,32,0,32.0
101122,Danny Granger,2005-06,23.0,78,1765.335,587,384,90,58,62,80,221,478,0.462,30,93,0.323,115,148,0.777,7.5256410256410255,4.923076923076923,1.1538461538461537,0.7435897435897436,0.7948717948717948,1.0256410256410255,22.6325,11.97053250516191,7.830808316835048,1.8353456992582144,0.5403962291942849,New Mexico,USA,2005,1,17,1,17.0
101135,David Lee,2005-06,23.0,67,1128.5233333333333,345,302,43,30,20,51,137,229,0.598,0,0,0.0,71,123,0.577,5.149253731343284,4.507462686567164,0.6417910447761194,0.44776119402985076,0.29850746268656714,0.7611940298507462,16.843631840796018,11.005532303275372,9.633828277070036,1.3717040262053362,0.6092822831308279,Florida,USA,2005,1,30,1,30.0
101184,Deng Gai,2005-06,24.0,2,4.7683333333333335,0,0,0,0,0,0,0,0,0.0,0,0,0.0,0,0,0.0,0.0,0.0,0.0,0.0,0.0,0.0,2.3841666666666668,0.0,0.0,0.0,,Fairfield,South Sudan,Undrafted,Undrafted,Undrafted,0,61.0
101114,Deron Williams,2005-06,22.0,80,2306.633333333333,864,194,359,60,17,145,339,805,0.421,91,219,0.416,95,135,0.704,10.8,2.425,4.4875,0.75,0.2125,1.8125,28.832916666666666,13.484587927571209,3.027789418922239,5.602971141201463,0.4997686256362795,Illinois,USA,2005,1,3,1,3.0
2583,Derrick Zimmerman,2005-06,24.0,2,31.883333333333333,4,4,7,0,0,4,2,3,0.667,0,0,0.0,0,0,0.0,2.0,2.0,3.5,0.0,0.0,2.0,15.941666666666666,4.516466283324622,4.516466283324622,7.903815995818087,0.6666666666666666,Mississippi State,USA,2003,2,40,0,40.0
101209,Devin Green,2005-06,23.0,27,134.61333333333334,25,24,7,3,0,5,6,28,0.214,0,2,0.0,13,21,0.619,0.9259259259259259,0.8888888888888888,0.25925925925925924,0.1111111111111111,0.0,0.18518518518518517,4.985679012345679,6.68581616481775,6.418383518225039,1.8720285261489695,0.33566058002148225,Hampton,USA,Undrafted,Undrafted,Undrafted,0,61.0
101159,Dijon Thompson,2005-06,23.0,10,42.526666666666664,28,11,1,3,1,2,11,25,0.44,4,11,0.364,2,2,1.0,2.8,1.1,0.1,0.3,0.1,0.2,4.252666666666666,23.702774729581442,9.311804358049852,0.846527668913623,0.5409582689335395,UCLA,USA,2005,2,54,0,54.0
101182,Donell Taylor,2005-06,23.0,51,465.23,140,53,45,30,4,34,53,136,0.39,4,17,0.235,30,43,0.698,2.7450980392156863,1.0392156862745099,0.8823529411764706,0.5882352941176471,0.0784313725490196,0.6666666666666666,9.122156862745099,10.833351245620445,4.101197257270597,3.482148614663714,0.4518461141234185,Alabama-Birmingham,USA,Undrafted,Undrafted,Undrafted,0,61.0
101204,Dwayne Jones,2005-06,23.0,14,86.51333333333334,14,31,2,1,3,3,4,10,0.4,0,0,0.0,6,13,0.462,1.0,2.2142857142857144,0.14285714285714285,0.07142857142857142,0.21428571428571427,0.21428571428571427,6.179523809523809,5.8256916082299455,12.899745703937736,0.8322416583185637,0.44529262086514,St. Joseph's (PA),USA,Undrafted,Undrafted,Undrafted,0,61.0
2853,Earl Barron,2005-06,24.0,8,44.873333333333335,13,10,0,0,0,5,5,16,0.313,0,0,0.0,3,4,0.75,1.625,1.25,0.0,0.0,0.0,0.625,5.609166666666667,10.429356707770019,8.022582082900016,0.0,0.36599099099099097,Memphis,USA,Undrafted,Undrafted,Undrafted,0,61.0
101188,Eddie Basden,2005-06,23.0,19,141.20833333333334,39,28,8,9,2,9,15,37,0.405,1,7,0.143,8,10,0.8,2.0526315789473686,1.4736842105263157,0.42105263157894735,0.47368421052631576,0.10526315789473684,0.47368421052631576,7.43201754385965,9.942755975213927,7.1383889052817935,2.0395396872233693,0.4710144927536232,North Carolina-Charlotte,USA,Undrafted,Undrafted,Undrafted,0,61.0
101212,Esteban Batista,2005-06,22.0,57,494.88166666666666,101,144,7,15,11,38,34,80,0.425,0,1,0.0,33,53,0.623,1.7719298245614035,2.526315789473684,0.12280701754385964,0.2631578947368421,0.19298245614035087,0.6666666666666666,8.682134502923976,7.347210949418885,10.475231452636825,0.5092126400587346,0.48877274487030586,Trouville,Uruguay,Undrafted,Undrafted,Undrafted,0,61.0
101177,Fabricio Oberto,2005-06,31.0,59,489.86333333333334,103,123,27,9,11,28,44,93,0.473,0,2,0.0,15,27,0.556,1.7457627118644068,2.0847457627118646,0.4576271186440678,0.15254237288135594,0.1864406779661017,0.4745762711864407,8.30276836158192,7.569458148190992,9.039255846868855,1.9842268932151144,0.4910373760488177,Valencia,Argentina,Undrafted,Undrafted,Undrafted,0,61.0
101128,Francisco Garcia,2005-06,24.0,67,1301.22,377,185,94,41,47,75,130,325,0.4,39,137,0.285,78,101,0.772,5.626865671641791,2.7611940298507465,1.4029850746268657,0.6119402985074627,0.7014925373134329,1.1194029850746268,19.421194029850746,10.43021164753078,5.118273620141099,2.600636325909531,0.5102317020355132,Louisville,Dominican Republic,2005,1,23,0,23.0
2809,Gerald Fitch,2005-06,23.0,18,239.45166666666665,84,30,33,7,5,15,30,89,0.337,7,26,0.269,17,23,0.739,4.666666666666667,1.6666666666666667,1.8333333333333333,0.3888888888888889,0.2777777777777778,0.8333333333333334,13.30287037037037,12.628853422054556,4.510304793590913,4.961335272950004,0.423728813559322,Kentucky,USA,Undrafted,Undrafted,Undrafted,0,61.0
101123,Gerald Green,2005-06,20.0,32,373.68,167,41,18,13,4,22,66,138,0.478,6,20,0.3,29,37,0.784,5.21875,1.28125,0.5625,0.40625,0.125,0.6875,11.6775,16.088631984585742,3.94990366088632,1.7341040462427746,0.5412237490277417,No College,USA,2005,1,18,0,18.0
101124,Hakim Warrick,2005-06,23.0,68,724.015,278,144,30,14,21,56,101,228,0.443,0,0,0.0,76,115,0.661,4.088235294117647,2.1176470588235294,0.4411764705882353,0.20588235294117646,0.3088235294117647,0.8235294117647058,10.647279411764705,13.822918033466157,7.160072650428513,1.491681802172607,0.49892318736539837,Syracuse,USA,2005,1,19,0,19.0
101113,Ike Diogu,2005-06,22.0,69,1031.4083333333333,486,229,29,15,30,78,175,334,0.524,0,0,0.0,136,168,0.81,7.043478260869565,3.318840579710145,0.42028985507246375,0.21739130434782608,0.43478260869565216,1.1304347826086956,14.94794685990338,16.963213728801236,7.992954617068895,1.0122082266157115,0.5957050402039615,Arizona State,USA,2005,1,9,0,9.0
101189,James Singleton,2005-06,24.0,59,753.1883333333334,203,197,29,19,21,28,77,151,0.51,10,20,0.5,39,50,0.78,3.440677966101695,3.3389830508474576,0.4915254237288136,0.3220338983050847,0.3559322033898305,0.4745762711864407,12.76590395480226,9.70275252094983,9.415971658261656,1.3861075029928327,0.5867052023121387,Murray State,USA,Undrafted,Undrafted,Undrafted,0,61.0
101127,Jarrett Jack,2005-06,22.0,79,1598.8116666666667,526,160,219,41,2,102,189,428,0.442,20,76,0.263,128,160,0.8,6.658227848101266,2.0253164556962027,2.7721518987341773,0.5189873417721519,0.02531645569620253,1.2911392405063291,20.2381223628692,11.843796486348715,3.602675737292385,4.931162415418951,0.5276886035313002,Georgia Tech,USA,2005,1,22,0,22.0
101131,Jason Maxiell,2005-06,23.0,26,158.76666666666668,60,28,3,4,5,11,23,54,0.426,0,0,0.0,14,42,0.333,2.3076923076923075,1.0769230769230769,0.11538461538461539,0.15384615384615385,0.19230769230769232,0.4230769230769231,6.106410256410257,13.604870879697668,6.348939743858912,0.6802435439848834,0.4139072847682119,Cincinnati,USA,2005,1,26,0,26.0
101121,Joey Graham,2005-06,24.0,80,1580.6016666666667,533,244,60,37,13,92,198,414,0.478,29,87,0.333,108,133,0.812,6.6625,3.05,0.75,0.4625,0.1625,1.15,19.757520833333334,12.139680986459798,5.557377412187975,1.3665682161117971,0.5639972911199527,Oklahoma State,USA,2005,1,16,0,16.0
101130,Johan Petro,2005-06,20.0,68,1282.2733333333333,353,296,15,25,51,60,153,300,0.51,0,0,0.0,47,75,0.627,5.1911764705882355,4.352941176470588,0.22058823529411764,0.36764705882352944,0.75,0.8823529411764706,18.856960784313724,9.910523497330264,8.310240666316595,0.42112706079307066,0.53003003003003,Pau Orthez,France,2005,1,25,0,25.0
101249,John Lucas III,2005-06,23.0,13,106.64166666666667,30,5,12,5,0,7,14,36,0.389,2,9,0.222,0,0,0.0,2.3076923076923075,0.38461538461538464,0.9230769230769231,0.38461538461538464,0.0,0.5384615384615384,8.203205128205129,10.127373603188246,1.6878956005313746,4.050949441275299,0.4166666666666667,Oklahoma State,USA,Undrafted,Undrafted,Undrafted,0,61.0
101181,Jose Calderon,2005-06,24.0,64,1486.7416666666666,349,141,288,42,4,101,132,312,0.423,7,43,0.163,78,92,0.848,5.453125,2.203125,4.5,0.65625,0.0625,1.578125,23.230338541666665,8.45069475194637,3.4141775358866426,6.973639222236547,0.49506354970494776,Tau Ceramica,Spain,Undrafted,Undrafted,Undrafted,0,61.0
2694,Josh Powell,2005-06,23.0,37,429.0283333333333,110,81,9,7,4,22,37,81,0.457,0,0,0.0,36,45,0.8,2.972972972972973,2.189189189189189,0.24324324324324326,0.1891891891891892,0.10810810810810811,0.5945945945945946,11.59536036036036,9.230159624267241,6.79675390514224,0.7551948783491379,0.5456349206349207,North Carolina State,USA,Undrafted,Undrafted,Undrafted,0,61.0
101125,Julius Hodge,2005-06,22.0,14,33.016666666666666,13,7,6,2,0,8,5,13,0.385,0,0,0.0,3,8,0.375,0.9285714285714286,0.5,0.42857142857142855,0.14285714285714285,0.0,0.5714285714285714,2.3583333333333334,14.174659262998485,7.6325088339222615,6.542150429076225,0.3934624697336562,North Carolina State,USA,2005,1,20,0,20.0
101207,Kevin Burleson,2005-06,27.0,39,340.18333333333334,70,26,48,26,2,25,22,88,0.25,10,54,0.185,16,17,0.941,1.794871794871795,0.6666666666666666,1.2307692307692308,0.6666666666666666,0.05128205128205128,0.6410256410256411,8.722649572649573,7.407770319925531,2.7514575474009115,5.079613933663221,0.36656891495601174,Minnesota,USA,Undrafted,Undrafted,Undrafted,0,61.0
101160,Lawrence Roberts,2005-06,23.0,33,180.75833333333333,51,49,5,8,2,5,20,44,0.455,0,2,0.0,11,23,0.478,1.5454545454545454,1.4848484848484849,0.15151515151515152,0.24242424242424243,0.06060606060606061,0.15151515151515152,5.477525252525252,10.157208058641833,9.758886173989213,0.9958047116315523,0.47117516629711753,Mississippi State,USA,2005,2,55,0,55.0
101132,Linas Kleiza,2005-06,21.0,61,518.9433333333334,213,116,15,10,13,16,77,173,0.445,2,13,0.154,57,81,0.704,3.4918032786885247,1.901639344262295,0.2459016393442623,0.16393442622950818,0.21311475409836064,0.26229508196721313,8.507267759562842,14.77617980126282,8.047121394114964,1.0405760423424522,0.5104486196319019,Missouri,Lithuania,2005,1,27,0,27.0
101150,Lou Williams,2005-06,19.0,30,144.70333333333335,56,19,10,5,0,13,23,52,0.442,2,9,0.222,8,13,0.615,1.8666666666666667,0.6333333333333333,0.3333333333333333,0.16666666666666666,0.0,0.43333333333333335,4.823444444444445,13.931952730874663,4.726912533689617,2.4878487019419038,0.4851004851004851,South Gwinnett HS (GA),USA,2005,2,45,0,45.0
101195,Luke Schenscher,2005-06,24.0,20,148.58333333333334,36,29,7,1,3,5,16,26,0.615,0,0,0.0,4,13,0.308,1.8,1.45,0.35,0.05,0.15,0.25,7.429166666666667,8.722378014582164,7.026360067302298,1.6960179472798653,0.5674653215636822,Georgia Tech,USA,Undrafted,Undrafted,Undrafted,0,61.0
101129,Luther Head,2005-06,23.0,80,2309.971666666667,707,266,215,89,9,119,254,630,0.403,113,313,0.361,86,123,0.699,8.8375,3.325,2.6875,1.1125,0.1125,1.4875,28.874645833333336,11.018316963483679,4.1455053922017795,3.3506904485841456,0.5167222124773432,Illinois,USA,2005,1,24,0,24.0
101110,Martell Webster,2005-06,19.0,61,1070.0,404,130,34,21,14,43,139,348,0.399,65,182,0.357,61,71,0.859,6.622950819672131,2.1311475409836067,0.5573770491803278,0.3442622950819672,0.22950819672131148,0.7049180327868853,17.540983606557376,13.59252336448598,4.373831775700935,1.1439252336448598,0.5326442358401012,Seattle Preparatory HS (WA),USA,2005,1,6,0,6.0
101149,Martynas Andriuskevicius,2005-06,20.0,6,9.366666666666667,0,4,0,2,0,0,0,1,0.0,0,0,0.0,0,0,0.0,0.0,0.6666666666666666,0.0,0.3333333333333333,0.0,0.0,1.5611111111111111,0.0,15.373665480427045,0.0,0.0,Zalgiris,Lithuania,2005,2,44,0,44.0
101107,Marvin Williams,2005-06,20.0,79,1952.2616666666668,672,383,63,48,24,83,235,531,0.443,13,53,0.245,189,253,0.747,8.50632911392405,4.848101265822785,0.7974683544303798,0.6075949367088608,0.3037974683544304,1.0506329113924051,24.71217299578059,12.391781497869564,7.062577847744112,1.1617295154252718,0.5231037489102005,North Carolina,USA,2005,1,2,0,2.0
101190,Matt Walsh,2005-06,23.0,2,3.3833333333333333,2,0,0,0,0,1,1,1,1.0,0,0,0.0,0,2,0.0,1.0,0.0,0.0,0.0,0.0,0.5,1.6916666666666667,21.280788177339904,0.0,0.0,0.5319148936170213,Florida,USA,Undrafted,Undrafted,Undrafted,0,61.0
2684,Melvin Sanders,2005-06,25.0,16,112.93,41,23,3,5,0,8,16,33,0.485,2,3,0.667,7,10,0.7,2.5625,1.4375,0.1875,0.3125,0.0,0.5,7.058125,13.07004338971044,7.331975560081466,0.9563446382714955,0.5481283422459893,Oklahoma State,USA,Undrafted,Undrafted,Undrafted,0,61.0
101145,Monta Ellis,2005-06,20.0,49,885.965,334,105,78,32,11,58,132,318,0.415,28,82,0.341,42,59,0.712,6.816326530612245,2.142857142857143,1.5918367346938775,0.6530612244897959,0.22448979591836735,1.183673469387755,18.08091836734694,13.571642220629482,4.266534231036214,3.169425428769759,0.4855215722758461,Lanier HS (MS),USA,2005,2,40,0,40.0
101126,Nate Robinson,2005-06,22.0,72,1543.6516666666666,670,167,147,59,1,114,230,565,0.407,58,146,0.397,152,202,0.752,9.305555555555555,2.3194444444444446,2.0416666666666665,0.8194444444444444,0.013888888888888888,1.5833333333333333,21.43960648148148,15.62528679289693,3.894661036438489,3.4282345650087294,0.5123264207499847,Washington,USA,2005,1,21,0,21.0
101230,Noel Felix,2005-06,24.0,12,81.61333333333333,18,13,2,2,3,8,6,25,0.24,1,3,0.333,5,8,0.625,1.5,1.0833333333333333,0.16666666666666666,0.16666666666666666,0.25,0.6666666666666666,6.801111111111111,7.939879104721451,5.734357131187714,0.8822087894134947,0.3155680224403927,Fresno State,USA,Undrafted,Undrafted,Undrafted,0,61.0
101158,Orien Greene,2005-06,24.0,80,1234.59,254,145,129,77,10,109,100,253,0.395,9,40,0.225,45,68,0.662,3.175,1.8125,1.6125,0.9625,0.125,1.3625,15.432374999999999,7.4065074235171195,4.228124316574734,3.7615726678492454,0.4488901456242047,Louisiana-Lafayette,USA,2005,2,53,0,53.0
2450,Randy Holcomb,2005-06,26.0,4,10.52,2,1,0,0,0,0,1,1,1.0,0,0,0.0,0,0,0.0,0.5,0.25,0.0,0.0,0.0,0.0,2.63,6.844106463878328,3.422053231939164,0.0,1.0,San Diego State,USA,2002,2,56,0,56.0
101119,Rashad McCants,2005-06,21.0,79,1362.2433333333333,627,143,63,44,22,86,241,535,0.45,67,180,0.372,78,106,0.736,7.936708860759493,1.8101265822784811,0.7974683544303798,0.5569620253164557,0.27848101265822783,1.0886075949367089,17.243586497890295,16.569726896565225,3.7790605202692618,1.6649007886500944,0.5389931916649474,North Carolina,USA,2005,1,14,0,14.0
101185,Rawle Marshall,2005-06,24.0,23,241.3,71,31,10,8,7,15,24,60,0.4,1,3,0.333,22,29,0.759,3.0869565217391304,1.3478260869565217,0.43478260869565216,0.34782608695652173,0.30434782608695654,0.6521739130434783,10.491304347826087,10.592623290509739,4.624948197264815,1.491918773311231,0.4879054425508521,Oakland,USA,Undrafted,Undrafted,Undrafted,0,61.0
101109,Raymond Felton,2005-06,22.0,80,2405.7083333333335,948,265,446,102,8,182,345,883,0.391,97,271,0.358,161,222,0.725,11.85,3.3125,5.575,1.275,0.1,2.275,30.07135416666667,14.186258378509448,3.9655680066508476,6.674125777231238,0.4833380919362075,North Carolina,USA,2005,1,5,0,5.0
101156,Robert Whaley,2005-06,24.0,23,211.83,49,43,17,7,8,14,23,57,0.404,0,0,0.0,3,6,0.5,2.130434782608696,1.8695652173913044,0.7391304347826086,0.30434782608695654,0.34782608695652173,0.6086956521739131,9.21,8.327432375017702,7.307746778076759,2.8891091913326723,0.4107981220657277,Walsh,USA,2005,2,51,0,51.0
101179,Ronnie Price,2005-06,23.0,29,149.95833333333334,60,15,11,6,0,10,21,58,0.362,6,27,0.222,12,12,1.0,2.0689655172413794,0.5172413793103449,0.3793103448275862,0.20689655172413793,0.0,0.3448275862068966,5.170977011494253,14.404001111419838,3.6010002778549595,2.6407335370936367,0.4740834386852086,Utah Valley,USA,Undrafted,Undrafted,Undrafted,0,61.0
101142,Ronny Turiaf,2005-06,23.0,23,161.23,45,37,8,3,10,7,15,30,0.5,0,0,0.0,15,27,0.556,1.9565217391304348,1.608695652173913,0.34782608695652173,0.13043478260869565,0.43478260869565216,0.30434782608695654,7.01,10.047757861440179,8.261489797184147,1.786268064256032,0.5372492836676217,Gonzaga,France,2005,2,37,0,37.0
101155,Ryan Gomes,2005-06,23.0,61,1376.235,461,298,58,35,5,55,173,355,0.487,3,9,0.333,112,149,0.752,7.557377049180328,4.885245901639344,0.9508196721311475,0.5737704918032787,0.08196721311475409,0.9016393442622951,22.56122950819672,12.058987018932088,7.795180328940916,1.5171827485858158,0.5480787521400038,Providence,USA,2005,2,50,0,50.0
101136,Salim Stoudamire,2005-06,23.0,61,1236.0583333333334,589,116,75,27,3,82,204,492,0.415,82,216,0.38,99,110,0.9,9.655737704918034,1.901639344262295,1.2295081967213115,0.4426229508196721,0.04918032786885246,1.3442622950819672,20.26325136612022,17.154530193423987,3.378481328416269,2.1843629278553465,0.5449666913397484,Arizona,USA,2005,2,31,0,31.0
101180,Sarunas Jasikevicius,2005-06,30.0,75,1557.2833333333333,547,153,227,40,4,116,170,429,0.396,86,236,0.364,121,133,0.91,7.293333333333333,2.04,3.026666666666667,0.5333333333333333,0.05333333333333334,1.5466666666666666,20.763777777777776,12.645097766409453,3.5369286257050203,5.2475999871571215,0.5610026255333115,Maryland,Lithuania,Undrafted,Undrafted,Undrafted,0,61.0
101118,Sean May,2005-06,22.0,23,398.4316666666667,189,109,22,17,12,33,70,171,0.409,0,5,0.0,49,64,0.766,8.217391304347826,4.739130434782608,0.9565217391304348,0.7391304347826086,0.5217391304347826,1.434782608695652,17.323115942028984,17.076955897916413,9.848614777105233,1.9877938082230746,0.47449287005422774,North Carolina,USA,2005,1,13,0,13.0
2752,Sergei Monia,2005-06,23.0,26,343.06333333333333,77,52,19,7,5,12,29,87,0.333,9,34,0.265,10,14,0.714,2.9615384615384617,2.0,0.7307692307692307,0.2692307692307692,0.19230769230769232,0.46153846153846156,13.19474358974359,8.080140693166472,5.456718390190344,1.9938009502618566,0.4132674967797338,CSKA Moscow,Russia,2004,1,23,0,23.0
101213,Sharrod Ford,2005-06,24.0,3,13.033333333333333,4,3,0,0,1,2,2,3,0.667,0,0,0.0,0,0,0.0,1.3333333333333333,1.0,0.0,0.0,0.3333333333333333,0.6666666666666666,4.344444444444444,11.048593350383632,8.286445012787723,0.0,0.6666666666666666,Clemson,USA,Undrafted,Undrafted,Undrafted,0,61.0
101183,Shavlik Randolph,2005-06,22.0,57,486.9166666666667,131,133,19,19,12,21,44,97,0.454,0,0,0.0,43,71,0.606,2.2982456140350878,2.3333333333333335,0.3333333333333333,0.3333333333333333,0.21052631578947367,0.3684210526315789,8.542397660818715,9.685435563922642,9.833304809173368,1.40475782988191,0.5107610729881472,Duke,USA,Undrafted,Undrafted,Undrafted,0,61.0
101211,Stephen Graham,2005-06,24.0,22,174.795,58,27,7,5,2,13,21,54,0.389,2,10,0.2,14,15,0.933,2.6363636363636362,1.2272727272727273,0.3181818181818182,0.22727272727272727,0.09090909090909091,0.5909090909090909,7.945227272727272,11.945421779799194,5.560799794044453,1.4416888354930062,0.4785478547854785,Oklahoma State,USA,Undrafted,Undrafted,Undrafted,0,61.0
101143,Travis Diener,2005-06,24.0,23,245.965,88,21,16,7,0,10,29,69,0.42,25,57,0.439,5,6,0.833,3.8260869565217392,0.9130434782608695,0.6956521739130435,0.30434782608695654,0.0,0.43478260869565216,10.69413043478261,12.879881283922508,3.073608033663326,2.3417965970768195,0.6141820212171971,Marquette,USA,2005,2,38,0,38.0
101144,Von Wafer,2005-06,20.0,16,72.75833333333334,20,8,4,3,0,1,6,38,0.158,2,17,0.118,6,8,0.75,1.25,0.5,0.25,0.1875,0.0,0.0625,4.547395833333334,9.895773679990837,3.9583094719963348,1.9791547359981674,0.24084778420038533,Florida State,USA,2005,2,39,0,39.0
101134,Wayne Simien,2005-06,23.0,43,414.27666666666664,146,88,7,13,1,24,58,120,0.483,0,0,0.0,30,34,0.882,3.395348837209302,2.046511627906977,0.16279069767441862,0.3023255813953488,0.023255813953488372,0.5581395348837209,9.634341085271318,12.687173627929806,7.647063556560431,0.6082891465445798,0.5409010077059869,Kansas,USA,2005,1,29,0,29.0
101198,Will Bynum,2005-06,23.0,15,162.31833333333333,54,12,19,7,0,14,21,52,0.404,2,9,0.222,10,16,0.625,3.6,0.8,1.2666666666666666,0.4666666666666667,0.0,0.9333333333333333,10.821222222222222,11.976465997884816,2.661436888418848,4.213941739996509,0.4573170731707317,Georgia Tech,USA,Undrafted,Undrafted,Undrafted,0,61.0
101117,Yaroslav Korolev,2005-06,19.0,24,126.99666666666667,27,13,9,3,0,6,9,30,0.3,2,7,0.286,7,10,0.7,1.125,0.5416666666666666,0.375,0.125,0.0,0.25,5.291527777777778,7.653744192760965,3.6851360928108345,2.551248064253655,0.3924418604651163,CSKA Moscow,Russia,2005,1,12,0,12.0
200747,Adam Morrison,2006-07,22.0,78,2325.83,917,230,163,28,6,130,355,944,0.376,87,258,0.337,120,169,0.71,11.756410256410257,2.948717948717949,2.08974358974359,0.358974358974359,0.07692307692307693,1.6666666666666667,29.81833333333333,14.193642699595413,3.5600194339225135,2.522970294475521,0.4502337091009073,Gonzaga,USA,2006,1,3,0,3.0
200792,Alexander Johnson,2006-07,24.0,59,752.6716666666666,260,181,17,25,35,47,91,169,0.538,0,0,0.0,78,118,0.661,4.406779661016949,3.0677966101694913,0.288135593220339,0.423728813559322,0.5932203389830508,0.7966101694915254,12.757146892655367,12.435701268592105,8.657161267750658,0.8131035444848684,0.5884483070794857,Florida State,USA,2006,2,45,0,45.0
200810,Allan Ray,2006-07,23.0,47,709.6083333333333,290,69,43,20,3,42,100,259,0.386,48,116,0.414,42,55,0.764,6.170212765957447,1.4680851063829787,0.9148936170212766,0.425531914893617,0.06382978723404255,0.8936170212765957,15.098049645390072,14.712341315044684,3.5005225887520113,2.1814850915411084,0.5120056497175142,Villanova,USA,Undrafted,Undrafted,Undrafted,0,61.0
2810,Andre Brown,2006-07,26.0,38,270.92333333333335,93,74,2,6,4,29,42,74,0.568,0,1,0.0,9,15,0.6,2.4473684210526314,1.9473684210526316,0.05263157894736842,0.15789473684210525,0.10526315789473684,0.7631578947368421,7.129561403508772,12.357739581923546,9.83304009744454,0.2657578404714741,0.576923076923077,DePaul,USA,Undrafted,Undrafted,Undrafted,0,61.0
200745,Andrea Bargnani,2006-07,21.0,65,1629.45,751,255,50,32,53,107,267,625,0.427,100,268,0.373,117,142,0.824,11.553846153846154,3.923076923076923,0.7692307692307693,0.49230769230769234,0.8153846153846154,1.646153846153846,25.068461538461538,16.592101629384146,5.633802816901408,1.104667219000276,0.5461977075696748,Benetton Treviso,Italy,2006,1,1,0,1.0
2601,Andreas Glyniadakis,2006-07,25.0,13,80.55833333333334,17,8,1,0,0,9,8,17,0.471,0,0,0.0,1,2,0.5,1.3076923076923077,0.6153846153846154,0.07692307692307693,0.0,0.0,0.6923076923076923,6.196794871794872,7.596979414502948,3.5750491362366814,0.4468811420295852,0.4753914988814318,AEK Athens,Greece,2003,2,58,0,58.0
200784,Bobby Jones,2006-07,23.0,44,335.48833333333334,110,57,16,11,1,18,43,93,0.462,1,9,0.111,23,41,0.561,2.5,1.2954545454545454,0.36363636363636365,0.25,0.022727272727272728,0.4090909090909091,7.624734848484849,11.803689149647528,6.116457104817355,1.7169002399487314,0.49531700288184444,Washington,USA,2006,2,37,0,37.0
200750,Brandon Roy,2006-07,22.0,57,2014.5066666666667,955,250,230,67,10,116,349,765,0.456,55,146,0.377,202,241,0.838,16.75438596491228,4.385964912280702,4.035087719298246,1.1754385964912282,0.17543859649122806,2.0350877192982457,35.34222222222222,17.06621306788097,4.467595043947898,4.110187440432066,0.5481952608376194,Washington,USA,2006,1,6,1,6.0
200841,Cedric Bozeman,2006-07,24.0,23,198.98666666666668,26,23,9,5,2,9,11,39,0.282,2,13,0.154,2,6,0.333,1.1304347826086956,1.0,0.391304347826087,0.21739130434782608,0.08695652173913043,0.391304347826087,8.65159420289855,4.7038327526132395,4.161082819619405,1.6282497989815061,0.3121998078770413,UCLA,USA,Undrafted,Undrafted,Undrafted,0,61.0
200759,Cedric Simmons,2006-07,21.0,43,533.9433333333334,126,107,12,8,23,22,55,132,0.417,0,0,0.0,16,33,0.485,2.9302325581395348,2.488372093023256,0.27906976744186046,0.18604651162790697,0.5348837209302325,0.5116279069767442,12.417286821705428,8.4952835194746,7.21424870304589,0.809074620902343,0.4299754299754299,North Carolina State,USA,2006,1,15,0,15.0
200840,Chris McCray,2006-07,23.0,5,11.786666666666667,0,0,0,0,0,2,0,3,0.0,0,0,0.0,0,0,0.0,0.0,0.0,0.0,0.0,0.0,0.4,2.3573333333333335,0.0,0.0,0.0,0.0,Maryland,USA,Undrafted,Undrafted,Undrafted,0,61.0
200809,Chris Quinn,2006-07,23.0,42,407.90833333333336,141,30,65,15,0,21,48,131,0.366,20,57,0.351,25,37,0.676,3.357142857142857,0.7142857142857143,1.5476190476190477,0.35714285714285715,0.0,0.5,9.712103174603175,12.443972297697602,2.647653680361192,5.736582974115916,0.4786800651819663,Notre Dame,USA,Undrafted,Undrafted,Undrafted,0,61.0
200783,Craig Smith,2006-07,23.0,82,1536.565,608,415,49,51,18,74,246,463,0.531,0,6,0.0,116,186,0.624,7.414634146341464,5.060975609756097,0.5975609756097561,0.6219512195121951,0.21951219512195122,0.9024390243902439,18.73859756097561,14.244760228171277,9.722986011005066,1.1480152157572248,0.5579619704867483,Boston College,USA,2006,2,36,0,36.0
200806,Damir Markota,2006-07,21.0,30,170.39,51,31,6,3,1,15,19,52,0.365,6,16,0.375,7,11,0.636,1.7,1.0333333333333334,0.2,0.1,0.03333333333333333,0.5,5.679666666666666,10.775280239450673,6.549680145548448,1.2676800281706673,0.4486277269528501,Cibona,Croatia,2006,2,59,0,59.0
200789,Daniel Gibson,2006-07,21.0,60,987.575,276,92,69,23,8,44,98,231,0.424,52,124,0.419,28,39,0.718,4.6,1.5333333333333334,1.15,0.38333333333333336,0.13333333333333333,0.7333333333333333,16.459583333333335,10.061008024706982,3.3536693415689944,2.5152520061767456,0.5560928433268859,Texas,USA,2006,2,42,0,42.0
200786,David Noel,2006-07,23.0,68,791.7116666666667,184,123,65,25,9,40,65,177,0.367,17,53,0.321,37,43,0.86,2.7058823529411766,1.8088235294117647,0.9558823529411765,0.36764705882352944,0.1323529411764706,0.5882352941176471,11.64281862745098,8.366682314899995,5.592945243112497,2.955621469937498,0.4695794201714985,North Carolina,USA,2006,2,39,0,39.0
200793,Dee Brown,2006-07,22.0,49,449.53333333333336,94,40,83,22,7,31,32,98,0.327,6,28,0.214,24,37,0.649,1.9183673469387754,0.8163265306122449,1.6938775510204083,0.4489795918367347,0.14285714285714285,0.6326530612244898,9.174149659863946,7.527806614266646,3.203321963517722,6.646893074299273,0.4112705635281764,Illinois,USA,2006,2,46,0,46.0
2824,Desmon Farmer,2006-07,25.0,8,31.81,13,1,9,1,0,1,5,15,0.333,2,8,0.25,1,1,1.0,1.625,0.125,1.125,0.125,0.0,0.125,3.97625,14.712354605469978,1.1317195850361523,10.185476265325368,0.4209844559585492,Southern California,USA,Undrafted,Undrafted,Undrafted,0,61.0
101141,Ersan Ilyasova,2006-07,20.0,66,972.9733333333334,402,189,49,27,17,51,139,363,0.383,54,148,0.365,70,89,0.787,6.090909090909091,2.8636363636363638,0.7424242424242424,0.4090909090909091,0.25757575757575757,0.7727272727272727,14.742020202020202,14.873994491113152,6.992997410000959,1.8129993285187673,0.4998010741993236,FC Barcelona,Turkey,2005,2,36,0,36.0
200801,Hassan Adams,2006-07,23.0,61,495.45166666666665,174,77,13,17,4,22,75,135,0.556,0,1,0.0,24,36,0.667,2.8524590163934427,1.2622950819672132,0.21311475409836064,0.2786885245901639,0.06557377049180328,0.36065573770491804,8.122158469945354,12.643009240726474,5.594894893884705,0.9445926444220929,0.5767700875099443,Arizona,USA,2006,2,54,0,54.0
200756,Hilton Armstrong,2006-07,22.0,56,634.2066666666667,176,149,10,12,26,35,68,125,0.544,0,0,0.0,40,67,0.597,3.142857142857143,2.6607142857142856,0.17857142857142858,0.21428571428571427,0.4642857142857143,0.625,11.325119047619049,9.990434243306598,8.457810808253882,0.5676383092787839,0.5696530295183843,Connecticut,USA,2006,1,12,0,12.0
200829,Ivan McFarlin,2006-07,25.0,11,41.305,15,11,1,0,0,1,5,13,0.385,0,1,0.0,5,7,0.714,1.3636363636363635,1.0,0.09090909090909091,0.0,0.0,0.09090909090909091,3.755,13.073477787192834,9.587217043941411,0.8715651858128556,0.46641791044776126,Oklahoma State,USA,Undrafted,Undrafted,Undrafted,0,61.0
200826,J.J. Barea,2006-07,23.0,33,191.295,78,25,24,1,1,14,28,78,0.359,6,21,0.286,16,24,0.667,2.3636363636363638,0.7575757575757576,0.7272727272727273,0.030303030303030304,0.030303030303030304,0.42424242424242425,5.796818181818182,14.678899082568808,4.704775346977183,4.516584333098095,0.44037940379403795,Northeastern,Puerto Rico,Undrafted,Undrafted,Undrafted,0,61.0
200755,JJ Redick,2006-07,23.0,42,622.32,252,52,36,12,0,21,80,195,0.41,38,98,0.388,54,60,0.9,6.0,1.2380952380952381,0.8571428571428571,0.2857142857142857,0.0,0.5,14.817142857142859,14.577709217123022,3.008098727342846,2.082529888160432,0.5691056910569106,Duke,USA,2006,1,11,0,11.0
200788,James Augustine,2006-07,23.0,2,7.316666666666666,2,3,2,0,0,0,1,3,0.333,0,0,0.0,0,0,0.0,1.0,1.5,1.0,0.0,0.0,0.0,3.658333333333333,9.840546697038725,14.760820045558088,9.840546697038725,0.3333333333333333,Illinois,USA,2006,2,41,0,41.0
2591,James Lang,2006-07,23.0,11,54.61833333333333,11,11,2,0,3,2,4,9,0.444,0,0,0.0,3,5,0.6,1.0,1.0,0.18181818181818182,0.0,0.2727272727272727,0.18181818181818182,4.96530303030303,7.250312776540234,7.250312776540234,1.3182386866436788,0.4910714285714286,Central Park Christian HS (AL),USA,2003,2,48,0,48.0
200778,James White,2006-07,24.0,6,136.55833333333334,50,20,5,3,1,5,18,41,0.439,2,7,0.286,12,15,0.8,8.333333333333334,3.3333333333333335,0.8333333333333334,0.5,0.16666666666666666,0.8333333333333334,22.759722222222223,13.1811802038201,5.272472081528041,1.3181180203820102,0.5252100840336135,Cincinnati,USA,2006,2,31,0,31.0
200978,Jeremy Richardson,2006-07,23.0,6,19.85,8,2,0,1,0,1,3,6,0.5,2,3,0.667,0,0,0.0,1.3333333333333333,0.3333333333333333,0.0,0.16666666666666666,0.0,0.16666666666666666,3.3083333333333336,14.5088161209068,3.6272040302267,0.0,0.6666666666666666,Delta State,USA,Undrafted,Undrafted,Undrafted,0,61.0
200770,Jordan Farmar,2006-07,20.0,72,1089.73,320,119,137,44,7,73,124,294,0.422,45,137,0.328,27,38,0.711,4.444444444444445,1.6527777777777777,1.9027777777777777,0.6111111111111112,0.09722222222222222,1.0138888888888888,15.13513888888889,10.571425949547136,3.931249024987841,4.525891734649868,0.5149330587023686,UCLA,USA,2006,1,26,0,26.0
200816,Jorge Garbajosa,2006-07,29.0,67,1909.3083333333334,567,330,125,78,15,64,222,529,0.42,66,193,0.342,57,78,0.731,8.462686567164178,4.925373134328358,1.8656716417910448,1.164179104477612,0.22388059701492538,0.9552238805970149,28.497139303482587,10.690782438666705,6.222148509276919,2.3568744353321662,0.5032663494993964,Malaga,Spain,Undrafted,Undrafted,Undrafted,0,61.0
200767,Josh Boone,2006-07,22.0,61,668.6683333333333,254,176,10,11,21,33,99,171,0.579,0,0,0.0,56,103,0.544,4.163934426229508,2.8852459016393444,0.16393442622950818,0.18032786885245902,0.3442622950819672,0.5409836065573771,10.961775956284152,13.67494098967849,9.475549662139427,0.5383835035306492,0.5870931952662722,Connecticut,USA,2006,1,23,0,23.0
200818,Justin Williams,2006-07,23.0,26,333.32,131,115,2,5,16,15,54,88,0.614,0,1,0.0,23,63,0.365,5.038461538461538,4.423076923076923,0.07692307692307693,0.19230769230769232,0.6153846153846154,0.5769230769230769,12.82,14.148565942637706,12.420496819872795,0.21600864034561384,0.5660214310404424,Wyoming,USA,Undrafted,Undrafted,Undrafted,0,61.0
101235,Kelenna Azubuike,2006-07,23.0,41,669.26,291,94,28,22,10,39,98,220,0.445,34,79,0.43,61,78,0.782,7.097560975609756,2.292682926829268,0.6829268292682927,0.5365853658536586,0.24390243902439024,0.9512195121951219,16.323414634146342,15.653109404416817,5.056330872904402,1.5061411110779068,0.5721138722868827,Kentucky,United Kingdom,Undrafted,Undrafted,Undrafted,0,61.0
200838,Kevinn Pinkney,2006-07,23.0,6,99.96666666666667,31,15,5,3,3,4,12,27,0.444,1,2,0.5,6,9,0.667,5.166666666666667,2.5,0.8333333333333334,0.5,0.5,0.6666666666666666,16.66111111111111,11.16372124041347,5.401800600200066,1.8006002000666887,0.5006459948320413,Nevada,USA,Undrafted,Undrafted,Undrafted,0,61.0
200768,Kyle Lowry,2006-07,21.0,10,175.42166666666665,56,31,32,14,1,12,14,38,0.368,3,8,0.375,25,28,0.893,5.6,3.1,3.2,1.4,0.1,1.2,17.542166666666667,11.492309007819255,6.361813915042802,6.56703371875386,0.5564387917329093,Villanova,USA,2006,1,24,0,24.0
200746,LaMarcus Aldridge,2006-07,21.0,63,1391.7566666666667,565,312,24,22,73,43,241,479,0.503,0,2,0.0,83,115,0.722,8.968253968253968,4.9523809523809526,0.38095238095238093,0.3492063492063492,1.1587301587301588,0.6825396825396826,22.09137566137566,14.614623724932759,8.070376287042514,0.6207981759263472,0.5334214501510574,University of Texas at Austin,USA,2006,1,2,1,2.0
200796,Leon Powe,2006-07,23.0,63,719.8016666666666,264,215,10,14,22,47,79,177,0.446,0,2,0.0,106,144,0.736,4.190476190476191,3.4126984126984126,0.15873015873015872,0.2222222222222222,0.3492063492063492,0.746031746031746,11.42542328042328,13.203637113001035,10.752962042784935,0.5001377694318574,0.5491762356465302,California,USA,2006,2,49,0,49.0
200811,Lou Amundson,2006-07,24.0,11,88.93833333333333,16,28,1,1,8,5,6,15,0.4,0,0,0.0,4,10,0.4,1.4545454545454546,2.5454545454545454,0.09090909090909091,0.09090909090909091,0.7272727272727273,0.45454545454545453,8.08530303030303,6.476397503888462,11.33369563180481,0.4047748439930289,0.4123711340206186,UNLV,USA,Undrafted,Undrafted,Undrafted,0,61.0
2696,Lynn Greer,2006-07,27.0,41,431.775,167,27,53,17,1,18,61,141,0.433,18,52,0.346,27,32,0.844,4.073170731707317,0.6585365853658537,1.2926829268292683,0.4146341463414634,0.024390243902439025,0.43902439024390244,10.53109756097561,13.92391870766024,2.2511724856696196,4.418968212610735,0.5384317771472787,Temple,USA,Undrafted,Undrafted,Undrafted,0,61.0
200790,Marcus Vinicius,2006-07,23.0,13,103.35666666666667,22,11,5,2,1,6,7,15,0.467,3,7,0.429,5,7,0.714,1.6923076923076923,0.8461538461538461,0.38461538461538464,0.15384615384615385,0.07692307692307693,0.46153846153846156,7.950512820512821,7.662785822556197,3.8313929112780984,1.7415422323991356,0.6084070796460177,Sao Carlos,Brazil,2006,2,43,0,43.0
200766,Marcus Williams,2006-07,21.0,79,1314.5116666666668,534,163,260,29,2,142,208,526,0.395,46,163,0.282,72,85,0.847,6.7594936708860756,2.0632911392405062,3.2911392405063293,0.3670886075949367,0.02531645569620253,1.7974683544303798,16.63938818565401,14.624442283382802,4.464015153916473,7.120514969437319,0.47390841320553784,Connecticut,USA,2006,1,22,0,22.0
200776,Mardy Collins,2006-07,22.0,52,777.0866666666667,235,104,83,32,3,57,87,228,0.382,13,47,0.277,48,82,0.585,4.519230769230769,2.0,1.5961538461538463,0.6153846153846154,0.057692307692307696,1.0961538461538463,14.94397435897436,10.886816571296208,4.817995418786407,3.8451309592237672,0.4449409269918207,Temple,USA,2006,1,29,0,29.0
200772,Maurice Ager,2006-07,23.0,32,214.365,69,21,7,4,3,15,22,70,0.314,5,15,0.333,20,33,0.606,2.15625,0.65625,0.21875,0.125,0.09375,0.46875,6.69890625,11.587712546357846,3.526695122804562,1.175565040934854,0.40818741126360625,Michigan State,USA,2006,1,28,0,28.0
101153,Mickael Gelabale,2006-07,24.0,70,1238.7033333333334,321,173,56,24,22,49,122,264,0.462,11,47,0.234,66,82,0.805,4.585714285714285,2.4714285714285715,0.8,0.34285714285714286,0.3142857142857143,0.7,17.695761904761905,9.329110279297437,5.02783825021326,1.627508335329148,0.5348573713676353,Real Madrid,France,2005,2,48,0,48.0
200837,Mike Hall,2006-07,23.0,2,12.766666666666667,2,2,1,0,0,0,1,4,0.25,0,0,0.0,0,0,0.0,1.0,1.0,0.5,0.0,0.0,0.0,6.383333333333334,5.639686684073106,5.639686684073106,2.819843342036553,0.25,George Washington,USA,Undrafted,Undrafted,Undrafted,0,61.0
101148,Mile Ilic,2006-07,23.0,5,5.87,0,1,0,0,0,3,0,3,0.0,0,0,0.0,0,0,0.0,0.0,0.2,0.0,0.0,0.0,0.6,1.174,0.0,6.132879045996592,0.0,0.0,FMP,Serbia,2005,2,43,0,43.0
200754,Mouhamed Sene,2006-07,21.0,28,169.45333333333335,53,45,0,3,12,11,18,49,0.367,0,0,0.0,17,29,0.586,1.8928571428571428,1.6071428571428572,0.0,0.10714285714285714,0.42857142857142855,0.39285714285714285,6.051904761904763,11.259737194114406,9.560154221417893,0.0,0.42908031088082904,Verviers-Pepinster,Senegal,2006,1,10,0,10.0
200782,P.J. Tucker,2006-07,22.0,17,83.38833333333334,30,23,3,2,0,6,11,22,0.5,0,0,0.0,8,14,0.571,1.7647058823529411,1.3529411764705883,0.17647058823529413,0.11764705882352941,0.0,0.35294117647058826,4.905196078431373,12.951452041652509,9.929446565266923,1.295145204165251,0.5326704545454546,Texas,USA,2006,2,35,0,35.0
200753,Patrick O'Bryant,2006-07,21.0,16,118.75,31,21,9,6,8,8,10,32,0.313,0,0,0.0,11,17,0.647,1.9375,1.3125,0.5625,0.375,0.5,0.5,7.421875,9.397894736842105,6.366315789473684,2.728421052631579,0.3926038500506585,Bradley,USA,2006,1,9,0,9.0
200781,Paul Davis,2006-07,22.0,31,179.83166666666668,51,44,7,6,5,8,22,52,0.423,0,0,0.0,7,10,0.7,1.6451612903225807,1.4193548387096775,0.22580645161290322,0.1935483870967742,0.16129032258064516,0.25806451612903225,5.801021505376345,10.209547817866708,8.808237333061474,1.4013104848052342,0.4521276595744681,Michigan State,USA,2006,2,34,0,34.0
200794,Paul Millsap,2006-07,22.0,82,1472.1466666666668,559,423,62,67,74,94,209,398,0.525,1,3,0.333,140,208,0.673,6.817073170731708,5.158536585365853,0.7560975609756098,0.8170731707317073,0.9024390243902439,1.146341463414634,17.9530081300813,13.669833621650016,10.344078035702964,1.5161532818288033,0.570967478346135,Louisiana Tech,USA,2006,2,47,0,47.0
200822,Pops Mensah-Bonsu,2006-07,23.0,12,71.30833333333334,29,21,0,1,0,9,11,17,0.647,0,0,0.0,7,18,0.389,2.4166666666666665,1.75,0.0,0.08333333333333333,0.0,0.75,5.942361111111111,14.640645085894588,10.601846441509874,0.0,0.5818619582664526,George Washington,USA,Undrafted,Undrafted,Undrafted,0,61.0
200763,Quincy Douby,2006-07,23.0,42,359.13666666666666,119,37,15,15,4,15,48,126,0.381,12,50,0.24,11,15,0.733,2.8333333333333335,0.8809523809523809,0.35714285714285715,0.35714285714285715,0.09523809523809523,0.35714285714285715,8.550873015873016,11.92860656574563,3.7088944784251123,1.5036058696318022,0.44871794871794873,Rutgers,USA,2006,1,19,0,19.0
200765,Rajon Rondo,2006-07,21.0,78,1830.9383333333333,501,292,297,128,8,137,188,450,0.418,6,29,0.207,119,184,0.647,6.423076923076923,3.7435897435897436,3.8076923076923075,1.641025641025641,0.10256410256410256,1.7564102564102564,23.473568376068375,9.850686760795694,5.741318431441802,5.839628678555531,0.4717869519361157,Kentucky,USA,2006,1,21,1,21.0
201043,Randolph Morris,2006-07,21.0,5,43.65,4,9,1,2,1,2,1,6,0.167,0,0,0.0,2,6,0.333,0.8,1.8,0.2,0.4,0.2,0.4,8.73,3.2989690721649487,7.422680412371134,0.8247422680412372,0.23148148148148145,Kentucky,USA,Undrafted,Undrafted,Undrafted,0,61.0
200751,Randy Foye,2006-07,23.0,82,1879.3333333333333,832,218,232,53,21,152,300,691,0.434,68,185,0.368,164,192,0.854,10.146341463414634,2.658536585365854,2.8292682926829267,0.6463414634146342,0.25609756097560976,1.853658536585366,22.91869918699187,15.937566512947855,4.175948918056048,4.444129123802767,0.5364419456336721,Villanova,USA,2006,1,7,0,7.0
200764,Renaldo Balkman,2006-07,22.0,68,1064.185,334,294,44,57,44,49,139,275,0.505,5,27,0.185,51,90,0.567,4.911764705882353,4.323529411764706,0.6470588235294118,0.8382352941176471,0.6470588235294118,0.7205882352941176,15.649779411764705,11.298787334908875,9.945639151087452,1.4884630022035643,0.5308328035600762,South Carolina,USA,2006,1,20,0,20.0
200970,Renaldo Major,2006-07,25.0,1,27.395,5,2,0,2,0,1,2,10,0.2,0,0,0.0,1,2,0.5,5.0,2.0,0.0,2.0,0.0,1.0,27.395,6.570542069720752,2.628216827888301,0.0,0.22977941176470587,Fresno State,USA,Undrafted,Undrafted,Undrafted,0,61.0
200823,Robert Hite,2006-07,23.0,12,135.69,51,16,8,3,2,6,19,60,0.317,5,23,0.217,8,12,0.667,4.25,1.3333333333333333,0.6666666666666666,0.25,0.16666666666666666,0.5,11.3075,13.530842361264648,4.244970152553615,2.1224850762768077,0.390625,Miami,USA,Undrafted,Undrafted,Undrafted,0,61.0
200760,Rodney Carney,2006-07,23.0,67,1169.09,442,128,26,38,23,43,182,392,0.464,25,72,0.347,53,87,0.609,6.597014925373134,1.9104477611940298,0.3880597014925373,0.5671641791044776,0.34328358208955223,0.6417910447761194,17.44910447761194,13.610586011342155,3.9415271707054207,0.8006227065495386,0.5136190387654551,Memphis,USA,2006,1,16,0,16.0
101232,Roger Powell,2006-07,24.0,3,13.3,2,3,0,0,0,3,0,3,0.0,0,1,0.0,2,2,1.0,0.6666666666666666,1.0,0.0,0.0,0.0,1.0,4.433333333333334,5.413533834586466,8.120300751879698,0.0,0.2577319587628866,Illinois,USA,Undrafted,Undrafted,Undrafted,0,61.0
200758,Ronnie Brewer,2006-07,22.0,56,675.1033333333334,260,75,24,37,6,24,102,193,0.528,0,9,0.0,56,83,0.675,4.642857142857143,1.3392857142857142,0.42857142857142855,0.6607142857142857,0.10714285714285714,0.42857142857142855,12.055416666666668,13.864544193234616,3.9993877480484468,1.279804079375503,0.5663994423143952,Arkansas,USA,2006,1,14,0,14.0
200752,Rudy Gay,2006-07,20.0,78,2103.31,846,348,100,71,74,140,321,760,0.422,52,143,0.364,152,209,0.727,10.846153846153847,4.461538461538462,1.2820512820512822,0.9102564102564102,0.9487179487179487,1.794871794871795,26.96551282051282,14.480033851405642,5.956325981429271,1.7115879256980664,0.49650218320108924,Connecticut,USA,2006,1,8,0,8.0
200797,Ryan Hollins,2006-07,22.0,27,185.265,64,31,1,4,7,16,20,36,0.556,0,0,0.0,24,40,0.6,2.3703703703703702,1.1481481481481481,0.037037037037037035,0.14814814814814814,0.25925925925925924,0.5925925925925926,6.861666666666666,12.436239980568375,6.023803740587807,0.19431624969638087,0.5970149253731343,UCLA,USA,2006,2,50,0,50.0
200771,Sergio Rodriguez,2006-07,21.0,67,861.7866666666666,247,91,218,35,2,77,101,239,0.423,24,85,0.282,21,26,0.808,3.6865671641791047,1.3582089552238805,3.253731343283582,0.5223880597014925,0.029850746268656716,1.1492537313432836,12.862487562189054,10.318098833431321,3.8014048333694346,9.106662128291612,0.49313208752595433,Estudiantes,Spain,2006,1,27,0,27.0
200769,Shannon Brown,2006-07,21.0,23,201.52833333333334,73,21,10,7,3,14,28,74,0.378,7,25,0.28,10,14,0.714,3.1739130434782608,0.9130434782608695,0.43478260869565216,0.30434782608695654,0.13043478260869565,0.6086956521739131,8.762101449275363,13.040349992143371,3.75133355938371,1.7863493139922424,0.45533932135728544,Michigan State,USA,2006,1,25,0,25.0
200761,Shawne Williams,2006-07,21.0,46,556.22,180,83,22,6,8,24,75,160,0.469,19,52,0.365,11,20,0.55,3.9130434782608696,1.8043478260869565,0.4782608695652174,0.13043478260869565,0.17391304347826086,0.5217391304347826,12.091739130434783,11.650066520441552,5.37197511775916,1.4238970191650786,0.533175355450237,Memphis,USA,2006,1,17,0,17.0
200749,Shelden Williams,2006-07,23.0,81,1513.44,444,435,44,52,39,96,166,365,0.455,2,4,0.5,110,144,0.764,5.481481481481482,5.37037037037037,0.5432098765432098,0.6419753086419753,0.48148148148148145,1.1851851851851851,18.684444444444445,10.561370123691722,10.347288296860132,1.0466222645099905,0.5182556727985806,Duke,USA,2006,1,5,0,5.0
200780,Solomon Jones,2006-07,22.0,58,665.735,189,136,11,11,42,25,65,128,0.508,0,1,0.0,59,75,0.787,3.2586206896551726,2.3448275862068964,0.1896551724137931,0.1896551724137931,0.7241379310344828,0.43103448275862066,11.478189655172415,10.220282845276273,7.3542776029501224,0.5948312767092011,0.5869565217391305,South Florida,USA,2006,2,33,0,33.0
200779,Steve Novak,2006-07,24.0,35,190.58,51,26,6,5,0,4,18,50,0.36,13,39,0.333,2,2,1.0,1.457142857142857,0.7428571428571429,0.17142857142857143,0.14285714285714285,0.0,0.11428571428571428,5.445142857142858,9.633749606464477,4.911323328785812,1.1333823066428796,0.5011792452830188,Marquette,USA,2006,2,32,0,32.0
200848,Steven Smith,2006-07,24.0,8,28.138333333333332,5,6,0,1,0,2,2,8,0.25,0,0,0.0,1,2,0.5,0.625,0.75,0.0,0.125,0.0,0.25,3.5172916666666665,6.39696736362021,7.676360836344252,0.0,0.2815315315315315,La Salle,USA,Undrafted,Undrafted,Undrafted,0,61.0
200814,Tarence Kinsey,2006-07,23.0,48,966.7733333333333,369,97,41,53,1,46,139,304,0.457,13,46,0.283,78,98,0.796,7.6875,2.0208333333333335,0.8541666666666666,1.1041666666666667,0.020833333333333332,0.9583333333333334,20.141111111111112,13.740552766591273,3.6120152259061067,1.5267280851768081,0.531516478451256,South Carolina,USA,Undrafted,Undrafted,Undrafted,0,61.0
200757,Thabo Sefolosha,2006-07,23.0,71,867.9233333333333,256,153,60,33,11,60,109,256,0.426,15,42,0.357,23,45,0.511,3.6056338028169015,2.1549295774647885,0.8450704225352113,0.4647887323943662,0.15492957746478872,0.8450704225352113,12.224272300469483,10.618449402212946,6.346182650541331,2.488699078643659,0.4641044234952864,Angelico Biella,Switzerland,2006,1,13,0,13.0
200748,Tyrus Thomas,2006-07,20.0,72,966.235,374,269,40,46,76,94,134,282,0.475,0,2,0.0,106,175,0.606,5.194444444444445,3.736111111111111,0.5555555555555556,0.6388888888888888,1.0555555555555556,1.3055555555555556,13.419930555555556,13.934498336326048,10.022406557410982,1.4903206776819302,0.520891364902507,Louisiana State,USA,2006,1,4,0,4.0
101166,Uros Slokar,2006-07,24.0,20,71.99333333333334,38,14,1,1,2,9,14,26,0.538,1,2,0.5,9,13,0.692,1.9,0.7,0.05,0.05,0.1,0.45,3.599666666666667,19.001759422168718,7.000648208167422,0.5000463005833873,0.5989911727616646,Benetton Treviso,Slovenia,2005,2,58,0,58.0
2779,Vassilis Spanoulis,2006-07,24.0,31,271.9033333333333,85,22,28,7,1,29,23,72,0.319,5,29,0.172,34,42,0.81,2.7419354838709675,0.7096774193548387,0.9032258064516129,0.22580645161290322,0.03225806451612903,0.9354838709677419,8.771075268817203,11.253999583185202,2.9127998921185227,3.7071998626963016,0.46971706454465073,Panathinaikos,Greece,2004,2,50,0,50.0
200835,Walter Herrmann,2006-07,28.0,48,935.52,442,139,26,17,7,32,174,330,0.527,53,115,0.461,41,53,0.774,9.208333333333334,2.8958333333333335,0.5416666666666666,0.3541666666666667,0.14583333333333334,0.6666666666666666,19.49,17.008722421754747,5.348896870189841,1.0005130836326321,0.6254953017094985,Malaga,Argentina,Undrafted,Undrafted,Undrafted,0,61.0
200807,Will Blalock,2006-07,23.0,14,165.66666666666666,25,15,17,5,0,12,9,30,0.3,1,5,0.2,6,6,1.0,1.7857142857142858,1.0714285714285714,1.2142857142857142,0.35714285714285715,0.0,0.8571428571428571,11.833333333333332,5.432595573440644,3.259557344064387,3.694164989939638,0.3829656862745098,Iowa State,USA,2006,2,60,0,60.0
101215,Will Conroy,2006-07,24.0,7,51.395,0,7,9,0,0,2,0,3,0.0,0,0,0.0,0,4,0.0,0.0,1.0,1.2857142857142858,0.0,0.0,0.2857142857142857,7.342142857142858,0.0,4.903200700457242,6.30411518630217,0.0,Washington,USA,Undrafted,Undrafted,Undrafted,0,61.0
200821,Yakhouba Diawara,2006-07,24.0,64,1176.5983333333334,284,110,55,30,7,37,100,292,0.342,49,170,0.288,35,53,0.66,4.4375,1.71875,0.859375,0.46875,0.109375,0.578125,18.384348958333334,8.689456469851649,3.3656345481819767,1.6828172740909884,0.4503361664340987,Pepperdine,USA,Undrafted,Undrafted,Undrafted,0,61.0
201166,Aaron Brooks,2007-08,23.0,51,608.11,264,56,87,13,5,44,93,225,0.413,36,109,0.33,42,49,0.857,5.176470588235294,1.0980392156862746,1.7058823529411764,0.2549019607843137,0.09803921568627451,0.8627450980392157,11.923725490196079,15.628751377217936,3.315189686076532,5.150383976583184,0.5353666450356911,Oregon,USA,2007,1,26,0,26.0
201189,Aaron Gray,2007-08,23.0,61,612.9966666666667,262,168,41,21,16,57,103,204,0.505,0,1,0.0,56,99,0.566,4.295081967213115,2.7540983606557377,0.6721311475409836,0.3442622950819672,0.26229508196721313,0.9344262295081968,10.04912568306011,15.38670683364238,9.86628529790809,2.4078434357989984,0.5291646469542737,Pittsburgh,USA,2007,2,49,0,49.0
201151,Acie Law,2007-08,23.0,56,865.36,235,57,113,29,0,56,95,237,0.401,7,34,0.206,38,48,0.792,4.196428571428571,1.0178571428571428,2.017857142857143,0.5178571428571429,0.0,1.0,15.452857142857143,9.776278080798741,2.371267449385227,4.700933715447905,0.4552146288547962,Texas A&M,USA,2007,1,11,0,11.0
201143,Al Horford,2007-08,22.0,81,2539.8866666666668,821,785,124,60,76,137,333,668,0.499,0,5,0.0,155,212,0.731,10.135802469135802,9.691358024691358,1.5308641975308641,0.7407407407407407,0.9382716049382716,1.691358024691358,31.356625514403294,11.636739697046849,11.126480709113004,1.7575587362165765,0.539223413198823,Florida,Dominican Republic,2007,1,3,1,3.0
201154,Al Thornton,2007-08,24.0,79,2157.6983333333333,1005,358,98,46,43,128,374,871,0.429,43,130,0.331,214,288,0.743,12.721518987341772,4.531645569620253,1.240506329113924,0.5822784810126582,0.5443037974683544,1.620253164556962,27.312637130801686,16.767867612015582,5.973031447862267,1.6350756477388328,0.5036483181654171,Florida State,USA,2007,1,14,0,14.0
201169,Alando Tucker,2007-08,24.0,6,47.96666666666667,22,8,0,0,1,0,8,22,0.364,1,4,0.25,5,6,0.833,3.6666666666666665,1.3333333333333333,0.0,0.0,0.16666666666666666,0.0,7.9944444444444445,16.511466296038915,6.004169562195969,0.0,0.4464285714285714,Wisconsin,USA,2007,1,29,0,29.0
201167,Arron Afflalo,2007-08,22.0,75,970.3366666666667,276,137,52,31,8,34,99,241,0.411,10,48,0.208,68,87,0.782,3.68,1.8266666666666667,0.6933333333333334,0.41333333333333333,0.10666666666666667,0.4533333333333333,12.937822222222223,10.239744968241263,5.08277195887338,1.9292273128570494,0.49412775708965917,UCLA,USA,2007,1,27,0,27.0
201336,Blake Ahearn,2007-08,24.0,12,177.13,70,19,19,6,0,16,15,57,0.263,10,34,0.294,30,31,0.968,5.833333333333333,1.5833333333333333,1.5833333333333333,0.5,0.0,1.3333333333333333,14.760833333333332,14.22683904476938,3.8615705978659745,3.8615705978659745,0.49546998867497166,Missouri State,USA,Undrafted,Undrafted,Undrafted,0,61.0
201148,Brandan Wright,2007-08,20.0,38,375.69666666666666,151,99,9,6,22,13,62,112,0.554,0,0,0.0,27,40,0.675,3.973684210526316,2.6052631578947367,0.23684210526315788,0.15789473684210525,0.5789473684210527,0.34210526315789475,9.886754385964911,14.469119591159535,9.486376420693999,0.8623978564267273,0.5825617283950617,North Carolina,USA,2007,1,8,0,8.0
201228,C.J. Watson,2007-08,24.0,32,367.90166666666664,118,32,35,15,0,18,43,101,0.426,9,26,0.346,23,29,0.793,3.6875,1.0,1.09375,0.46875,0.0,0.5625,11.496927083333333,11.54656361980783,3.1312714901173777,3.4248281923158816,0.5186357243319268,Tennessee,USA,Undrafted,Undrafted,Undrafted,0,61.0
201171,Carl Landry,2007-08,24.0,42,711.3933333333333,342,207,21,17,7,26,135,219,0.616,0,1,0.0,72,109,0.661,8.142857142857142,4.928571428571429,0.5,0.40476190476190477,0.16666666666666666,0.6190476190476191,16.937936507936506,17.306881331471573,10.475217647995953,1.0627032396517633,0.6405454000599341,Purdue,USA,2007,2,31,0,31.0
200798,Cheikh Samb,2007-08,23.0,4,31.326666666666668,7,7,0,1,2,1,3,4,0.75,0,0,0.0,1,2,0.5,1.75,1.75,0.0,0.25,0.5,0.25,7.831666666666667,8.044264737178123,8.044264737178123,0.0,0.7172131147540983,WTC Cornella,Senegal,2006,2,51,0,51.0
201181,Chris Richard,2007-08,23.0,52,556.3316666666667,98,135,18,10,12,24,41,87,0.471,0,0,0.0,16,27,0.593,1.8846153846153846,2.5961538461538463,0.34615384615384615,0.19230769230769232,0.23076923076923078,0.46153846153846156,10.698685897435897,6.34154086740823,8.735796092858276,1.1647728123811034,0.4955501618122978,Florida,USA,2007,2,41,0,41.0
201207,Coby Karl,2007-08,25.0,17,70.56333333333333,30,14,9,4,2,5,9,26,0.346,4,13,0.308,8,10,0.8,1.7647058823529411,0.8235294117647058,0.5294117647058824,0.23529411764705882,0.11764705882352941,0.29411764705882354,4.15078431372549,15.305399404790023,7.1425197222353445,4.591619821437007,0.493421052631579,Boise State,USA,Undrafted,Undrafted,Undrafted,0,61.0
201147,Corey Brewer,2007-08,22.0,79,1802.585,459,292,111,76,25,89,182,486,0.374,7,36,0.194,88,110,0.8,5.810126582278481,3.6962025316455698,1.4050632911392404,0.9620253164556962,0.31645569620253167,1.1265822784810127,22.81753164556962,9.166835405819976,5.831625138342991,2.2168164053290136,0.4294535928143713,Florida,USA,2007,1,7,0,7.0
201235,Courtney Sims,2007-08,24.0,3,11.133333333333333,0,2,1,0,0,0,0,1,0.0,0,0,0.0,0,0,0.0,0.0,0.6666666666666666,0.3333333333333333,0.0,0.0,0.0,3.711111111111111,0.0,6.467065868263473,3.2335329341317367,0.0,Michigan,USA,Undrafted,Undrafted,Undrafted,0,61.0
201199,DJ Strawberry,2007-08,23.0,33,270.22333333333336,73,28,30,12,6,11,29,92,0.315,6,25,0.24,9,19,0.474,2.212121212121212,0.8484848484848485,0.9090909090909091,0.36363636363636365,0.18181818181818182,0.3333333333333333,8.18858585858586,9.725288958515794,3.7302478197046884,3.9966940925407375,0.36369071343164605,Maryland,USA,2007,2,59,0,59.0
201161,Daequan Cook,2007-08,21.0,59,1440.675,518,177,75,23,9,63,196,514,0.381,79,238,0.332,47,57,0.825,8.779661016949152,3.0,1.271186440677966,0.3898305084745763,0.15254237288135594,1.0677966101694916,24.41822033898305,12.943932531625801,4.422926753084492,1.8741215055442761,0.4804481709579283,Ohio State,USA,2007,1,21,0,21.0
200827,Darius Washington,2007-08,22.0,18,146.08333333333334,53,20,15,5,0,14,21,48,0.438,4,12,0.333,7,13,0.538,2.9444444444444446,1.1111111111111112,0.8333333333333334,0.2777777777777778,0.0,0.7777777777777778,8.11574074074074,13.061038220193952,4.9286936679977185,3.6965202509982884,0.4932985852568876,Memphis,USA,Undrafted,Undrafted,Undrafted,0,61.0
201208,Darryl Watkins,2007-08,23.0,9,71.27333333333333,12,12,0,2,2,7,5,15,0.333,0,0,0.0,2,5,0.4,1.3333333333333333,1.3333333333333333,0.0,0.2222222222222222,0.2222222222222222,0.7777777777777778,7.919259259259259,6.061172949209617,6.061172949209617,0.0,0.3488372093023256,Syracuse,USA,Undrafted,Undrafted,Undrafted,0,61.0
201193,Demetris Nichols,2007-08,23.0,14,44.39666666666667,15,5,1,0,3,4,6,23,0.261,3,13,0.231,0,0,0.0,1.0714285714285714,0.35714285714285715,0.07142857142857142,0.0,0.21428571428571427,0.2857142857142857,3.171190476190476,12.163075305953901,4.054358435317967,0.8108716870635934,0.32608695652173914,Syracuse,USA,2007,2,53,0,53.0
201187,Dominic McGuire,2007-08,22.0,70,695.1433333333333,93,139,40,20,26,40,39,103,0.379,1,6,0.167,14,32,0.438,1.3285714285714285,1.9857142857142858,0.5714285714285714,0.2857142857142857,0.37142857142857144,0.5714285714285714,9.930619047619047,4.8162729029504705,7.198515414087263,2.071515227075471,0.3971643320806286,Fresno State,USA,2007,2,47,0,47.0
201172,Gabe Pruitt,2007-08,22.0,15,94.60666666666667,32,8,13,5,0,5,14,39,0.359,3,12,0.25,1,2,0.5,2.1333333333333333,0.5333333333333333,0.8666666666666667,0.3333333333333333,0.0,0.3333333333333333,6.307111111111111,12.176731731379043,3.0441829328447607,4.9467972658727355,0.40120361083249745,Southern California,USA,2007,2,32,0,32.0
201175,Glen Davis,2007-08,22.0,69,940.4383333333334,313,208,28,31,20,65,107,221,0.484,0,0,0.0,99,150,0.66,4.536231884057971,3.0144927536231885,0.4057971014492754,0.4492753623188406,0.2898550724637681,0.9420289855072463,13.629541062801934,11.98164685616459,7.962244556173274,1.0718406133310177,0.5452961672473867,Louisiana State,USA,2007,2,35,0,35.0
200799,Guillermo Diaz,2007-08,23.0,6,17.981666666666666,5,2,1,0,0,0,1,4,0.25,0,1,0.0,3,5,0.6,0.8333333333333334,0.3333333333333333,0.16666666666666666,0.0,0.0,0.0,2.9969444444444444,10.010195569561592,4.004078227824636,2.002039113912318,0.4032258064516129,Miami,USA,2006,2,52,0,52.0
101133,Ian Mahinmi,2007-08,21.0,6,22.553333333333335,21,5,1,0,4,2,6,12,0.5,0,0,0.0,9,9,1.0,3.5,0.8333333333333334,0.16666666666666666,0.0,0.6666666666666666,0.3333333333333333,3.758888888888889,33.52054389595034,7.981081879988175,1.596216375997635,0.6578947368421052,Pau Orthez,France,2005,1,28,0,28.0
200081,Jamario Moon,2007-08,28.0,78,2165.951666666667,661,484,90,80,108,51,279,575,0.485,40,122,0.328,63,85,0.741,8.474358974358974,6.205128205128205,1.1538461538461537,1.0256410256410255,1.3846153846153846,0.6538461538461539,27.768611111111113,10.986394741033772,8.044500839123064,1.495878255208834,0.5396799477465709,Meridian CC,USA,Undrafted,Undrafted,Undrafted,0,61.0
201162,Jared Dudley,2007-08,22.0,73,1383.8166666666666,422,286,81,55,10,50,163,348,0.468,9,41,0.22,87,118,0.737,5.780821917808219,3.9178082191780823,1.1095890410958904,0.7534246575342466,0.136986301369863,0.684931506849315,18.956392694063926,10.978332871647257,7.440291946187477,2.1072155511929567,0.5276055211042209,Boston College,USA,2007,1,22,0,22.0
201160,Jason Smith,2007-08,22.0,76,1106.4966666666667,340,230,20,22,50,48,141,310,0.455,4,14,0.286,54,82,0.659,4.473684210526316,3.026315789473684,0.2631578947368421,0.2894736842105263,0.6578947368421053,0.631578947368421,14.559166666666666,11.061940237807615,7.483077219693387,0.6507023669298597,0.4912159038372631,Colorado State,USA,2007,1,20,0,20.0
201159,Javaris Crittenton,2007-08,20.0,50,678.16,278,110,51,19,2,55,98,233,0.421,10,37,0.27,72,104,0.692,5.56,2.2,1.02,0.38,0.04,1.1,13.5632,14.757579332310959,5.839329951633833,2.7073257048484134,0.49863682020375955,Georgia Tech,USA,2007,1,19,0,19.0
201145,Jeff Green,2007-08,21.0,80,2253.0666666666666,838,379,119,46,49,158,320,749,0.427,21,76,0.276,177,238,0.744,10.475,4.7375,1.4875,0.575,0.6125,1.975,28.163333333333334,13.389750266303704,6.055746242158836,1.9014084507042253,0.49079323431570065,Georgetown,USA,2007,1,5,0,5.0
201176,Jermareo Davidson,2007-08,23.0,38,321.595,120,62,13,7,15,17,51,125,0.408,0,0,0.0,18,28,0.643,3.1578947368421053,1.631578947368421,0.34210526315789475,0.18421052631578946,0.39473684210526316,0.4473684210526316,8.463026315789474,13.43304466798302,6.940406411791227,1.4552465056981607,0.4369356248179435,Alabama,USA,2007,2,36,0,36.0
201149,Joakim Noah,2007-08,23.0,74,1533.715,488,416,84,68,64,89,177,367,0.482,0,1,0.0,134,194,0.691,6.594594594594595,5.621621621621622,1.135135135135135,0.918918918918919,0.8648648648648649,1.2027027027027026,20.725878378378376,11.454540119904937,9.764526003853389,1.9716831353934727,0.5393934034839508,Florida,USA,2007,1,9,1,9.0
201202,Joel Anthony,2007-08,25.0,24,498.13666666666666,85,93,3,9,31,17,28,60,0.467,0,0,0.0,29,49,0.592,3.5416666666666665,3.875,0.125,0.375,1.2916666666666667,0.7083333333333334,20.755694444444444,6.142892512764235,6.721047102200869,0.2168079710387377,0.5210887690044139,UNLV,Canada,Undrafted,Undrafted,Undrafted,0,61.0
201177,Josh McRoberts,2007-08,21.0,8,28.126666666666665,12,10,2,1,0,2,6,10,0.6,0,1,0.0,0,0,0.0,1.5,1.25,0.25,0.125,0.0,0.25,3.515833333333333,15.359089831713677,12.799241526428064,2.5598483052856125,0.6,Duke,USA,2007,2,37,0,37.0
2434,Juan Carlos Navarro,2007-08,28.0,82,2117.16,896,210,177,48,1,134,308,766,0.402,156,432,0.361,124,146,0.849,10.926829268292684,2.5609756097560976,2.158536585365854,0.5853658536585366,0.012195121951219513,1.6341463414634145,25.8190243902439,15.23550416595817,3.5708212888964463,3.0096922292127193,0.5396030063596069,FC Barcelona,Spain,2002,2,39,0,39.0
201153,Julian Wright,2007-08,21.0,57,640.0766666666667,223,117,40,29,12,34,90,169,0.533,10,24,0.417,33,52,0.635,3.912280701754386,2.0526315789473686,0.7017543859649122,0.5087719298245614,0.21052631578947367,0.5964912280701754,11.229415204678363,12.542247543263047,6.58046171552366,2.24973050103373,0.5810923493850323,Kansas,USA,2007,1,13,0,13.0
2867,Kasib Powell,2007-08,27.0,11,304.195,84,44,18,9,2,5,35,95,0.368,8,33,0.242,6,9,0.667,7.636363636363637,4.0,1.6363636363636365,0.8181818181818182,0.18181818181818182,0.45454545454545453,27.654090909090908,9.940991798024292,5.207186179917487,2.130212528148063,0.42441390460792244,Texas Tech,USA,Undrafted,Undrafted,Undrafted,0,61.0
101247,Keith Langford,2007-08,24.0,2,9.6,2,2,0,0,0,0,1,4,0.25,0,0,0.0,0,0,0.0,1.0,1.0,0.0,0.0,0.0,0.0,4.8,7.5,7.5,0.0,0.25,Kansas,USA,Undrafted,Undrafted,Undrafted,0,61.0
201142,Kevin Durant,2007-08,19.0,80,2767.9683333333332,1624,348,192,78,75,232,587,1366,0.43,59,205,0.288,391,448,0.873,20.3,4.35,2.4,0.975,0.9375,2.9,34.599604166666666,21.121628920369393,4.526063340079157,2.4971383945264307,0.519473872767286,Texas,USA,2007,1,2,1,2.0
200785,Kosta Perovic,2007-08,23.0,7,37.95,10,13,1,0,2,1,3,10,0.3,0,0,0.0,4,6,0.667,1.4285714285714286,1.8571428571428572,0.14285714285714285,0.0,0.2857142857142857,0.14285714285714285,5.421428571428572,9.486166007905137,12.332015810276678,0.9486166007905138,0.39556962025316456,Partizan,Serbia,2006,2,38,0,38.0
201178,Kyrylo Fesenko,2007-08,21.0,9,70.11166666666666,14,25,2,0,3,8,6,16,0.375,0,0,0.0,2,4,0.5,1.5555555555555556,2.7777777777777777,0.2222222222222222,0.0,0.3333333333333333,0.8888888888888888,7.790185185185185,7.188532578981149,12.836665319609196,1.0269332255687356,0.3941441441441441,Ukraine,Ukraine,2007,2,38,0,38.0
200984,Lance Allred,2007-08,27.0,3,10.081666666666667,3,1,0,0,0,0,1,4,0.25,0,0,0.0,1,2,0.5,1.0,0.3333333333333333,0.0,0.0,0.0,0.0,3.3605555555555555,10.71251446520086,3.5708381550669532,0.0,0.3073770491803279,Weber State,USA,Undrafted,Undrafted,Undrafted,0,61.0
2449,Luis Scola,2007-08,28.0,82,2023.5783333333334,847,525,106,60,19,105,345,670,0.515,0,3,0.0,157,235,0.668,10.329268292682928,6.402439024390244,1.2926829268292683,0.7317073170731707,0.23170731707317074,1.2804878048780488,24.67778455284553,15.068356632269404,9.33989047454715,1.8857683624799961,0.5475821049909491,Tau Ceramica,Argentina,2002,2,55,0,55.0
101162,Marcin Gortat,2007-08,24.0,6,40.67333333333333,18,16,2,1,1,2,8,17,0.471,0,0,0.0,2,3,0.667,3.0,2.6666666666666665,0.3333333333333333,0.16666666666666666,0.16666666666666666,0.3333333333333333,6.778888888888889,15.931814456646451,14.161612850352402,1.7702016062940502,0.4912663755458515,RheinEnergie Cologne,Poland,2005,2,57,0,57.0
201158,Marco Belinelli,2007-08,22.0,33,240.565,95,14,15,5,0,12,36,93,0.387,16,41,0.39,7,9,0.778,2.878787878787879,0.42424242424242425,0.45454545454545453,0.15151515151515152,0.0,0.36363636363636365,7.289848484848485,14.216531914451394,2.0950678610770477,2.244715565439694,0.4898927392739274,Fortitudo Bologna,Italy,2007,1,18,0,18.0
201173,Marcus Williams,2007-08,21.0,11,36.038333333333334,10,12,3,1,1,0,5,20,0.25,0,0,0.0,0,0,0.0,0.9090909090909091,1.0909090909090908,0.2727272727272727,0.09090909090909091,0.09090909090909091,0.0,3.2762121212121214,9.989363178097395,11.987235813716875,2.996808953429219,0.25,Arizona,USA,2007,2,33,0,33.0
201238,Mario West,2007-08,24.0,64,268.9633333333333,59,48,13,12,4,9,21,49,0.429,0,4,0.0,17,26,0.654,0.921875,0.75,0.203125,0.1875,0.0625,0.140625,4.202552083333333,7.896987197759299,6.4246675507194295,1.7400141283198456,0.4880873593646592,Georgia Tech,USA,Undrafted,Undrafted,Undrafted,0,61.0
201144,Mike Conley,2007-08,20.0,53,1381.3366666666666,498,139,222,44,2,89,189,442,0.428,30,91,0.33,90,123,0.732,9.39622641509434,2.6226415094339623,4.188679245283019,0.8301886792452831,0.03773584905660377,1.679245283018868,26.062955974842765,12.978733159427705,3.6225781308442793,5.78570032408223,0.501894702894461,Ohio State,USA,2007,1,4,0,4.0
200839,Mike Harris,2007-08,25.0,17,159.39166666666668,62,54,3,6,3,9,27,54,0.5,0,2,0.0,8,13,0.615,3.6470588235294117,3.176470588235294,0.17647058823529413,0.35294117647058826,0.17647058823529413,0.5294117647058824,9.375980392156864,14.003241491085898,12.196371621268362,0.6775762011815757,0.5190890823844608,Rice,USA,Undrafted,Undrafted,Undrafted,0,61.0
201165,Morris Almond,2007-08,23.0,9,39.196666666666665,13,2,3,1,0,2,4,15,0.267,1,4,0.25,4,6,0.667,1.4444444444444444,0.2222222222222222,0.3333333333333333,0.1111111111111111,0.0,0.2222222222222222,4.355185185185185,11.939790798537292,1.83689089208266,2.7553363381239904,0.36848072562358275,Rice,USA,2007,1,25,0,25.0
201174,Nick Fazekas,2007-08,23.0,26,268.94166666666666,107,89,11,8,11,13,46,82,0.561,0,2,0.0,15,22,0.682,4.115384615384615,3.423076923076923,0.4230769230769231,0.3076923076923077,0.4230769230769231,0.5,10.343910256410256,14.322808539646145,11.913364112415952,1.4724382610851177,0.5835514834205934,Nevada,USA,2007,2,34,0,34.0
201156,Nick Young,2007-08,23.0,75,1157.7366666666667,561,115,63,35,7,94,210,478,0.439,40,100,0.4,101,124,0.815,7.48,1.5333333333333334,0.84,0.4666666666666667,0.09333333333333334,1.2533333333333334,15.436488888888888,17.444381422372963,3.5759427158162045,1.9589947051862686,0.5267012167643083,Southern California,USA,2007,1,16,0,16.0
200762,Oleksiy Pecherov,2007-08,22.0,35,319.5133333333333,125,66,7,6,5,17,44,125,0.352,17,60,0.283,20,31,0.645,3.5714285714285716,1.8857142857142857,0.2,0.17142857142857143,0.14285714285714285,0.4857142857142857,9.12895238095238,14.08391929392618,7.436309387193022,0.788699480459866,0.4508078476630122,Kyiv,Ukraine,2006,1,18,0,18.0
201196,Ramon Sessions,2007-08,22.0,17,449.5283333333333,137,58,127,17,3,36,51,117,0.436,3,7,0.429,32,41,0.78,8.058823529411764,3.411764705882353,7.470588235294118,1.0,0.17647058823529413,2.1176470588235294,26.4428431372549,10.971499757152868,4.644868510327491,10.170660358820543,0.5072571090047394,Nevada-Reno,USA,2007,2,56,0,56.0
201155,Rodney Stuckey,2007-08,22.0,57,1080.8733333333332,436,129,160,49,6,78,153,382,0.401,3,16,0.188,127,156,0.814,7.649122807017544,2.263157894736842,2.807017543859649,0.8596491228070176,0.10526315789473684,1.368421052631579,18.96269005847953,14.521590565653701,4.296525649012219,5.329024060790349,0.4837564352920291,Eastern Washington,USA,2007,1,15,0,15.0
201157,Sean Williams,2007-08,21.0,73,1278.3083333333334,409,322,28,28,106,70,164,305,0.538,0,0,0.0,81,133,0.609,5.602739726027397,4.410958904109589,0.3835616438356164,0.3835616438356164,1.452054794520548,0.958904109589041,17.511073059360733,11.518347816450127,9.068234711239464,0.7885421488034315,0.5625550176056339,Boston College,USA,2007,1,17,0,17.0
201150,Spencer Hawes,2007-08,20.0,71,931.2533333333333,334,230,44,14,40,56,146,318,0.459,4,21,0.19,38,58,0.655,4.704225352112676,3.23943661971831,0.6197183098591549,0.19718309859154928,0.5633802816901409,0.7887323943661971,13.1162441314554,12.911631636217857,8.89124334230571,1.7009335089628315,0.4861434559850955,Washington,USA,2007,1,10,0,10.0
201186,Stephane Lasme,2007-08,25.0,16,303.31666666666666,83,53,3,13,22,15,32,71,0.451,0,0,0.0,19,32,0.594,5.1875,3.3125,0.1875,0.8125,1.375,0.9375,18.957291666666666,9.851090719270289,6.29045551953404,0.35606351997362495,0.48777621062529386,Massachusetts,Gabon,2007,2,46,0,46.0
201192,Taurean Green,2007-08,21.0,17,73.78333333333333,27,10,11,2,0,9,7,25,0.28,2,11,0.182,11,12,0.917,1.588235294117647,0.5882352941176471,0.6470588235294118,0.11764705882352941,0.0,0.5294117647058824,4.340196078431372,13.173706799186808,4.879150666365485,5.367065733002033,0.44583883751651254,Florida,USA,2007,2,52,0,52.0
201152,Thaddeus Young,2007-08,20.0,74,1554.415,610,312,58,73,8,64,264,490,0.539,6,19,0.316,76,103,0.738,8.243243243243244,4.216216216216216,0.7837837837837838,0.9864864864864865,0.10810810810810811,0.8648648648648649,21.005608108108106,14.127501342948957,7.225869539344384,1.3432706194935073,0.5697526712994097,Georgia Tech,USA,2007,1,12,0,12.0
201242,Thomas Gardner,2007-08,23.0,4,44.733333333333334,21,4,1,0,0,4,9,23,0.391,3,12,0.25,0,2,0.0,5.25,1.0,0.25,0.0,0.0,1.0,11.183333333333334,16.90014903129657,3.219076005961252,0.804769001490313,0.4396984924623116,Missouri,USA,Undrafted,Undrafted,Undrafted,0,61.0
201163,Wilson Chandler,2007-08,21.0,35,685.065,255,127,33,15,16,27,106,242,0.438,9,30,0.3,34,54,0.63,7.285714285714286,3.6285714285714286,0.9428571428571428,0.42857142857142855,0.45714285714285713,0.7714285714285715,19.573285714285717,13.400188303299686,6.673819272623765,1.7341420157211358,0.47975617098133655,DePaul,USA,2007,1,23,0,23.0
201146,Yi Jianlian,2007-08,20.0,66,1646.6016666666667,566,344,55,36,56,90,219,520,0.421,6,21,0.286,122,145,0.841,8.575757575757576,5.212121212121212,0.8333333333333334,0.5454545454545454,0.8484848484848485,1.3636363636363635,24.9485101010101,12.374577538991923,7.520944652673537,1.2024766159797804,0.48475505310037686,Guangdong,China,2007,1,6,0,6.0
201582,Alexis Ajinca,2008-09,21.0,31,182.25666666666666,70,30,3,7,6,12,25,69,0.362,0,2,0.0,20,28,0.714,2.2580645161290325,0.967741935483871,0.0967741935483871,0.22580645161290322,0.1935483870967742,0.3870967741935484,5.879247311827957,13.8266547177058,5.925709164731058,0.5925709164731057,0.43039842597147077,Hyeres-Toulon,France,2008,1,20,0,20.0
201627,Anthony Morrow,2008-09,23.0,67,1515.2983333333334,676,199,80,36,12,52,255,534,0.478,86,184,0.467,80,92,0.87,10.08955223880597,2.970149253731343,1.1940298507462686,0.5373134328358209,0.1791044776119403,0.7761194029850746,22.616393034825872,16.06020376625505,4.727781877936028,1.9006158303260412,0.5883581673861579,Georgia Tech,USA,Undrafted,Undrafted,Undrafted,0,61.0
201576,Anthony Randolph,2008-09,19.0,63,1129.1266666666668,499,363,49,42,74,80,199,431,0.462,0,4,0.0,101,141,0.716,7.920634920634921,5.761904761904762,0.7777777777777778,0.6666666666666666,1.1746031746031746,1.2698412698412698,17.922645502645505,15.909641079536396,11.573546516776977,1.5622693645236139,0.5060441343501542,Louisiana State,USA,2008,1,14,0,14.0
201229,Anthony Tolliver,2008-09,24.0,19,208.05,52,41,17,5,1,7,19,65,0.292,9,41,0.22,5,10,0.5,2.736842105263158,2.1578947368421053,0.8947368421052632,0.2631578947368421,0.05263157894736842,0.3684210526315789,10.950000000000001,8.997837058399423,7.0944484498918525,2.9416005767844267,0.37463976945244953,Creighton,USA,Undrafted,Undrafted,Undrafted,0,61.0
201628,Bobby Brown,2008-09,24.0,68,931.4816666666667,361,52,117,21,3,63,141,360,0.392,45,130,0.346,34,43,0.791,5.3088235294117645,0.7647058823529411,1.7205882352941178,0.3088235294117647,0.04411764705882353,0.9264705882352942,13.69825980392157,13.95196541710429,2.0097013897213936,4.521828126873135,0.476353847777895,Cal State-Fullerton,USA,Undrafted,Undrafted,Undrafted,0,61.0
201575,Brandon Rush,2008-09,23.0,75,1802.895,610,233,66,38,37,75,243,575,0.423,78,209,0.373,46,66,0.697,8.133333333333333,3.1066666666666665,0.88,0.5066666666666667,0.49333333333333335,1.0,24.0386,12.180409840839317,4.6525172015009195,1.317880409008844,0.5049334481160188,Kansas,USA,2008,1,13,0,13.0
201572,Brook Lopez,2008-09,21.0,82,2501.4016666666666,1068,665,86,44,151,147,448,844,0.531,0,2,0.0,172,217,0.793,13.024390243902438,8.109756097560975,1.048780487804878,0.5365853658536586,1.8414634146341464,1.7926829268292683,30.50489837398374,15.37058222689812,9.570634064501169,1.2377060594693243,0.5683995401711585,Stanford,USA,2008,1,10,1,10.0
201858,Cartier Martin,2008-09,24.0,33,265.6066666666667,86,33,13,8,4,9,28,77,0.364,10,33,0.303,20,25,0.8,2.606060606060606,1.0,0.3939393939393939,0.24242424242424243,0.12121212121212122,0.2727272727272727,8.04868686868687,11.65633392736126,4.4727792977083904,1.7620039657639115,0.48863636363636365,Kansas State,USA,Undrafted,Undrafted,Undrafted,0,61.0
201604,Chris Douglas-Roberts,2008-09,22.0,44,584.5416666666666,216,50,52,12,7,31,81,176,0.46,3,12,0.25,51,62,0.823,4.909090909090909,1.1363636363636365,1.1818181818181819,0.2727272727272727,0.1590909090909091,0.7045454545454546,13.285037878787877,13.302730059163164,3.0793356618433245,3.2025090883170577,0.5312868949232585,Memphis,USA,2008,2,40,0,40.0
201584,Courtney Lee,2008-09,23.0,77,1938.745,646,178,91,76,14,69,243,540,0.45,82,203,0.404,78,94,0.83,8.38961038961039,2.311688311688312,1.1818181818181819,0.987012987012987,0.18181818181818182,0.8961038961038961,25.178506493506493,11.995388769539058,3.3052309612661803,1.6897529071641706,0.5555937801018301,Western Kentucky,USA,2008,1,22,0,22.0
201571,D.J. Augustin,2008-09,21.0,72,1907.9333333333334,850,133,250,42,2,119,267,621,0.43,108,246,0.439,208,233,0.893,11.805555555555555,1.8472222222222223,3.4722222222222223,0.5833333333333334,0.027777777777777776,1.6527777777777777,26.499074074074073,16.038296236765785,2.5095216464586465,4.717145951989936,0.587406015037594,Texas,USA,2008,1,9,0,9.0
201591,DJ White,2008-09,22.0,7,129.49833333333333,62,32,6,3,5,3,26,50,0.52,0,0,0.0,10,13,0.769,8.857142857142858,4.571428571428571,0.8571428571428571,0.42857142857142855,0.7142857142857143,0.42857142857142855,18.499761904761904,17.23574305975624,8.895867385680639,1.6679751348151197,0.5563531945441493,Indiana,USA,2008,1,29,0,29.0
201568,Danilo Gallinari,2008-09,20.0,28,411.745,170,55,15,14,4,15,56,125,0.448,32,72,0.444,26,27,0.963,6.071428571428571,1.9642857142857142,0.5357142857142857,0.5,0.14285714285714285,0.5357142857142857,14.705178571428572,14.863568470776816,4.8088015640748525,1.311491335656778,0.6209818819403857,Olimpia Milano,Italy,2008,1,6,0,6.0
201616,Darnell Jackson,2008-09,23.0,51,429.5516666666667,98,87,8,10,4,14,37,86,0.43,0,2,0.0,24,35,0.686,1.9215686274509804,1.7058823529411764,0.1568627450980392,0.19607843137254902,0.0784313725490196,0.27450980392156865,8.422581699346406,8.213214553158139,7.29132312372202,0.6704664941353582,0.48323471400394474,Kansas,USA,2008,2,52,0,52.0
201589,Darrell Arthur,2008-09,21.0,76,1464.1783333333333,422,346,43,52,52,47,191,436,0.438,0,2,0.0,40,60,0.667,5.552631578947368,4.552631578947368,0.5657894736842105,0.6842105263157895,0.6842105263157895,0.618421052631579,19.265504385964913,10.375785281164521,8.507160443798398,1.0572482632466218,0.4563148788927336,Kansas,USA,2008,1,27,0,27.0
201599,DeAndre Jordan,2008-09,20.0,53,771.3916666666667,228,237,11,11,59,41,93,147,0.633,0,0,0.0,42,109,0.385,4.30188679245283,4.471698113207547,0.20754716981132076,0.20754716981132076,1.1132075471698113,0.7735849056603774,14.554559748427673,10.640509036697743,11.060529130251602,0.5133578921213824,0.584735330324169,Texas A&M,USA,2008,2,35,0,35.0
201634,DeMarcus Nelson,2008-09,23.0,13,170.73166666666665,53,24,13,9,2,15,24,54,0.444,0,3,0.0,5,14,0.357,4.076923076923077,1.8461538461538463,1.0,0.6923076923076923,0.15384615384615385,1.1538461538461537,13.133205128205127,11.175431232245533,5.060572633469675,2.741143509796074,0.44049202127659576,Duke,USA,Undrafted,Undrafted,Undrafted,0,61.0
201565,Derrick Rose,2008-09,20.0,81,3000.048333333333,1361,317,512,66,18,202,574,1208,0.475,16,72,0.222,197,250,0.788,16.80246913580247,3.9135802469135803,6.320987654320987,0.8148148148148148,0.2222222222222222,2.493827160493827,37.03763374485597,16.33173687757253,3.8039387143207137,6.143901014928093,0.5163125948406677,Memphis,USA,2008,1,1,1,1.0
201590,Donte Greene,2008-09,21.0,55,725.3633333333333,209,86,30,16,14,37,77,236,0.326,26,100,0.26,29,34,0.853,3.8,1.5636363636363637,0.5454545454545454,0.2909090909090909,0.2545454545454545,0.6727272727272727,13.188424242424242,10.372732745428726,4.26820581869316,1.48890900652087,0.4164010200828817,Syracuse,USA,2008,1,28,0,28.0
200971,Dontell Jefferson,2008-09,25.0,6,83.78166666666667,29,12,9,4,1,6,11,22,0.5,1,2,0.5,6,9,0.667,4.833333333333333,2.0,1.5,0.6666666666666666,0.16666666666666666,1.0,13.963611111111112,12.460960035011638,5.156259324832402,3.867194493624301,0.5585516178736517,Arkansas,USA,Undrafted,Undrafted,Undrafted,0,61.0
201569,Eric Gordon,2008-09,20.0,78,2676.6516666666666,1252,201,215,78,35,164,411,901,0.456,131,337,0.389,299,350,0.854,16.05128205128205,2.576923076923077,2.7564102564102564,1.0,0.44871794871794873,2.1025641025641026,34.31604700854701,16.8389486616052,2.7033775407209633,2.891672493806005,0.5933649289099526,Indiana,USA,2008,1,7,0,7.0
201588,George Hill,2008-09,23.0,77,1269.8033333333333,438,158,136,45,21,74,150,372,0.403,24,73,0.329,114,146,0.781,5.688311688311688,2.051948051948052,1.7662337662337662,0.5844155844155844,0.2727272727272727,0.961038961038961,16.49095238095238,12.417670977920466,4.479433823085465,3.8557151894912867,0.502017238217495,Indiana-Purdue Indianapolis,USA,2008,1,26,0,26.0
201609,Goran Dragic,2008-09,23.0,55,728.2416666666667,246,103,111,29,3,73,88,224,0.393,20,54,0.37,50,65,0.769,4.472727272727273,1.8727272727272728,2.018181818181818,0.5272727272727272,0.05454545454545454,1.3272727272727274,13.240757575757575,12.160798269805124,5.091716348739544,5.487189463204751,0.48693586698337293,Union Olimpija,Slovenia,2008,2,45,0,45.0
201141,Greg Oden,2008-09,21.0,61,1313.8933333333334,540,424,31,25,69,87,198,351,0.564,0,0,0.0,144,226,0.637,8.852459016393443,6.950819672131147,0.5081967213114754,0.4098360655737705,1.1311475409836065,1.4262295081967213,21.539234972677598,14.795721621237643,11.617381421119928,0.8493840189969759,0.5994139064026286,Ohio State,USA,2007,1,1,0,1.0
201632,Hamed Haddadi,2008-09,24.0,19,119.67666666666666,48,47,8,1,12,9,15,31,0.484,0,0,0.0,18,30,0.6,2.526315789473684,2.473684210526316,0.42105263157894735,0.05263157894736842,0.631578947368421,0.47368421052631576,6.298771929824561,14.43890482689469,14.138094309667716,2.4064841378157813,0.5429864253393665,Saba Battery,Iran,Undrafted,Undrafted,Undrafted,0,61.0
201611,Henry Walker,2008-09,21.0,29,215.83,88,29,13,6,2,18,36,58,0.621,0,1,0.0,16,23,0.696,3.0344827586206895,1.0,0.4482758620689655,0.20689655172413793,0.06896551724137931,0.6206896551724138,7.442413793103449,14.67821896863272,4.837140341935783,2.1683732567298337,0.6459189665296535,Kansas State,USA,2008,2,47,0,47.0
201592,J.R. Giddens,2008-09,24.0,6,7.611666666666666,4,3,0,1,0,1,2,3,0.667,0,0,0.0,0,0,0.0,0.6666666666666666,0.5,0.0,0.16666666666666666,0.0,0.16666666666666666,1.2686111111111111,18.918327129406613,14.18874534705496,0.0,0.6666666666666666,New Mexico,USA,2008,1,30,0,30.0
201581,JJ Hickson,2008-09,20.0,62,704.7016666666667,245,165,9,14,30,45,100,194,0.515,0,0,0.0,45,67,0.672,3.9516129032258065,2.661290322580645,0.14516129032258066,0.22580645161290322,0.4838709677419355,0.7258064516129032,11.366155913978496,12.515934639007996,8.42909883851559,0.4597690275553957,0.5481474852335779,North Carolina State,USA,2008,1,19,0,19.0
201580,JaVale McGee,2008-09,21.0,75,1142.5916666666667,489,294,23,33,75,61,191,387,0.494,0,0,0.0,107,162,0.66,6.52,3.92,0.30666666666666664,0.44,1.0,0.8133333333333334,15.234555555555556,15.407078936044519,9.263151752959281,0.7246683344151819,0.533516627389369,Nevada,USA,2008,1,18,0,18.0
201574,Jason Thompson,2008-09,22.0,82,2302.8766666666666,910,606,93,46,59,146,356,717,0.497,0,8,0.0,198,286,0.692,11.097560975609756,7.390243902439025,1.1341463414634145,0.5609756097560976,0.7195121951219512,1.7804878048780488,28.083861788617885,14.225685845095194,9.473368815524932,1.453833828125113,0.539841488301457,Rider,USA,2008,1,12,0,12.0
101214,Jawad Williams,2008-09,26.0,10,20.265,12,2,0,1,0,1,5,12,0.417,2,6,0.333,0,0,0.0,1.2,0.2,0.0,0.1,0.0,0.1,2.0265,21.317542561065874,3.5529237601776464,0.0,0.5,North Carolina,USA,Undrafted,Undrafted,Undrafted,0,61.0
201573,Jerryd Bayless,2008-09,20.0,53,654.75,228,57,78,16,2,56,69,189,0.365,7,27,0.259,83,103,0.806,4.30188679245283,1.0754716981132075,1.471698113207547,0.3018867924528302,0.03773584905660377,1.0566037735849056,12.35377358490566,12.536082474226804,3.134020618556701,4.288659793814433,0.48651416865824515,Arizona,USA,2008,1,11,0,11.0
201570,Joe Alexander,2008-09,22.0,59,716.3883333333333,278,115,42,15,29,52,102,245,0.416,16,46,0.348,58,83,0.699,4.711864406779661,1.9491525423728813,0.711864406779661,0.2542372881355932,0.4915254237288136,0.8813559322033898,12.142175141242937,13.970076750738079,5.778988583938414,2.1105871350035943,0.4937482239272521,West Virginia,USA,2008,1,8,0,8.0
201621,Joe Crawford,2008-09,23.0,2,22.833333333333332,9,4,1,1,0,0,3,10,0.3,1,4,0.25,2,2,1.0,4.5,2.0,0.5,0.5,0.0,0.0,11.416666666666666,14.189781021897812,6.306569343065694,1.5766423357664234,0.41360294117647056,Kentucky,USA,2008,2,58,0,58.0
201595,Joey Dorsey,2008-09,25.0,3,6.366666666666666,2,1,1,0,0,0,1,2,0.5,0,0,0.0,0,0,0.0,0.6666666666666666,0.3333333333333333,0.3333333333333333,0.0,0.0,0.0,2.1222222222222222,11.30890052356021,5.654450261780105,5.654450261780105,0.5,Memphis,USA,2008,2,33,0,33.0
201567,Kevin Love,2008-09,20.0,81,2047.7016666666666,899,734,84,35,50,118,316,688,0.459,2,19,0.105,265,336,0.789,11.098765432098766,9.061728395061728,1.037037037037037,0.43209876543209874,0.6172839506172839,1.4567901234567902,25.28026748971193,15.805036703751604,12.904223515632566,1.4767776230424192,0.537782350689127,UCLA,USA,2008,1,5,1,5.0
201585,Kosta Koufos,2008-09,20.0,48,565.1883333333334,224,138,20,12,31,26,94,185,0.508,0,0,0.0,36,51,0.706,4.666666666666667,2.875,0.4166666666666667,0.25,0.6458333333333334,0.5416666666666666,11.774756944444446,14.26781043486979,8.789990357196567,1.2739116459705169,0.5399151561897416,Ohio State,USA,2008,1,23,0,23.0
201602,Kyle Weaver,2008-09,23.0,56,1165.6983333333333,299,130,101,47,25,69,113,246,0.459,32,93,0.344,41,58,0.707,5.339285714285714,2.3214285714285716,1.8035714285714286,0.8392857142857143,0.44642857142857145,1.2321428571428572,20.816041666666667,9.233949892696653,4.0147608229115885,3.119160331646696,0.5506040070713023,Washington State,USA,2008,2,38,0,38.0
201601,Luc Mbah a Moute,2008-09,22.0,82,2113.6916666666666,594,487,87,87,45,100,227,491,0.462,0,4,0.0,140,192,0.729,7.2439024390243905,5.939024390243903,1.0609756097560976,1.0609756097560976,0.5487804878048781,1.2195121951219512,25.776727642276423,10.116896582992633,8.294492653059615,1.4817676813474057,0.5160909154097449,UCLA,Cameroon,2008,2,37,0,37.0
201612,Malik Hairston,2008-09,22.0,15,155.05,50,28,13,6,7,12,24,49,0.49,0,1,0.0,2,7,0.286,3.3333333333333335,1.8666666666666667,0.8666666666666667,0.4,0.4666666666666667,0.8,10.336666666666668,11.609158336020638,6.501128668171557,3.0183811673653658,0.48003072196620583,Oregon,USA,2008,2,48,0,48.0
201188,Marc Gasol,2008-09,24.0,82,2520.98,975,605,143,63,90,164,350,661,0.53,0,1,0.0,275,375,0.733,11.890243902439025,7.378048780487805,1.7439024390243902,0.7682926829268293,1.0975609756097562,2.0,30.743658536585365,13.923156867567375,8.639497338336678,2.0420630072432147,0.5901937046004843,FC Barcelona,Spain,2007,2,48,1,48.0
201596,Mario Chalmers,2008-09,23.0,82,2625.8433333333332,818,228,403,160,8,165,278,662,0.42,114,311,0.367,148,193,0.767,9.975609756097562,2.7804878048780486,4.914634146341464,1.951219512195122,0.0975609756097561,2.0121951219512195,32.02247967479675,11.214682774930722,3.125852900591937,5.525082100607678,0.547582070368982,Kansas,USA,2008,2,34,0,34.0
201578,Marreese Speights,2008-09,21.0,79,1262.4233333333334,608,293,30,27,56,46,252,502,0.502,2,8,0.25,102,132,0.773,7.69620253164557,3.7088607594936707,0.379746835443038,0.34177215189873417,0.7088607594936709,0.5822784810126582,15.980042194092828,17.338082576631717,8.355358873278112,0.8554974955574859,0.5427796029138694,Florida,USA,2008,1,16,0,16.0
201563,Michael Beasley,2008-09,20.0,81,2008.59,1123,439,83,41,37,121,452,957,0.472,33,81,0.407,186,241,0.772,13.864197530864198,5.419753086419753,1.0246913580246915,0.5061728395061729,0.4567901234567901,1.4938271604938271,24.797407407407405,20.12755216345795,7.868206054993802,1.4876107119919946,0.5282021372667068,Kansas State,USA,2008,1,2,0,2.0
201446,Mike Taylor,2008-09,23.0,51,770.485,289,87,106,36,0,73,110,267,0.412,13,40,0.325,56,81,0.691,5.666666666666667,1.7058823529411764,2.0784313725490198,0.7058823529411765,0.0,1.4313725490196079,15.107549019607843,13.503183060020636,4.064972063051195,4.9527245825681225,0.4774649748876553,Iowa State,USA,2008,2,55,0,55.0
201605,Nathan Jawai,2008-09,22.0,6,18.858333333333334,2,2,0,0,0,2,1,4,0.25,0,0,0.0,0,0,0.0,0.3333333333333333,0.3333333333333333,0.0,0.0,0.0,0.3333333333333333,3.1430555555555557,3.8179407865665045,3.8179407865665045,0.0,0.25,Midland (Texas),Australia,2008,2,41,0,41.0
201587,Nicolas Batum,2008-09,20.0,79,1453.7716666666668,426,220,74,50,40,50,161,361,0.446,62,168,0.369,42,52,0.808,5.3924050632911396,2.7848101265822787,0.9367088607594937,0.6329113924050633,0.5063291139240507,0.6329113924050633,18.402172995780592,10.549111907761763,5.447898168327671,1.8324748384374894,0.5548608940293842,Le Mans,France,2008,1,25,0,25.0
201564,O.J. Mayo,2008-09,21.0,82,3120.3033333333333,1516,308,262,91,13,226,562,1283,0.438,145,378,0.384,247,281,0.879,18.48780487804878,3.7560975609756095,3.1951219512195124,1.1097560975609757,0.15853658536585366,2.7560975609756095,38.05247967479675,17.49060721660608,3.5535006746138995,3.0227830413923433,0.5388727748393334,Southern California,USA,2008,1,3,0,3.0
201629,Othello Hunter,2008-09,23.0,16,91.56,22,24,1,2,5,2,11,20,0.55,0,0,0.0,0,5,0.0,1.375,1.5,0.0625,0.125,0.3125,0.125,5.7225,8.650065530799475,9.436435124508519,0.3931847968545216,0.4954954954954955,Ohio State,USA,Undrafted,Undrafted,Undrafted,0,61.0
201633,Rob Kurz,2008-09,24.0,40,441.91333333333336,157,81,20,14,19,16,51,131,0.389,15,38,0.395,40,50,0.8,3.925,2.025,0.5,0.35,0.475,0.4,11.047833333333333,12.789838128139754,6.598578906874651,1.6292787424381854,0.5130718954248366,Notre Dame,USA,Undrafted,Undrafted,Undrafted,0,61.0
201577,Robin Lopez,2008-09,21.0,60,614.3333333333334,189,118,8,11,41,28,71,137,0.518,0,1,0.0,47,68,0.691,3.15,1.9666666666666666,0.13333333333333333,0.18333333333333332,0.6833333333333333,0.4666666666666667,10.238888888888889,11.075420510037981,6.914812805208898,0.4688008681497558,0.5661394680086268,Stanford,USA,2008,1,15,0,15.0
101146,Roko Ukic,2008-09,24.0,72,889.535,301,75,153,30,2,60,123,324,0.38,11,62,0.177,44,60,0.733,4.180555555555555,1.0416666666666667,2.125,0.4166666666666667,0.027777777777777776,0.8333333333333334,12.354652777777778,12.181645466451574,3.035293720876638,6.191999190588342,0.42950913242009137,Virtus Roma,Croatia,2005,2,41,0,41.0
201579,Roy Hibbert,2008-09,22.0,70,1009.1016666666667,494,243,49,20,76,55,198,420,0.471,0,0,0.0,98,147,0.667,7.057142857142857,3.4714285714285715,0.7,0.2857142857142857,1.0857142857142856,0.7857142857142857,14.415738095238096,17.623595904608223,8.66909677089028,1.7480894723194393,0.509614591070397,Georgetown,USA,2008,1,17,1,17.0
201164,Rudy Fernandez,2008-09,24.0,78,1992.945,815,207,159,69,12,86,268,630,0.425,159,398,0.399,120,143,0.839,10.448717948717949,2.6538461538461537,2.0384615384615383,0.8846153846153846,0.15384615384615385,1.1025641025641026,25.55057692307692,14.721931613767564,3.739189992699247,2.8721314436675374,0.5880909773133984,DKV Joventut,Spain,2007,1,24,0,24.0
201566,Russell Westbrook,2008-09,20.0,82,2668.035,1256,399,435,110,16,274,436,1095,0.398,35,129,0.271,349,428,0.815,15.317073170731707,4.865853658536586,5.304878048780488,1.3414634146341464,0.1951219512195122,3.341463414634146,32.537012195121946,16.94730391467878,5.383737469710855,5.8694882188577,0.48935573356606304,UCLA,USA,2008,1,4,1,4.0
201583,Ryan Anderson,2008-09,21.0,66,1312.425,487,311,52,44,20,63,160,407,0.393,69,189,0.365,98,116,0.845,7.378787878787879,4.712121212121212,0.7878787878787878,0.6666666666666666,0.30303030303030304,0.9545454545454546,19.88522727272727,13.35847762729299,8.53077318703926,1.4263672209840563,0.5316129595668501,California,USA,2008,1,21,0,21.0
201606,Sean Singletary,2008-09,23.0,37,302.9716666666667,90,35,29,11,0,23,31,85,0.365,10,25,0.4,18,21,0.857,2.4324324324324325,0.9459459459459459,0.7837837837837838,0.2972972972972973,0.0,0.6216216216216216,8.188423423423425,10.694069302410016,4.158804728715006,3.445866775221005,0.4775042444821732,Virginia,USA,2008,2,42,0,42.0
201603,Sonny Weems,2008-09,22.0,12,55.03333333333333,19,4,3,1,0,6,8,25,0.32,0,3,0.0,3,8,0.375,1.5833333333333333,0.3333333333333333,0.25,0.08333333333333333,0.0,0.5,4.586111111111111,12.428831011508178,2.6165960024227743,1.9624470018170805,0.3330995792426368,Arkansas,USA,2008,2,39,0,39.0
201631,Steven Hill,2008-09,23.0,1,2.433333333333333,2,3,0,0,0,0,1,1,1.0,0,0,0.0,0,0,0.0,2.0,3.0,0.0,0.0,0.0,0.0,2.433333333333333,29.589041095890412,44.38356164383562,0.0,1.0,Arkansas,USA,Undrafted,Undrafted,Undrafted,0,61.0
201180,Sun Sun,2008-09,23.0,10,28.148333333333333,6,0,2,1,1,3,3,11,0.273,0,6,0.0,0,0,0.0,0.6,0.0,0.2,0.1,0.1,0.3,2.8148333333333335,7.673633726093907,0.0,2.557877908697969,0.2727272727272727,Beijing,China,2007,2,40,0,40.0
201234,Trey Johnson,2008-09,24.0,4,14.133333333333333,4,1,0,0,0,1,0,5,0.0,0,0,0.0,4,4,1.0,1.0,0.25,0.0,0.0,0.0,0.25,3.533333333333333,10.18867924528302,2.547169811320755,0.0,0.2958579881656805,Jackson State,USA,Undrafted,Undrafted,Undrafted,0,61.0
201594,Walter Sharpe,2008-09,22.0,8,19.53,8,3,0,0,2,0,4,11,0.364,0,2,0.0,0,2,0.0,1.0,0.375,0.0,0.0,0.25,0.0,2.44125,14.746543778801842,5.52995391705069,0.0,0.33670033670033667,Alabama-Birmingham,USA,2008,2,32,0,32.0
201985,AJ Price,2009-10,23.0,56,865.3116666666666,410,88,106,35,3,59,145,354,0.41,60,174,0.345,60,75,0.8,7.321428571428571,1.5714285714285714,1.8928571428571428,0.625,0.05357142857142857,1.0535714285714286,15.451994047619047,17.05743787883749,3.6611086178968275,4.409971744284815,0.5297157622739018,Connecticut,USA,2009,2,52,0,52.0
202087,Alonzo Gee,2009-10,23.0,11,181.68333333333334,81,33,7,7,1,10,28,59,0.475,7,9,0.778,18,29,0.621,7.363636363636363,3.0,0.6363636363636364,0.6363636363636364,0.09090909090909091,0.9090909090909091,16.516666666666666,16.0499036785616,6.538849646821392,1.3870287129621135,0.56438127090301,Alabama,USA,Undrafted,Undrafted,Undrafted,0,61.0
202079,Antonio Anderson,2009-10,25.0,1,14.616666666666667,2,1,0,0,0,1,1,3,0.333,0,0,0.0,0,0,0.0,2.0,1.0,0.0,0.0,0.0,1.0,14.616666666666667,4.925883694412771,2.4629418472063853,0.0,0.3333333333333333,Memphis,USA,Undrafted,Undrafted,Undrafted,0,61.0
201948,Austin Daye,2009-10,22.0,69,914.915,349,174,34,25,26,48,137,295,0.464,29,95,0.305,46,56,0.821,5.057971014492754,2.5217391304347827,0.4927536231884058,0.36231884057971014,0.37681159420289856,0.6956521739130435,13.25963768115942,13.732423230573332,6.84653765650361,1.337829197247832,0.5459266675009385,Gonzaga,USA,2009,1,15,0,15.0
201943,Brandon Jennings,2009-10,20.0,82,2670.721666666667,1270,282,470,105,18,200,451,1216,0.371,145,388,0.374,223,273,0.817,15.487804878048781,3.4390243902439024,5.7317073170731705,1.2804878048780488,0.21951219512195122,2.4390243902439024,32.56977642276423,17.118968468572476,3.8012197701869592,6.335366283644932,0.4752567134688501,Virtus Roma,USA,2009,1,10,0,10.0
201957,Byron Mullens,2009-10,21.0,13,54.295,14,10,1,2,0,4,7,19,0.368,0,0,0.0,0,0,0.0,1.0769230769230769,0.7692307692307693,0.07692307692307693,0.15384615384615385,0.0,0.3076923076923077,4.1765384615384615,9.282622709273413,6.630444792338152,0.6630444792338153,0.3684210526315789,Ohio State,USA,2009,1,24,0,24.0
202132,Cedric Jackson,2009-10,24.0,12,74.53833333333333,20,8,14,3,2,11,6,20,0.3,1,6,0.167,7,12,0.583,1.6666666666666667,0.6666666666666666,1.1666666666666667,0.25,0.16666666666666666,0.9166666666666666,6.2115277777777775,9.659459338595354,3.863783735438142,6.761621537016748,0.39556962025316456,Cleveland State,USA,Undrafted,Undrafted,Undrafted,0,61.0
201978,Chase Budinger,2009-10,22.0,74,1488.2883333333334,657,220,88,34,11,48,249,565,0.441,92,249,0.369,67,87,0.77,8.878378378378379,2.972972972972973,1.1891891891891893,0.4594594594594595,0.14864864864864866,0.6486486486486487,20.112004504504505,15.892081843459993,5.321549475740028,2.128619790296011,0.544523272775494,Arizona,USA,2009,2,44,0,44.0
201805,Chris Hunter,2009-10,25.0,60,782.9366666666666,270,167,37,13,35,30,109,217,0.502,0,4,0.0,52,69,0.754,4.5,2.783333333333333,0.6166666666666667,0.21666666666666667,0.5833333333333334,0.5,13.048944444444443,12.414797280324931,7.678782021534309,1.7012870347111944,0.5457632600258732,Michigan,USA,Undrafted,Undrafted,Undrafted,0,61.0
201969,DaJuan Summers,2009-10,22.0,44,405.12333333333333,134,45,16,8,7,16,46,130,0.354,15,42,0.357,27,38,0.711,3.0454545454545454,1.0227272727272727,0.36363636363636365,0.18181818181818182,0.1590909090909091,0.36363636363636365,9.207348484848485,11.907484963426777,3.99878226383735,1.4217892493643909,0.45665212649945475,Georgetown,USA,2009,2,35,0,35.0
201980,Danny Green,2009-10,23.0,20,114.81333333333333,40,17,5,6,3,5,15,39,0.385,6,22,0.273,4,6,0.667,2.0,0.85,0.25,0.3,0.15,0.25,5.740666666666667,12.542097317384739,5.330391359888515,1.5677621646730924,0.4803073967339097,North Carolina,USA,2009,2,46,0,46.0
201967,Dante Cunningham,2009-10,23.0,63,707.3833333333333,243,160,14,24,22,15,106,214,0.495,0,2,0.0,31,48,0.646,3.857142857142857,2.5396825396825395,0.2222222222222222,0.38095238095238093,0.3492063492063492,0.23809523809523808,11.228306878306878,12.366703578917608,8.142685484060976,0.7124849798553354,0.5167574004763524,Villanova,USA,2009,2,33,0,33.0
201954,Darren Collison,2009-10,22.0,76,2109.1316666666667,946,192,432,78,4,202,376,789,0.477,46,115,0.4,148,174,0.851,12.447368421052632,2.526315789473684,5.684210526315789,1.0263157894736843,0.05263157894736842,2.6578947368421053,27.75173245614035,16.146929344540684,3.2771780487862703,7.373650609769107,0.5464670271269467,UCLA,USA,2009,1,21,0,21.0
201971,DeJuan Blair,2009-10,21.0,82,1494.3166666666666,638,526,65,50,39,112,275,495,0.556,0,2,0.0,88,161,0.547,7.780487804878049,6.414634146341464,0.7926829268292683,0.6097560975609756,0.47560975609756095,1.3658536585365855,18.223373983739837,15.370236116842705,12.672012848682229,1.5659331467002755,0.5637636080870917,Pittsburgh,USA,2009,2,37,0,37.0
201942,DeMar DeRozan,2009-10,20.0,77,1663.6416666666667,662,223,53,43,18,62,255,512,0.498,4,16,0.25,148,194,0.763,8.597402597402597,2.896103896103896,0.6883116883116883,0.5584415584415584,0.23376623376623376,0.8051948051948052,21.605735930735932,14.325200238432757,4.825558388475082,1.146881590086006,0.5541047274675237,Southern California,USA,2009,1,9,1,9.0
201960,DeMarre Carroll,2009-10,23.0,71,795.2683333333333,209,150,33,28,9,24,88,222,0.396,0,6,0.0,33,53,0.623,2.943661971830986,2.112676056338028,0.4647887323943662,0.39436619718309857,0.1267605633802817,0.3380281690140845,11.200962441314553,9.460957622270051,6.79016097292109,1.4938354140426398,0.42597423773031146,Missouri,USA,2009,1,27,0,27.0
201974,Derrick Brown,2009-10,22.0,57,535.4066666666666,186,78,19,21,10,19,68,147,0.463,2,7,0.286,48,72,0.667,3.263157894736842,1.368421052631579,0.3333333333333333,0.3684210526315789,0.17543859649122806,0.3333333333333333,9.393099415204677,12.506381442143669,5.244611572511861,1.277533588175966,0.5204835460040296,Xavier,USA,2009,2,40,0,40.0
201947,Earl Clark,2009-10,22.0,51,383.39,140,62,21,7,13,23,56,151,0.371,2,5,0.4,26,36,0.722,2.7450980392156863,1.2156862745098038,0.4117647058823529,0.13725490196078433,0.2549019607843137,0.45098039215686275,7.517450980392157,13.145882782545188,5.8217480894128695,1.9718824173817786,0.41956365380004795,Louisville,USA,2009,1,14,0,14.0
201953,Eric Maynor,2009-10,23.0,81,1269.4933333333333,382,129,266,40,10,85,154,368,0.418,22,71,0.31,52,72,0.722,4.716049382716049,1.5925925925925926,3.2839506172839505,0.49382716049382713,0.12345679012345678,1.0493827160493827,15.67275720164609,10.832668151073394,3.658152333739445,7.5431668277107935,0.4778823058446757,Va Commonwealth,USA,2009,1,20,0,20.0
202066,Garrett Temple,2009-10,24.0,27,334.10333333333335,136,31,21,13,6,27,44,101,0.436,13,37,0.351,35,50,0.7,5.037037037037037,1.1481481481481481,0.7777777777777778,0.48148148148148145,0.2222222222222222,1.0,12.374197530864198,14.65414891600403,3.340283944089154,2.262772994382975,0.5528455284552846,Louisiana State,USA,Undrafted,Undrafted,Undrafted,0,61.0
201945,Gerald Henderson,2009-10,22.0,43,355.025,113,55,13,10,9,14,37,104,0.356,4,19,0.211,35,47,0.745,2.627906976744186,1.2790697674418605,0.3023255813953488,0.23255813953488372,0.20930232558139536,0.32558139534883723,8.25639534883721,11.458348003661715,5.577072037180481,1.3182170269699318,0.4531600898299647,Duke,USA,2009,1,12,0,12.0
201934,Hasheem Thabeet,2009-10,23.0,68,883.2966666666666,208,243,11,15,89,43,77,131,0.588,0,0,0.0,54,93,0.581,3.0588235294117645,3.573529411764706,0.16176470588235295,0.22058823529411764,1.3088235294117647,0.6323529411764706,12.989656862745097,8.477333021370699,9.903807327851345,0.4483204963224889,0.6049325267566309,Connecticut,Tanzania,2009,1,2,0,2.0
201935,James Harden,2009-10,20.0,76,1738.36,753,244,137,80,20,106,233,578,0.403,93,248,0.375,194,240,0.808,9.907894736842104,3.210526315789474,1.8026315789473684,1.0526315789473684,0.2631578947368421,1.394736842105263,22.873157894736842,15.594008145608505,5.053038496053753,2.837156860489197,0.5507606787595085,Arizona State,USA,2009,1,3,1,3.0
201949,James Johnson,2009-10,23.0,65,757.1766666666666,256,128,48,21,43,62,95,210,0.452,15,46,0.326,51,70,0.729,3.9384615384615387,1.9692307692307693,0.7384615384615385,0.3230769230769231,0.6615384615384615,0.9538461538461539,11.648871794871795,12.171531963038131,6.0857659815190654,2.2821622430696493,0.5315614617940199,Wake Forest,USA,2009,1,16,0,16.0
201191,JamesOn Curry,2009-10,24.0,1,0.065,0,0,0,0,0,0,0,0,0.0,0,0,0.0,0,0,0.0,0.0,0.0,0.0,0.0,0.0,0.0,0.065,0.0,0.0,0.0,,Oklahoma State,USA,2007,2,51,0,51.0
201965,Jeff Ayres,2009-10,23.0,39,405.0233333333333,104,98,1,7,16,12,43,65,0.662,0,0,0.0,18,20,0.9,2.6666666666666665,2.5128205128205128,0.02564102564102564,0.1794871794871795,0.41025641025641024,0.3076923076923077,10.385213675213675,9.24391187339001,8.710609265309818,0.08888376801336548,0.7046070460704608,Arizona State,USA,2009,2,31,0,31.0
201952,Jeff Teague,2009-10,22.0,71,718.4983333333333,228,67,122,34,11,50,90,227,0.396,7,32,0.219,41,49,0.837,3.211267605633803,0.9436619718309859,1.7183098591549295,0.4788732394366197,0.15492957746478872,0.704225352112676,10.11969483568075,11.42382608171209,3.357001524011886,6.112749043723135,0.45864177663340844,Wake Forest,USA,2009,1,19,1,19.0
201966,Jermaine Taylor,2009-10,23.0,31,302.6983333333333,128,46,16,10,3,19,45,119,0.378,5,22,0.227,33,46,0.717,4.129032258064516,1.4838709677419355,0.5161290322580645,0.3225806451612903,0.0967741935483871,0.6129032258064516,9.764462365591397,15.223076880722832,5.4707932540097675,1.902884610090354,0.45963803504740014,Central Florida,USA,2009,2,32,0,32.0
201975,Jodie Meeks,2009-10,22.0,60,718.8166666666667,281,99,39,18,5,25,104,268,0.388,42,132,0.318,31,39,0.795,4.683333333333334,1.65,0.65,0.3,0.08333333333333333,0.4166666666666667,11.98027777777778,14.073129448862714,4.958148809385795,1.9532101370307682,0.49270584934773454,Kentucky,USA,2009,2,41,0,41.0
201972,Jon Brockman,2009-10,23.0,52,653.6566666666666,147,213,22,15,5,23,55,103,0.534,0,0,0.0,37,62,0.597,2.826923076923077,4.096153846153846,0.4230769230769231,0.28846153846153844,0.09615384615384616,0.4423076923076923,12.570320512820512,8.095993309433597,11.73092908101603,1.2116452571941438,0.5641694811175929,Washington,USA,2009,2,38,0,38.0
201973,Jonas Jerebko,2009-10,23.0,80,2232.2,741,478,58,79,29,82,290,603,0.481,36,115,0.313,125,176,0.71,9.2625,5.975,0.725,0.9875,0.3625,1.025,27.902499999999996,11.950542066123107,7.708986649941762,0.9354000537586238,0.5445006172476632,Angelico Biella,Sweden,2009,2,39,0,39.0
201938,Jonny Flynn,2009-10,21.0,81,2339.4166666666665,1094,191,356,82,2,233,397,952,0.417,77,215,0.358,223,270,0.826,13.506172839506172,2.3580246913580245,4.395061728395062,1.0123456790123457,0.024691358024691357,2.876543209876543,28.881687242798353,16.83496598154811,2.93919424357924,5.478288747194814,0.5108330220395966,Syracuse,USA,2009,1,6,0,6.0
201941,Jordan Hill,2009-10,22.0,47,624.0983333333334,244,175,20,14,21,30,99,201,0.493,0,2,0.0,46,68,0.676,5.191489361702128,3.723404255319149,0.425531914893617,0.2978723404255319,0.44680851063829785,0.6382978723404256,13.278687943262412,14.074705107902332,10.094563089684051,1.1536643531067488,0.5283214966222068,Arizona,USA,2009,1,8,0,8.0
201950,Jrue Holiday,2009-10,20.0,73,1766.7616666666668,587,191,280,79,18,156,230,520,0.442,62,159,0.39,65,86,0.756,8.04109589041096,2.6164383561643834,3.835616438356164,1.082191780821918,0.2465753424657534,2.136986301369863,24.202214611872147,11.960866255305138,3.8918661921009905,5.705353580043337,0.52613652660261,UCLA,USA,2009,1,17,1,17.0
201991,Lester Hudson,2009-10,25.0,25,131.42666666666668,58,18,13,8,3,14,21,53,0.396,5,16,0.313,11,13,0.846,2.32,0.72,0.52,0.32,0.12,0.56,5.257066666666667,15.887186770822764,4.930506239220858,3.5609211727706196,0.4938692098092643,Tennessee-Martin,USA,2009,2,58,0,58.0
202068,Marcus Landry,2009-10,24.0,18,110.65,44,19,0,1,2,6,16,43,0.372,9,28,0.321,3,5,0.6,2.4444444444444446,1.0555555555555556,0.0,0.05555555555555555,0.1111111111111111,0.3333333333333333,6.147222222222222,14.31540894713059,6.181653863533665,0.0,0.48672566371681414,Wisconsin,USA,Undrafted,Undrafted,Undrafted,0,61.0
201977,Marcus Thornton,2009-10,23.0,73,1871.5966666666666,1057,211,114,58,11,76,398,883,0.451,117,313,0.374,144,177,0.814,14.479452054794521,2.8904109589041096,1.5616438356164384,0.7945205479452054,0.1506849315068493,1.0410958904109588,25.638310502283105,20.3313035750224,4.05856674960239,2.192780139595604,0.5500166514028807,Louisiana State,USA,2009,2,43,0,43.0
201802,Oliver Lafayette,2009-10,26.0,1,21.53,7,4,2,0,0,1,3,6,0.5,1,2,0.5,0,0,0.0,7.0,4.0,2.0,0.0,0.0,1.0,21.53,11.7045982350209,6.688341848583372,3.344170924291686,0.5833333333333334,Houston,USA,Undrafted,Undrafted,Undrafted,0,61.0
201956,Omri Casspi,2009-10,22.0,77,1931.0933333333332,792,349,95,54,17,98,300,672,0.446,75,203,0.369,117,174,0.672,10.285714285714286,4.532467532467533,1.2337662337662338,0.7012987012987013,0.22077922077922077,1.2727272727272727,25.0791341991342,14.764692885550154,6.506158859920459,1.7710174547061424,0.529015710163514,Maccabi Tel Aviv,Israel,2009,1,23,0,23.0
201785,Othyus Jeffers,2009-10,24.0,14,72.515,37,19,1,4,0,6,12,29,0.414,0,0,0.0,13,19,0.684,2.642857142857143,1.3571428571428572,0.07142857142857142,0.2857142857142857,0.0,0.42857142857142855,5.179642857142857,18.368613390333035,9.432531200441288,0.49644901054954144,0.49518201284796576,Robert Morris-Chicago,USA,Undrafted,Undrafted,Undrafted,0,61.0
201988,Patty Mills,2009-10,21.0,10,37.733333333333334,26,2,5,0,0,4,10,24,0.417,2,4,0.5,4,7,0.571,2.6,0.2,0.5,0.0,0.0,0.4,3.7733333333333334,24.80565371024735,1.9081272084805654,4.770318021201414,0.4800590841949779,St. Mary's,Australia,2009,2,55,0,55.0
202130,Reggie Williams,2009-10,23.0,24,781.4866666666667,365,110,66,23,6,29,140,283,0.495,33,92,0.359,52,62,0.839,15.208333333333334,4.583333333333333,2.75,0.9583333333333334,0.25,1.2083333333333333,32.56194444444444,16.814106446687084,5.067264956535833,3.0403589739215,0.5881784194920717,Virginia Military Institute,USA,Undrafted,Undrafted,Undrafted,0,61.0
201958,Rodrigue Beaubois,2009-10,22.0,56,699.9133333333333,397,78,74,29,12,54,155,299,0.518,45,110,0.409,42,52,0.808,7.089285714285714,1.3928571428571428,1.3214285714285714,0.5178571428571429,0.21428571428571427,0.9642857142857143,12.498452380952381,20.419671006886567,4.01192528598779,3.806185527732005,0.6166894494842798,Cholet,France,2009,1,25,0,25.0
201970,Sam Young,2009-10,25.0,80,1321.0466666666666,595,201,52,34,20,94,224,497,0.451,11,56,0.196,136,175,0.777,7.4375,2.5125,0.65,0.425,0.25,1.175,16.513083333333334,16.214415841983882,5.477474931493715,1.4170581912322049,0.5182926829268293,Pittsburgh,USA,2009,2,36,0,36.0
201586,Serge Ibaka,2009-10,20.0,73,1323.3933333333334,461,397,10,25,97,68,201,370,0.543,1,2,0.5,58,92,0.63,6.315068493150685,5.438356164383562,0.136986301369863,0.3424657534246575,1.3287671232876712,0.9315068493150684,18.12867579908676,12.540489348090011,10.799510349656689,0.2720279685052063,0.5615377119469889,Ricoh Manresa,Democratic Republic of the Congo,2008,1,24,0,24.0
201939,Stephen Curry,2009-10,22.0,80,2896.213333333333,1399,356,472,152,19,243,528,1143,0.462,166,380,0.437,177,200,0.885,17.4875,4.45,5.9,1.9,0.2375,3.0375,36.202666666666666,17.38960297583972,4.425088391278727,5.866971125515616,0.5682372055239643,Davidson,USA,2009,1,7,1,7.0
202178,Sundiata Gaines,2009-10,24.0,32,217.115,106,29,39,12,0,14,38,82,0.463,7,26,0.269,23,46,0.5,3.3125,0.90625,1.21875,0.375,0.0,0.4375,6.78484375,17.5759390184925,4.8085116182668175,6.466619072841581,0.5183881064162754,Georgia,USA,Undrafted,Undrafted,Undrafted,0,61.0
201959,Taj Gibson,2009-10,25.0,82,2203.5816666666665,735,611,70,50,104,114,311,629,0.494,0,0,0.0,113,175,0.646,8.963414634146341,7.451219512195122,0.8536585365853658,0.6097560975609756,1.2682926829268293,1.3902439024390243,26.872947154471543,12.0077237890737,9.981930932141537,1.1435927418165428,0.5205382436260623,USC,USA,2009,1,26,0,26.0
201981,Taylor Griffin,2009-10,24.0,8,32.48833333333334,10,2,1,0,2,1,4,10,0.4,0,2,0.0,2,4,0.5,1.25,0.25,0.125,0.0,0.25,0.125,4.061041666666667,11.080900836197609,2.216180167239522,1.108090083619761,0.4251700680272109,Oklahoma,USA,2009,2,48,0,48.0
201944,Terrence Williams,2009-10,23.0,78,1763.5216666666668,656,348,223,43,10,124,261,651,0.401,31,100,0.31,103,144,0.715,8.41025641025641,4.461538461538462,2.858974358974359,0.5512820512820513,0.1282051282051282,1.5897435897435896,22.609252136752136,13.391386364216299,7.103967156626939,4.5522548158845035,0.4591522481661907,Louisville,USA,2009,1,11,0,11.0
201962,Toney Douglas,2009-10,24.0,56,1086.9766666666667,481,108,112,42,3,55,179,391,0.458,68,175,0.389,55,68,0.809,8.589285714285714,1.9285714285714286,2.0,0.75,0.05357142857142857,0.9821428571428571,19.41029761904762,15.930424756127852,3.5768937082366072,3.709371252986111,0.5713674807564383,Florida State,USA,2009,1,29,0,29.0
201821,Trey Gilder,2009-10,25.0,2,5.12,2,1,0,1,0,0,1,1,1.0,0,0,0.0,0,0,0.0,1.0,0.5,0.0,0.5,0.0,0.0,2.56,14.0625,7.03125,0.0,1.0,Northwestern State,USA,Undrafted,Undrafted,Undrafted,0,61.0
201951,Ty Lawson,2009-10,22.0,65,1317.4366666666667,542,124,203,48,2,82,201,390,0.515,34,83,0.41,106,140,0.757,8.338461538461539,1.9076923076923078,3.123076923076923,0.7384615384615385,0.03076923076923077,1.2615384615384615,20.268256410256413,14.810579129673531,3.388398177268483,5.547135725689533,0.600088573959256,North Carolina,USA,2009,1,18,0,18.0
201946,Tyler Hansbrough,2009-10,24.0,29,510.79833333333335,246,138,28,17,8,21,81,225,0.36,0,4,0.0,84,113,0.743,8.482758620689655,4.758620689655173,0.9655172413793104,0.5862068965517241,0.27586206896551724,0.7241379310344828,17.613735632183907,17.337566358543324,9.725951859670644,1.973381536744769,0.4477285963890506,North Carolina,USA,2009,1,13,0,13.0
201936,Tyreke Evans,2009-10,20.0,72,2676.58,1450,380,414,109,26,216,533,1165,0.458,36,141,0.255,348,465,0.748,20.13888888888889,5.277777777777778,5.75,1.5138888888888888,0.3611111111111111,3.0,37.17472222222222,19.5024994582639,5.110999858027782,5.568299845325004,0.5293516355140188,Memphis,USA,2009,1,4,0,4.0
201961,Wayne Ellington,2009-10,22.0,76,1384.2416666666666,505,159,74,20,5,74,190,448,0.424,64,162,0.395,61,70,0.871,6.644736842105263,2.0921052631578947,0.9736842105263158,0.2631578947368421,0.06578947368421052,0.9736842105263158,18.213706140350876,13.133544841038114,4.135116098465466,1.9245194420531098,0.527360066833751,North Carolina,USA,2009,1,28,0,28.0
202083,Wesley Matthews,2009-10,23.0,82,2024.5716666666667,769,191,124,64,15,93,273,565,0.483,63,165,0.382,160,193,0.829,9.378048780487806,2.3292682926829267,1.5121951219512195,0.7804878048780488,0.18292682926829268,1.1341463414634145,24.68989837398374,13.674003472339416,3.3962739443651864,2.204910832991011,0.591611275233875,Marquette,USA,Undrafted,Undrafted,Undrafted,0,61.0
202329,Al-Farouq Aminu,2010-11,20.0,81,1451.835,457,267,60,59,25,103,160,406,0.394,45,143,0.315,92,119,0.773,5.6419753086419755,3.2962962962962963,0.7407407407407407,0.7283950617283951,0.30864197530864196,1.271604938271605,17.92388888888889,11.331866224467657,6.620587050181323,1.4877723708272634,0.4985164499520028,Wake Forest,USA,2010,1,8,0,8.0
202360,Andy Rautins,2010-11,24.0,5,24.1,8,1,3,1,0,7,3,7,0.429,1,4,0.25,1,2,0.5,1.6,0.2,0.6,0.2,0.0,1.4,4.82,11.950207468879668,1.4937759336099585,4.481327800829875,0.5076142131979695,Syracuse,USA,2010,2,38,0,38.0
202356,Armon Johnson,2010-11,22.0,38,277.43666666666667,110,36,45,5,1,38,46,101,0.455,5,12,0.417,13,22,0.591,2.8947368421052633,0.9473684210526315,1.1842105263157894,0.13157894736842105,0.02631578947368421,1.0,7.300964912280702,14.273527892251686,4.671336401100552,5.839170501375689,0.4969280809541019,Nevada,USA,2010,2,34,0,34.0
202340,Avery Bradley,2010-11,20.0,31,162.49,52,17,12,9,0,16,23,67,0.343,0,5,0.0,6,12,0.5,1.6774193548387097,0.5483870967741935,0.3870967741935484,0.2903225806451613,0.0,0.5161290322580645,5.241612903225807,11.520708966705643,3.7663856237306907,2.6586251461628403,0.3597122302158273,University of Texas at Austin,USA,2010,1,19,0,19.0
202386,Ben Uzoh,2010-11,23.0,42,437.5783333333333,158,61,69,13,8,25,61,144,0.424,3,8,0.375,33,56,0.589,3.761904761904762,1.4523809523809523,1.6428571428571428,0.30952380952380953,0.19047619047619047,0.5952380952380952,10.418531746031746,12.998815450186063,5.018530015578164,5.67669788647366,0.4684535104364327,Tulsa,USA,Undrafted,Undrafted,Undrafted,0,61.0
201933,Blake Griffin,2010-11,22.0,82,3111.4733333333334,1845,989,312,63,45,223,696,1376,0.506,7,24,0.292,446,695,0.642,22.5,12.060975609756097,3.8048780487804876,0.7682926829268293,0.5487804878048781,2.7195121951219514,37.94479674796748,21.346800336817928,11.442810587053078,3.609865422811487,0.5485194434534427,Oklahoma,USA,2009,1,1,1,1.0
202419,Chris Johnson,2010-11,25.0,14,138.88333333333333,33,32,3,3,9,10,9,21,0.429,0,0,0.0,15,20,0.75,2.357142857142857,2.2857142857142856,0.21428571428571427,0.21428571428571427,0.6428571428571429,0.7142857142857143,9.920238095238094,8.553942157686308,8.294731789271571,0.7776311052442098,0.5536912751677853,Louisiana State,USA,Undrafted,Undrafted,Undrafted,0,61.0
201963,Christian Eyenga,2010-11,22.0,44,946.885,303,123,35,34,28,47,130,306,0.425,25,91,0.275,18,28,0.643,6.886363636363637,2.7954545454545454,0.7954545454545454,0.7727272727272727,0.6363636363636364,1.0681818181818181,21.520113636363636,11.519878337918543,4.676386255986735,1.3306790159311848,0.47593616486554413,DKV Joventut,Congo,2009,1,30,0,30.0
202332,Cole Aldrich,2010-11,22.0,18,141.47666666666666,18,35,4,5,7,8,8,15,0.533,0,0,0.0,2,4,0.5,1.0,1.9444444444444444,0.2222222222222222,0.2777777777777778,0.3888888888888889,0.4444444444444444,7.859814814814815,4.580260584784299,8.906062248191693,1.017835685507622,0.5369928400954653,Kansas,USA,2010,1,11,0,11.0
202342,Craig Brackins,2010-11,23.0,3,32.82666666666667,8,4,1,1,0,0,4,16,0.25,0,5,0.0,0,0,0.0,2.6666666666666665,1.3333333333333333,0.3333333333333333,0.3333333333333333,0.0,0.0,10.942222222222222,8.773354995938261,4.3866774979691305,1.0966693744922826,0.25,Iowa State,USA,2010,1,21,0,21.0
202345,Damion James,2010-11,23.0,25,402.93833333333333,110,85,20,16,12,25,46,103,0.447,0,3,0.0,18,28,0.643,4.4,3.4,0.8,0.64,0.48,1.0,16.117533333333334,9.827806570897945,7.594214168421139,1.7868739219814447,0.47693374956642387,Texas,USA,2010,1,24,0,24.0
202326,DeMarcus Cousins,2010-11,20.0,81,2309.4266666666667,1143,699,204,85,68,268,432,1004,0.43,3,18,0.167,276,402,0.687,14.11111111111111,8.62962962962963,2.5185185185185186,1.0493827160493827,0.8395061728395061,3.308641975308642,28.511440329218107,17.81740922710976,10.896210892169485,3.1800100457833693,0.4839611137456811,Kentucky,USA,2010,1,5,1,5.0
202382,Derrick Caracter,2010-11,23.0,41,215.00333333333333,81,43,7,4,10,19,32,66,0.485,0,0,0.0,17,23,0.739,1.975609756097561,1.048780487804878,0.17073170731707318,0.0975609756097561,0.24390243902439024,0.4634146341463415,5.2439837398373985,13.562580425109688,7.199888373823662,1.172074851552689,0.5320546505517604,Texas-El Paso,USA,2010,2,58,0,58.0
202324,Derrick Favors,2010-11,19.0,78,1535.7216666666666,533,412,39,29,68,77,215,416,0.517,0,0,0.0,103,173,0.595,6.833333333333333,5.282051282051282,0.5,0.3717948717948718,0.8717948717948718,0.9871794871794872,19.688739316239314,12.494451577054436,9.658000093332886,0.914228164174715,0.5415345850605543,Georgia Tech,USA,2010,1,3,0,3.0
202365,Devin Ebanks,2010-11,21.0,20,117.61,62,27,2,4,5,6,21,51,0.412,2,5,0.4,18,23,0.783,3.1,1.35,0.1,0.2,0.25,0.3,5.8805,18.97797806308987,8.264603350055268,0.6121928407448347,0.5071989528795812,West Virginia,USA,2010,2,43,0,43.0
202354,Dexter Pittman,2010-11,23.0,2,11.233333333333333,2,3,0,0,0,2,1,3,0.333,0,0,0.0,0,0,0.0,1.0,1.5,0.0,0.0,0.0,1.0,5.616666666666666,6.4094955489614245,9.614243323442137,0.0,0.3333333333333333,Texas,USA,2010,2,32,0,32.0
202346,Dominique Jones,2010-11,22.0,18,135.11,42,25,19,5,3,10,14,45,0.311,0,4,0.0,14,17,0.824,2.3333333333333335,1.3888888888888888,1.0555555555555556,0.2777777777777778,0.16666666666666666,0.5555555555555556,7.506111111111112,11.190881503959735,6.661238990452223,5.06254163274369,0.40015243902439024,South Florida,USA,2010,1,25,0,25.0
202334,Ed Davis,2010-11,22.0,65,1601.7533333333333,501,462,40,39,67,48,215,373,0.576,0,0,0.0,71,128,0.555,7.707692307692308,7.107692307692307,0.6153846153846154,0.6,1.0307692307692307,0.7384615384615385,24.642358974358974,11.260160740521844,10.383621281678828,0.8990148295825824,0.5834808534426535,North Carolina,USA,2010,1,13,0,13.0
202327,Ekpe Udoh,2010-11,24.0,58,1029.5133333333333,236,181,40,22,86,48,97,222,0.437,0,0,0.0,42,64,0.656,4.068965517241379,3.1206896551724137,0.6896551724137931,0.3793103448275862,1.4827586206896552,0.8275862068965517,17.750229885057472,8.252442901824162,6.329204089958362,1.3987191359024005,0.4716981132075472,Baylor,USA,2010,1,6,0,6.0
202339,Eric Bledsoe,2010-11,21.0,81,1840.5333333333333,543,223,289,92,26,194,206,486,0.424,32,116,0.276,99,133,0.744,6.703703703703703,2.753086419753086,3.567901234567901,1.1358024691358024,0.32098765432098764,2.3950617283950617,22.722633744855965,10.620834540712837,4.361779194436395,5.652709359605912,0.49860427532505697,Kentucky,USA,2010,1,18,0,18.0
202323,Evan Turner,2010-11,22.0,78,1797.4016666666666,565,306,159,49,14,80,225,529,0.425,14,44,0.318,101,125,0.808,7.243589743589744,3.923076923076923,2.0384615384615383,0.6282051282051282,0.1794871794871795,1.0256410256410255,23.04361111111111,11.316335339624514,6.128847104292215,3.184597024779288,0.4837328767123288,Ohio State,USA,2010,1,2,0,2.0
202371,Gani Lawal,2010-11,22.0,1,1.9333333333333333,0,0,0,0,0,0,0,0,0.0,0,0,0.0,0,0,0.0,0.0,0.0,0.0,0.0,0.0,0.0,1.9333333333333333,0.0,0.0,0.0,,Georgia Tech,USA,2010,2,46,0,46.0
202081,Garret Siler,2010-11,24.0,21,101.29333333333334,45,28,3,1,4,10,17,31,0.548,0,0,0.0,11,22,0.5,2.142857142857143,1.3333333333333333,0.14285714285714285,0.047619047619047616,0.19047619047619047,0.47619047619047616,4.823492063492064,15.993155192839279,9.951296564433328,1.0662103461892851,0.5530973451327433,Augusta State,USA,Undrafted,Undrafted,Undrafted,0,61.0
201814,Gary Forbes,2010-11,26.0,63,790.7683333333333,326,116,49,23,6,46,124,273,0.454,19,58,0.328,59,87,0.678,5.174603174603175,1.8412698412698412,0.7777777777777778,0.36507936507936506,0.09523809523809523,0.7301587301587301,12.551878306878306,14.84126197938292,5.280939845424598,2.230741831256942,0.523644307375996,Massachusetts,Panama,Undrafted,Undrafted,Undrafted,0,61.0
202390,Gary Neal,2010-11,26.0,80,1684.5616666666667,783,196,96,27,4,78,285,632,0.451,129,308,0.419,84,104,0.808,9.7875,2.45,1.2,0.3375,0.05,0.975,21.057020833333333,16.733136315381746,4.188626714961459,2.051572268552551,0.5776381019830028,Towson,USA,Undrafted,Undrafted,Undrafted,0,61.0
202330,Gordon Hayward,2010-11,21.0,72,1217.67,388,139,81,30,19,70,142,293,0.485,35,74,0.473,69,97,0.711,5.388888888888889,1.9305555555555556,1.125,0.4166666666666667,0.2638888888888889,0.9722222222222222,16.912083333333335,11.471088225874006,4.109487792258986,2.3947374904530783,0.5779313632030505,Butler,USA,2010,1,9,1,9.0
202328,Greg Monroe,2010-11,21.0,80,2221.8633333333332,751,601,105,93,45,81,303,550,0.551,0,1,0.0,145,233,0.622,9.3875,7.5125,1.3125,1.1625,0.5625,1.0125,27.773291666666665,12.168165158673126,9.73777265028302,1.7012747558730736,0.5754612885428799,Georgetown,USA,2010,1,7,0,7.0
202349,Greivis Vasquez,2010-11,24.0,70,859.9166666666666,249,73,151,22,4,70,95,233,0.408,25,86,0.291,34,44,0.773,3.557142857142857,1.042857142857143,2.157142857142857,0.3142857142857143,0.05714285714285714,1.0,12.28452380952381,10.424265917240044,3.05611008818684,6.321542785153601,0.49334284355682356,Maryland,Venezuela,2010,1,28,0,28.0
202380,Hamady Ndiaye,2010-11,24.0,16,80.17666666666666,14,7,0,2,5,3,4,5,0.8,0,0,0.0,6,12,0.5,0.875,0.4375,0.0,0.125,0.3125,0.1875,5.011041666666666,6.286118155739409,3.1430590778697045,0.0,0.6809338521400777,Rutgers,Senegal,2010,2,56,0,56.0
202355,Hassan Whiteside,2010-11,22.0,1,1.7433333333333334,0,0,0,0,0,0,0,0,0.0,0,0,0.0,0,0,0.0,0.0,0.0,0.0,0.0,0.0,0.0,1.7433333333333334,0.0,0.0,0.0,,Marshall,USA,2010,2,33,0,33.0
202397,Ish Smith,2010-11,22.0,43,441.65166666666664,101,47,79,18,2,34,43,115,0.374,3,10,0.3,12,21,0.571,2.3488372093023258,1.0930232558139534,1.8372093023255813,0.4186046511627907,0.046511627906976744,0.7906976744186046,10.270968992248061,8.232732432422234,3.831073508156881,6.439463981795608,0.4064713457823567,Wake Forest,USA,Undrafted,Undrafted,Undrafted,0,61.0
202341,James Anderson,2010-11,22.0,26,286.23833333333334,94,23,18,3,6,13,31,81,0.383,18,46,0.391,14,18,0.778,3.6153846153846154,0.8846153846153846,0.6923076923076923,0.11538461538461539,0.23076923076923078,0.5,11.009166666666667,11.822315902249292,2.892694316507805,2.2638477259626297,0.5285650022492128,Oklahoma State,USA,2010,1,20,0,20.0
202399,Jeff Adrien,2010-11,25.0,23,195.935,57,58,10,4,5,9,23,54,0.426,0,0,0.0,11,19,0.579,2.4782608695652173,2.5217391304347827,0.43478260869565216,0.17391304347826086,0.21739130434782608,0.391304347826087,8.51891304347826,10.472860897746703,10.656595299461557,1.8373440171485442,0.4570237331622835,Connecticut,USA,Undrafted,Undrafted,Undrafted,0,61.0
202379,Jeremy Evans,2010-11,23.0,49,462.91,178,97,24,17,17,19,76,115,0.661,0,1,0.0,26,37,0.703,3.63265306122449,1.9795918367346939,0.4897959183673469,0.3469387755102041,0.3469387755102041,0.3877551020408163,9.447142857142858,13.84286362359854,7.543582985893585,1.866453522282949,0.6779402803168799,Western Kentucky,USA,2010,2,55,0,55.0
202391,Jeremy Lin,2010-11,22.0,29,284.5133333333333,76,34,42,33,9,18,28,72,0.389,1,5,0.2,19,25,0.76,2.6206896551724137,1.1724137931034482,1.4482758620689655,1.1379310344827587,0.3103448275862069,0.6206896551724138,9.810804597701148,9.616421023033485,4.3020830892518225,5.314337933781663,0.4578313253012048,Harvard,USA,Undrafted,Undrafted,Undrafted,0,61.0
202322,John Wall,2010-11,20.0,69,2606.055,1131,317,574,121,35,261,398,972,0.409,34,115,0.296,301,393,0.766,16.391304347826086,4.594202898550725,8.318840579710145,1.7536231884057971,0.5072463768115942,3.782608695652174,37.76891304347826,15.62361500428809,4.379032675826105,7.929226359382286,0.49392097264437684,Kentucky,USA,2010,1,1,1,1.0
202348,Jordan Crawford,2010-11,22.0,42,1026.645,490,105,117,39,3,83,192,500,0.384,33,128,0.258,73,84,0.869,11.666666666666666,2.5,2.7857142857142856,0.9285714285714286,0.07142857142857142,1.9761904761904763,24.44392857142857,17.18218079277647,3.6818958841663867,4.102683985213973,0.456272348033373,Xavier,USA,2010,1,27,0,27.0
202338,Kevin Seraphin,2010-11,21.0,58,634.6283333333333,154,152,10,17,28,42,66,147,0.449,0,0,0.0,22,31,0.71,2.6551724137931036,2.6206896551724137,0.1724137931034483,0.29310344827586204,0.4827586206896552,0.7241379310344828,10.941867816091953,8.73582175393997,8.622369523369322,0.5672611528532449,0.4793326693227092,Cholet,France,2010,1,17,0,17.0
202362,Lance Stephenson,2010-11,20.0,12,114.69666666666667,37,18,21,4,0,16,13,39,0.333,0,5,0.0,11,14,0.786,3.0833333333333335,1.5,1.75,0.3333333333333333,0.0,1.3333333333333333,9.558055555555557,11.613240721904152,5.649684675520939,6.591298788107762,0.40965456155890173,Cincinnati,USA,2010,2,40,0,40.0
202361,Landry Fields,2010-11,23.0,82,2541.3283333333334,797,521,155,80,17,107,299,602,0.497,86,219,0.393,113,147,0.769,9.71951219512195,6.353658536585366,1.8902439024390243,0.975609756097561,0.2073170731707317,1.3048780487804879,30.99180894308943,11.290158624393936,7.380392275168432,2.1957021164128734,0.5977380452390951,Stanford,USA,2010,2,39,0,39.0
202082,Larry Owens,2010-11,28.0,12,142.73333333333332,40,15,8,9,5,5,15,32,0.469,6,13,0.462,4,9,0.444,3.3333333333333335,1.25,0.6666666666666666,0.75,0.4166666666666667,0.4166666666666667,11.894444444444444,10.0887435777674,3.7832788416627747,2.0177487155534797,0.5561735261401557,Oral Roberts,USA,Undrafted,Undrafted,Undrafted,0,61.0
202336,Larry Sanders,2010-11,22.0,60,872.1616666666666,260,178,16,22,72,38,116,268,0.433,0,0,0.0,28,50,0.56,4.333333333333333,2.966666666666667,0.26666666666666666,0.36666666666666664,1.2,0.6333333333333333,14.536027777777777,10.731955275875842,7.347261688868846,0.660428016976975,0.4482758620689655,Va Commonwealth,USA,2010,1,15,0,15.0
202351,Lazar Hayward,2010-11,24.0,42,419.41833333333335,160,70,28,12,7,19,55,154,0.357,17,60,0.283,33,42,0.786,3.8095238095238093,1.6666666666666667,0.6666666666666666,0.2857142857142857,0.16666666666666666,0.4523809523809524,9.986150793650793,13.733305252115033,6.008321047800327,2.4033284191201307,0.463821892393321,Marquette,USA,2010,1,30,0,30.0
202337,Luke Babbitt,2010-11,22.0,24,137.29333333333332,36,30,6,2,2,8,15,55,0.273,3,16,0.188,3,9,0.333,1.5,1.25,0.25,0.08333333333333333,0.08333333333333333,0.3333333333333333,5.720555555555555,9.439642614353696,7.866368845294747,1.5732737690589493,0.30529172320217096,Nevada,USA,2010,1,16,0,16.0
202376,Luke Harangody,2010-11,23.0,49,640.6383333333333,193,143,30,15,17,16,79,206,0.383,16,66,0.242,19,26,0.731,3.938775510204082,2.9183673469387754,0.6122448979591837,0.30612244897959184,0.3469387755102041,0.32653061224489793,13.074251700680271,10.845432810504107,8.035735191202525,1.6858185715809493,0.4438005886681383,Notre Dame,USA,2010,2,52,0,52.0
202412,Manny Harris,2010-11,21.0,54,933.3466666666667,321,140,85,31,7,63,108,289,0.374,34,92,0.37,71,93,0.763,5.944444444444445,2.5925925925925926,1.5740740740740742,0.5740740740740741,0.12962962962962962,1.1666666666666667,17.284197530864198,12.381251696404336,5.399922858244882,3.2785245925058213,0.4864815712900097,Michigan,USA,Undrafted,Undrafted,Undrafted,0,61.0
202408,Marcus Cousin,2010-11,24.0,4,18.311666666666667,4,3,0,0,1,1,2,3,0.667,0,0,0.0,0,0,0.0,1.0,0.75,0.0,0.0,0.25,0.25,4.577916666666667,7.863839082552107,5.89787931191408,0.0,0.6666666666666666,Houston,USA,Undrafted,Undrafted,Undrafted,0,61.0
201203,Mustafa Shakur,2010-11,26.0,22,159.11833333333334,51,22,25,5,3,18,21,59,0.356,1,10,0.1,8,15,0.533,2.3181818181818183,1.0,1.1363636363636365,0.22727272727272727,0.13636363636363635,0.8181818181818182,7.232651515151516,11.53858239674875,4.977427700558284,5.656167841543505,0.38871951219512196,Arizona,USA,Undrafted,Undrafted,Undrafted,0,61.0
201593,Nikola Pekovic,2010-11,25.0,65,887.4083333333333,359,193,27,18,35,91,136,263,0.517,0,0,0.0,87,114,0.763,5.523076923076923,2.9692307692307693,0.4153846153846154,0.27692307692307694,0.5384615384615384,1.4,13.652435897435897,14.563757759017363,7.82954107936031,1.0953243997032558,0.5731894239366457,Panathinaikos,Montenegro,2008,2,31,0,31.0
201600,Omer Asik,2010-11,24.0,82,989.4483333333334,229,306,32,20,56,64,78,141,0.553,0,0,0.0,73,145,0.503,2.792682926829268,3.731707317073171,0.3902439024390244,0.24390243902439024,0.6829268292682927,0.7804878048780488,12.066443089430894,8.331915596064473,11.133476735352527,1.1642851487950356,0.55908203125,Fenerbahce,Turkey,2008,2,36,0,36.0
202377,Pape Sy,2010-11,23.0,3,20.983333333333334,7,3,2,1,0,3,2,6,0.333,0,1,0.0,3,3,1.0,2.3333333333333335,1.0,0.6666666666666666,0.3333333333333333,0.0,1.0,6.9944444444444445,12.009531374106432,5.146942017474185,3.4312946783161236,0.4781420765027322,Le Havre,France,2010,2,53,0,53.0
201607,Patrick Ewing,2010-11,27.0,7,19.153333333333332,3,2,2,0,1,1,0,5,0.0,0,2,0.0,3,4,0.75,0.42857142857142855,0.2857142857142857,0.2857142857142857,0.0,0.14285714285714285,0.14285714285714285,2.736190476190476,5.638705186216499,3.759136790810999,3.759136790810999,0.22189349112426035,Georgetown,USA,2008,2,43,0,43.0
202335,Patrick Patterson,2010-11,22.0,52,867.5366666666666,328,200,41,17,37,31,149,267,0.558,0,2,0.0,30,42,0.714,6.3076923076923075,3.8461538461538463,0.7884615384615384,0.3269230769230769,0.7115384615384616,0.5961538461538461,16.683397435897437,13.610952082716967,8.29936102604693,1.7013690103396208,0.574471066274345,Kentucky,USA,2010,1,14,0,14.0
202331,Paul George,2010-11,21.0,61,1264.805,476,224,65,62,26,70,179,395,0.453,41,138,0.297,77,101,0.762,7.80327868852459,3.6721311475409837,1.0655737704918034,1.0163934426229508,0.4262295081967213,1.1475409836065573,20.73450819672131,13.548333537580891,6.375686370626301,1.8500875629049538,0.5415983979610414,Fresno State,USA,2010,1,10,1,10.0
200817,Pooh Jeter,2010-11,27.0,62,858.0866666666667,255,70,162,29,2,51,106,259,0.409,6,30,0.2,37,41,0.902,4.112903225806452,1.1290322580645162,2.6129032258064515,0.46774193548387094,0.03225806451612903,0.8225806451612904,13.84010752688172,10.698220071010697,2.9367662940029367,6.796516280406797,0.4602223505630956,Portland,USA,Undrafted,Undrafted,Undrafted,0,61.0
202347,Quincy Pondexter,2010-11,23.0,66,733.5716666666667,188,88,28,17,10,16,73,180,0.406,18,50,0.36,24,34,0.706,2.8484848484848486,1.3333333333333333,0.42424242424242425,0.25757575757575757,0.15151515151515152,0.24242424242424243,11.114722222222223,9.226092429051466,4.3185964561517505,1.3740988724119205,0.4821501846532622,Washington,USA,2010,1,26,0,26.0
202396,Samardo Samuels,2010-11,22.0,37,701.4166666666666,288,158,17,15,18,53,110,241,0.456,0,3,0.0,68,110,0.618,7.783783783783784,4.27027027027027,0.4594594594594595,0.40540540540540543,0.4864864864864865,1.4324324324324325,18.957207207207205,14.781513603421647,8.109302601877154,0.8725199002019723,0.49758120248790605,Louisville,Jamaica,Undrafted,Undrafted,Undrafted,0,61.0
201623,Semih Erden,2010-11,24.0,41,594.8816666666667,163,118,20,15,24,34,62,111,0.559,0,0,0.0,39,60,0.65,3.975609756097561,2.8780487804878048,0.4878048780487805,0.36585365853658536,0.5853658536585366,0.8292682926829268,14.509308943089431,9.864146651014627,7.140915980489117,1.2103247424557826,0.5931586608442503,Fenerbahce,Turkey,2008,2,60,0,60.0
202395,Sherron Collins,2010-11,24.0,20,65.88166666666666,17,5,8,2,0,4,7,25,0.28,2,10,0.2,1,1,1.0,0.85,0.25,0.4,0.1,0.0,0.2,3.294083333333333,9.289382478686536,2.7321713172607454,4.371474107617193,0.3341194968553459,Kansas,USA,Undrafted,Undrafted,Undrafted,0,61.0
202374,Solomon Alabi,2010-11,23.0,12,59.01,6,14,2,2,2,3,3,15,0.2,0,0,0.0,0,2,0.0,0.5,1.1666666666666667,0.16666666666666666,0.16666666666666666,0.16666666666666666,0.25,4.9174999999999995,3.660396542958821,8.540925266903916,1.2201321809862735,0.1889168765743073,Florida State,Nigeria,2010,2,50,0,50.0
201168,Tiago Splitter,2010-11,26.0,60,738.045,278,201,26,29,17,32,101,191,0.529,0,1,0.0,76,140,0.543,4.633333333333334,3.35,0.43333333333333335,0.48333333333333334,0.2833333333333333,0.5333333333333333,12.300749999999999,13.560148771416378,9.804280226815438,1.268215352722395,0.55027711797308,Bilbao,Brazil,2007,1,28,0,28.0
202389,Timofey Mozgov,2010-11,24.0,45,524.095,163,121,15,15,25,35,63,133,0.474,0,0,0.0,37,52,0.712,3.6222222222222222,2.688888888888889,0.3333333333333333,0.3333333333333333,0.5555555555555556,0.7777777777777778,11.646555555555556,11.196443392896324,8.31147024871445,1.0303475514935267,0.5228380805748012,Khimki,Russia,Undrafted,Undrafted,Undrafted,0,61.0
202344,Trevor Booker,2010-11,23.0,65,1063.0916666666667,346,251,35,29,42,38,139,253,0.549,0,1,0.0,68,101,0.673,5.323076923076923,3.8615384615384616,0.5384615384615384,0.4461538461538462,0.6461538461538462,0.5846153846153846,16.35525641025641,11.716769485227834,8.499737401133487,1.1852223467716017,0.5816299085529855,Clemson,USA,2010,1,23,0,23.0
202325,Wesley Johnson,2010-11,23.0,79,2069.37,709,240,148,58,54,95,271,682,0.397,103,289,0.356,64,92,0.696,8.974683544303797,3.037974683544304,1.8734177215189873,0.7341772151898734,0.6835443037974683,1.2025316455696202,26.194556962025317,12.334188666115775,4.175183751576567,2.57469664680555,0.490671022035212,Syracuse,USA,2010,1,4,0,4.0
202378,Willie Warren,2010-11,21.0,19,133.80166666666668,37,12,27,6,0,8,13,35,0.371,5,15,0.333,6,8,0.75,1.9473684210526316,0.631578947368421,1.4210526315789473,0.3157894736842105,0.0,0.42105263157894735,7.0421929824561404,9.955032946774454,3.228659334089012,7.264483501700277,0.480269989615784,Oklahoma,USA,2010,2,54,0,54.0
202333,Xavier Henry,2010-11,20.0,38,527.4316666666666,165,37,18,11,3,13,65,160,0.406,2,17,0.118,33,52,0.635,4.342105263157895,0.9736842105263158,0.47368421052631576,0.2894736842105263,0.07894736842105263,0.34210526315789475,13.879780701754385,11.2621224234419,2.525445634347578,1.2285951734663891,0.4511154855643045,Kansas,USA,2010,1,12,0,12.0
202220,Zabian Dowdell,2010-11,26.0,24,291.6983333333333,121,20,51,20,2,29,51,125,0.408,3,10,0.3,16,17,0.941,5.041666666666667,0.8333333333333334,2.125,0.8333333333333334,0.08333333333333333,1.2083333333333333,12.154097222222221,14.93323582011096,2.468303441340655,6.294173775418669,0.4566727053140097,Virginia Tech,USA,Undrafted,Undrafted,Undrafted,0,61.0
202692,Alec Burks,2011-12,20.0,59,938.9033333333333,425,132,55,27,5,51,153,357,0.429,15,45,0.333,104,143,0.727,7.203389830508475,2.23728813559322,0.9322033898305084,0.4576271186440678,0.0847457627118644,0.864406779661017,15.913615819209038,16.295607286515118,5.061223910164696,2.1088432959019565,0.5060487711945132,Colorado,USA,2011,1,12,0,12.0
202726,Andrew Goudelock,2011-12,23.0,40,418.6016666666667,175,31,20,4,0,21,68,174,0.391,28,75,0.373,11,12,0.917,4.375,0.775,0.5,0.1,0.0,0.525,10.465041666666668,15.050107301690947,2.6660190077281105,1.720012263050394,0.48806336456938865,Charleston,USA,2011,2,46,0,46.0
202687,Bismack Biyombo,2011-12,19.0,63,1455.22,327,368,27,20,115,71,129,278,0.464,0,0,0.0,69,143,0.483,5.190476190476191,5.841269841269841,0.42857142857142855,0.31746031746031744,1.8253968253968254,1.126984126984127,23.09873015873016,8.08949849507291,9.103778122895507,0.6679402427124421,0.4795846532910947,Baloncesto Fuenlabrada,DRC,2011,1,7,0,7.0
202688,Brandon Knight,2011-12,20.0,66,2128.495,847,211,251,49,10,171,319,769,0.415,105,276,0.38,104,137,0.759,12.833333333333334,3.196969696969697,3.803030303030303,0.7424242424242424,0.15151515151515152,2.590909090909091,32.24992424242424,14.325615047251699,3.568718742585724,4.245253101369747,0.5106839668145862,Kentucky,USA,2011,1,8,0,8.0
201291,Carldell Johnson,2011-12,29.0,15,118.76666666666667,27,9,22,8,0,7,11,35,0.314,4,15,0.267,1,3,0.333,1.8,0.6,1.4666666666666666,0.5333333333333333,0.0,0.4666666666666667,7.917777777777777,8.184114510244177,2.7280381700813923,6.6685377490878475,0.3716960352422907,Alabama-Birmingham,USA,Undrafted,Undrafted,Undrafted,0,61.0
202718,Chandler Parsons,2011-12,23.0,63,1804.365,599,300,134,73,29,81,248,549,0.452,60,178,0.337,43,78,0.551,9.507936507936508,4.761904761904762,2.126984126984127,1.1587301587301588,0.4603174603174603,1.2857142857142858,28.640714285714285,11.95101877945981,5.985485198393895,2.673516721949273,0.5134403072070218,Florida,USA,2011,2,38,0,38.0
202724,Charles Jenkins,2011-12,23.0,51,892.8933333333333,297,68,170,33,6,60,130,291,0.447,3,20,0.15,34,39,0.872,5.823529411764706,1.3333333333333333,3.3333333333333335,0.6470588235294118,0.11764705882352941,1.1764705882352942,17.507712418300653,11.974554631385608,2.7416488718323953,6.854122179580988,0.48189252336448596,Hofstra,USA,2011,2,44,0,44.0
202698,Chris Singleton,2011-12,22.0,66,1430.7383333333332,306,233,49,70,30,38,116,312,0.372,44,127,0.346,30,44,0.682,4.636363636363637,3.5303030303030303,0.7424242424242424,1.0606060606060606,0.45454545454545453,0.5757575757575758,21.677853535353535,7.699521109730059,5.862707250219293,1.2329298509044864,0.46173346209560595,Florida State,USA,2011,1,18,0,18.0
202874,Chris Wright,2011-12,23.0,24,185.83166666666668,70,45,4,7,13,8,23,45,0.511,0,0,0.0,24,31,0.774,2.9166666666666665,1.875,0.16666666666666666,0.2916666666666667,0.5416666666666666,0.3333333333333333,7.742986111111112,13.560659736858625,8.717566973694831,0.7748948421062072,0.596862210095498,Dayton,USA,Undrafted,Undrafted,Undrafted,0,61.0
202809,Cory Higgins,2011-12,23.0,38,422.66833333333335,150,35,36,5,6,39,52,160,0.325,4,20,0.2,42,60,0.7,3.9473684210526314,0.9210526315789473,0.9473684210526315,0.13157894736842105,0.15789473684210525,1.0263157894736843,11.122850877192983,12.775974858143302,2.9810608002334376,3.066233965954393,0.4023605150214592,Colorado,USA,Undrafted,Undrafted,Undrafted,0,61.0
202709,Cory Joseph,2011-12,20.0,29,265.86,58,25,34,7,3,12,22,70,0.314,3,15,0.2,11,17,0.647,2.0,0.8620689655172413,1.1724137931034482,0.2413793103448276,0.10344827586206896,0.41379310344827586,9.167586206896551,7.853757616790792,3.3852403520649963,4.603926878808395,0.3742901393908105,Texas,Canada,2011,1,29,0,29.0
202622,Courtney Fortson,2011-12,24.0,10,95.205,35,15,10,3,0,10,11,32,0.344,3,13,0.231,10,15,0.667,3.5,1.5,1.0,0.3,0.0,1.0,9.5205,13.234599023160548,5.67197100992595,3.781314006617299,0.4533678756476684,Arkansas,USA,Undrafted,Undrafted,Undrafted,0,61.0
202810,D.J. Kennedy,2011-12,22.0,2,58.86666666666667,12,7,3,2,0,3,5,12,0.417,2,4,0.5,0,2,0.0,6.0,3.5,1.5,1.0,0.0,1.5,29.433333333333334,7.338618346545867,4.280860702151755,1.8346545866364667,0.4658385093167702,St. John's (NY),USA,Undrafted,Undrafted,Undrafted,0,61.0
202350,Daniel Orton,2011-12,21.0,16,186.57,45,39,5,8,9,7,17,30,0.567,0,1,0.0,11,25,0.44,2.8125,2.4375,0.3125,0.5,0.5625,0.4375,11.660625,8.683068017366136,7.525325615050652,0.964785335262904,0.5487804878048781,Kentucky,USA,2010,1,29,0,29.0
202359,Darington Hobson,2011-12,24.0,5,38.88,4,3,6,0,0,2,2,13,0.154,0,6,0.0,0,0,0.0,0.8,0.6,1.2,0.0,0.0,0.4,7.776000000000001,3.7037037037037033,2.7777777777777777,5.555555555555555,0.15384615384615385,New Mexico,USA,2010,2,37,0,37.0
202721,Darius Morris,2011-12,21.0,19,169.49,46,16,21,2,0,19,18,42,0.429,4,9,0.444,6,9,0.667,2.4210526315789473,0.8421052631578947,1.105263157894737,0.10526315789473684,0.0,1.0,8.920526315789473,9.77048793439141,3.398430585875273,4.4604401439612955,0.5004351610095735,Michigan,USA,2011,2,41,0,41.0
202732,DeAndre Liggins,2011-12,24.0,17,115.065,33,15,5,6,0,10,12,25,0.48,0,4,0.0,9,19,0.474,1.9411764705882353,0.8823529411764706,0.29411764705882354,0.35294117647058826,0.0,0.5882352941176471,6.768529411764706,10.324599139616739,4.6929996089167,1.5643332029722332,0.4946043165467626,Kentucky,USA,2011,2,53,0,53.0
202862,Dennis Horner,2011-12,24.0,8,22.115,5,5,0,0,0,1,1,4,0.25,0,1,0.0,3,4,0.75,0.625,0.625,0.0,0.0,0.0,0.125,2.764375,8.139271987338912,8.139271987338912,0.0,0.4340277777777778,North Carolina State,USA,Undrafted,Undrafted,Undrafted,0,61.0
201182,Derrick Byars,2011-12,28.0,2,36.86333333333334,10,11,1,2,0,0,3,11,0.273,0,6,0.0,4,4,1.0,5.0,5.5,0.5,1.0,0.0,0.0,18.43166666666667,9.765801609548783,10.74238177050366,0.9765801609548783,0.39184952978056425,Vanderbilt,USA,2007,2,42,0,42.0
202682,Derrick Williams,2011-12,21.0,66,1417.685,583,311,38,30,31,77,205,498,0.412,37,138,0.268,136,195,0.697,8.833333333333334,4.712121212121212,0.5757575757575758,0.45454545454545453,0.4696969696969697,1.1666666666666667,21.480075757575758,14.80441706020731,7.897381999527399,0.9649534275949876,0.499314833847208,Arizona,USA,2011,1,2,0,2.0
202388,Donald Sloan,2011-12,24.0,33,669.5366666666666,183,67,105,13,3,49,79,198,0.399,2,25,0.08,23,30,0.767,5.545454545454546,2.0303030303030303,3.1818181818181817,0.3939393939393939,0.09090909090909091,1.4848484848484849,20.288989898989897,9.839640348300568,3.602491275060863,5.6456952818118005,0.4332386363636364,Texas A&M,USA,Undrafted,Undrafted,Undrafted,0,61.0
202734,E'Twaun Moore,2011-12,23.0,38,331.00333333333333,110,33,34,11,3,21,43,113,0.381,17,45,0.378,7,7,1.0,2.8947368421052633,0.868421052631579,0.8947368421052632,0.2894736842105263,0.07894736842105263,0.5526315789473685,8.710614035087719,11.963625743950212,3.5890877231850635,3.697847957220975,0.4738111647139904,Purdue,USA,2011,2,55,0,55.0
202775,Edwin Ubiles,2011-12,25.0,4,51.99666666666667,14,10,1,1,1,1,5,18,0.278,1,5,0.2,3,3,1.0,3.5,2.5,0.25,0.25,0.25,0.25,12.999166666666667,9.69292903391243,6.923520738508879,0.6923520738508879,0.36231884057971014,Siena,Puerto Rico,Undrafted,Undrafted,Undrafted,0,61.0
202343,Elliot Williams,2011-12,23.0,24,149.345,88,19,6,6,3,5,37,74,0.5,8,27,0.296,6,18,0.333,3.6666666666666665,0.7916666666666666,0.25,0.25,0.125,0.20833333333333334,6.222708333333333,21.212628477685897,4.579999330409454,1.4463155780240382,0.537109375,Memphis,USA,2010,1,22,0,22.0
202683,Enes Freedom,2011-12,20.0,66,874.435,304,278,8,18,23,54,117,236,0.496,0,1,0.0,70,105,0.667,4.606060606060606,4.212121212121212,0.12121212121212122,0.2727272727272727,0.3484848484848485,0.8181818181818182,13.24901515151515,12.515510015038283,11.445104553225798,0.32935552671153373,0.5386250885896527,Fenerbahce,Turkey,2011,1,3,0,3.0
201286,Eric Dawson,2011-12,27.0,4,39.233333333333334,15,10,0,1,2,3,7,12,0.583,0,0,0.0,1,2,0.5,3.75,2.5,0.0,0.25,0.5,0.75,9.808333333333334,13.763806287170773,9.17587085811385,0.0,0.5822981366459627,Midwestern State,USA,Undrafted,Undrafted,Undrafted,0,61.0
202962,Greg Smith,2011-12,21.0,8,69.09166666666667,14,20,1,2,5,1,7,11,0.636,0,0,0.0,0,0,0.0,1.75,2.5,0.125,0.25,0.625,0.125,8.636458333333334,7.2946568568327095,10.420938366903872,0.5210469183451936,0.6363636363636364,Fresno State,USA,Undrafted,Undrafted,Undrafted,0,61.0
201880,Greg Stiemsma,2011-12,26.0,55,766.4033333333333,161,177,28,37,85,33,66,121,0.545,0,0,0.0,29,41,0.707,2.9272727272727272,3.2181818181818183,0.509090909090909,0.6727272727272727,1.5454545454545454,0.6,13.93460606060606,7.562597587867137,8.314160081071325,1.3152343631073282,0.5789700805523591,Wisconsin,USA,Undrafted,Undrafted,Undrafted,0,61.0
202970,Gustavo Ayon,2011-12,27.0,54,1088.3116666666667,319,265,74,53,46,46,140,261,0.536,0,1,0.0,39,63,0.619,5.907407407407407,4.907407407407407,1.3703703703703705,0.9814814814814815,0.8518518518518519,0.8518518518518519,20.15391975308642,10.552124314879162,8.765871296059492,2.4478282109751035,0.5524383485730119,Baloncesto Fuenlabrada,Mexico,Undrafted,Undrafted,Undrafted,0,61.0
202697,Iman Shumpert,2011-12,22.0,59,1705.4666666666667,563,186,164,101,8,111,214,534,0.401,48,157,0.306,87,109,0.798,9.542372881355933,3.152542372881356,2.7796610169491527,1.7118644067796611,0.13559322033898305,1.88135593220339,28.906214689265536,11.884137284027833,3.926198108044719,3.4618090845125478,0.4837102206337205,Georgia Tech,USA,2011,1,17,0,17.0
202738,Isaiah Thomas,2011-12,23.0,65,1655.44,749,168,266,53,8,105,256,571,0.448,83,219,0.379,154,185,0.832,11.523076923076923,2.5846153846153848,4.092307692307692,0.8153846153846154,0.12307692307692308,1.6153846153846154,25.468307692307693,16.28811675445803,3.653409365485913,5.78456482868603,0.5740343347639485,Washington,USA,2011,2,60,1,60.0
201274,Ivan Johnson,2011-12,28.0,56,934.3216666666667,356,226,32,43,18,69,141,275,0.513,2,6,0.333,72,100,0.72,6.357142857142857,4.035714285714286,0.5714285714285714,0.7678571428571429,0.32142857142857145,1.2321428571428572,16.684315476190477,13.71690335055914,8.7079217899617,1.232980076454754,0.5579937304075235,California State-San Bernardino,USA,Undrafted,Undrafted,Undrafted,0,61.0
202707,JaJuan Johnson,2011-12,23.0,36,298.1616666666667,114,58,6,5,14,14,54,121,0.446,0,0,0.0,6,9,0.667,3.1666666666666665,1.6111111111111112,0.16666666666666666,0.1388888888888889,0.3888888888888889,0.3888888888888889,8.282268518518519,13.764344846475904,7.0029122903123024,0.7244392024461002,0.45614596670934704,Purdue,USA,2011,1,27,0,27.0
202686,Jan Vesely,2011-12,22.0,57,1077.5583333333334,267,249,47,39,32,60,117,218,0.537,0,1,0.0,33,62,0.532,4.684210526315789,4.368421052631579,0.8245614035087719,0.6842105263157895,0.5614035087719298,1.0526315789473684,18.90453216374269,8.920166734979544,8.318807179812385,1.5702166162698075,0.5442759295499021,Partizan,Czech Republic,2011,1,6,0,6.0
202880,Jeff Foote,2011-12,24.0,4,39.13,4,6,0,0,1,2,2,6,0.333,0,0,0.0,0,0,0.0,1.0,1.5,0.0,0.0,0.25,0.5,9.7825,3.6800408893432146,5.520061334014821,0.0,0.3333333333333333,Cornell,USA,Undrafted,Undrafted,Undrafted,0,61.0
202951,Jeremy Pargo,2011-12,26.0,44,423.9766666666667,126,37,55,15,0,46,50,150,0.333,10,38,0.263,16,27,0.593,2.8636363636363638,0.8409090909090909,1.25,0.3409090909090909,0.0,1.0454545454545454,9.635833333333334,10.698701972592831,3.141682325285196,4.670068321369886,0.3891771682727947,Gonzaga,USA,2009,0,0,0,61.0
202719,Jeremy Tyler,2011-12,21.0,42,568.21,205,140,16,16,20,36,88,209,0.421,0,1,0.0,29,52,0.558,4.880952380952381,3.3333333333333335,0.38095238095238093,0.38095238095238093,0.47619047619047616,0.8571428571428571,13.528809523809525,12.988155787472941,8.86996004998152,1.0137097199978882,0.4420389856822495,Tokyo Apache,USA,2011,2,39,0,39.0
202406,Jerome Dyson,2011-12,25.0,9,180.18333333333334,67,19,18,11,2,20,19,48,0.396,1,8,0.125,28,36,0.778,7.444444444444445,2.111111111111111,2.0,1.2222222222222223,0.2222222222222222,2.2222222222222223,20.020370370370372,13.386365738599574,3.796133567662566,3.596337064101378,0.524749373433584,Connecticut,USA,Undrafted,Undrafted,Undrafted,0,61.0
202366,Jerome Jordan,2011-12,25.0,21,107.56666666666666,42,27,4,1,6,2,17,33,0.515,0,0,0.0,8,10,0.8,2.0,1.2857142857142858,0.19047619047619047,0.047619047619047616,0.2857142857142857,0.09523809523809523,5.122222222222222,14.056399132321042,9.036256585063526,1.3387046792686705,0.5614973262032086,Tulsa,Jamaica,2010,2,44,0,44.0
202536,Jerry Smith,2011-12,24.0,5,45.945,7,7,4,5,0,0,3,14,0.214,1,6,0.167,0,0,0.0,1.4,1.4,0.8,1.0,0.0,0.0,9.189,5.484818805093045,5.484818805093045,3.1341821743388834,0.25,Louisville,USA,1963,2,12,0,12.0
202690,Jimmer Fredette,2011-12,23.0,61,1134.66,462,73,108,30,3,67,172,446,0.386,78,216,0.361,40,48,0.833,7.573770491803279,1.1967213114754098,1.7704918032786885,0.4918032786885246,0.04918032786885246,1.098360655737705,18.600983606557378,14.658135476706677,2.316112315583523,3.4265771244249374,0.49451960952217844,Brigham Young,USA,2011,1,10,0,10.0
202710,Jimmy Butler III,2011-12,22.0,42,359.0316666666667,109,56,14,11,5,14,32,79,0.405,2,11,0.182,43,56,0.768,2.5952380952380953,1.3333333333333333,0.3333333333333333,0.2619047619047619,0.11904761904761904,0.3333333333333333,8.548373015873016,10.929398056810214,5.615103588819927,1.4037758972049819,0.5258587417985334,Marquette,USA,2011,1,30,1,30.0
202720,Jon Leuer,2011-12,23.0,46,554.5616666666666,218,120,25,14,17,18,97,191,0.508,3,9,0.333,21,28,0.75,4.739130434782608,2.608695652173913,0.5434782608695652,0.30434782608695654,0.3695652173913043,0.391304347826087,12.0556884057971,14.1517174224688,7.789936195854384,1.6229033741363301,0.5361007279165847,Wisconsin,USA,2011,2,40,0,40.0
202706,Jordan Hamilton,2011-12,21.0,26,258.03833333333336,115,62,20,4,3,16,48,111,0.432,17,47,0.362,2,5,0.4,4.423076923076923,2.3846153846153846,0.7692307692307693,0.15384615384615385,0.11538461538461539,0.6153846153846154,9.924551282051283,16.044127810467437,8.649877602165052,2.7902830974725976,0.5079505300353356,Texas,USA,2011,1,26,0,26.0
202716,Jordan Williams,2011-12,21.0,43,634.8133333333334,197,156,11,21,15,23,77,152,0.507,0,0,0.0,43,66,0.652,4.5813953488372094,3.627906976744186,0.2558139534883721,0.4883720930232558,0.3488372093023256,0.5348837209302325,14.7631007751938,11.171788032177437,8.846695091470458,0.6238054231165067,0.544078656650464,Maryland,USA,2011,2,36,0,36.0
202725,Josh Harrellson,2011-12,23.0,37,539.7066666666667,162,144,11,23,20,20,63,149,0.423,20,59,0.339,16,26,0.615,4.378378378378378,3.891891891891892,0.2972972972972973,0.6216216216216216,0.5405405405405406,0.5405405405405406,14.586666666666668,10.80586985523,9.605217649093335,0.7337319037501853,0.5048616305160808,Kentucky,USA,2011,2,45,0,45.0
202729,Josh Selby,2011-12,21.0,28,236.785,63,15,30,7,0,29,25,72,0.347,2,15,0.133,11,14,0.786,2.25,0.5357142857142857,1.0714285714285714,0.25,0.0,1.0357142857142858,8.456607142857143,9.57830943683088,2.2805498659121146,4.561099731824229,0.4030194472876152,Kansas,USA,2011,2,49,0,49.0
202933,Julyan Stone,2011-12,23.0,22,179.435,36,25,37,8,6,11,13,31,0.419,2,11,0.182,8,11,0.727,1.6363636363636365,1.1363636363636365,1.6818181818181819,0.36363636363636365,0.2727272727272727,0.5,8.156136363636364,7.222671162259314,5.015743862680079,7.423300916766517,0.5022321428571428,Texas-El Paso,USA,Undrafted,Undrafted,Undrafted,0,61.0
202458,Justin Dentmon,2011-12,26.0,6,90.70833333333333,26,8,10,2,0,7,10,28,0.357,2,14,0.143,4,6,0.667,4.333333333333333,1.3333333333333333,1.6666666666666667,0.3333333333333333,0.0,1.1666666666666667,15.118055555555555,10.318787322002757,3.1750114836931562,3.968764354616445,0.42428198433420367,Washington,USA,Undrafted,Undrafted,Undrafted,0,61.0
202712,Justin Harper,2011-12,22.0,14,83.63,20,12,2,2,3,6,9,31,0.29,2,13,0.154,0,1,0.0,1.4285714285714286,0.8571428571428571,0.14285714285714285,0.14285714285714285,0.21428571428571427,0.42857142857142855,5.973571428571428,8.609350711467178,5.165610426880306,0.8609350711467176,0.31806615776081426,Richmond,USA,2011,2,32,0,32.0
202695,Kawhi Leonard,2011-12,21.0,64,1534.3966666666668,507,327,70,85,24,44,199,404,0.493,41,109,0.376,68,88,0.773,7.921875,5.109375,1.09375,1.328125,0.375,0.6875,23.974947916666668,11.895229178026542,7.672070889969781,1.6423393342442956,0.5725966750993856,San Diego State,USA,2011,1,15,1,15.0
202728,Keith Benson,2011-12,23.0,3,9.133333333333333,0,3,0,0,0,0,0,1,0.0,0,0,0.0,0,0,0.0,0.0,1.0,0.0,0.0,0.0,0.0,3.0444444444444443,0.0,11.824817518248176,0.0,0.0,Oakland,USA,2011,2,48,0,48.0
202689,Kemba Walker,2011-12,22.0,66,1792.0466666666666,799,234,289,60,20,119,281,767,0.366,69,226,0.305,168,213,0.789,12.106060606060606,3.5454545454545454,4.378787878787879,0.9090909090909091,0.30303030303030304,1.803030303030303,27.15222222222222,16.050921292972284,4.70077044124595,5.805652382564443,0.4641462961241751,Connecticut,USA,2011,1,9,1,9.0
202702,Kenneth Faried,2011-12,22.0,46,1037.2633333333333,471,352,36,34,47,54,181,309,0.586,0,0,0.0,109,164,0.665,10.23913043478261,7.6521739130434785,0.782608695652174,0.7391304347826086,1.0217391304347827,1.173913043478261,22.549202898550725,16.346861452732995,12.216762699282405,1.2494416396993369,0.6178507713296254,Morehead State,USA,2011,1,22,0,22.0
202691,Klay Thompson,2011-12,22.0,66,1607.665,826,161,133,49,20,103,318,718,0.443,111,268,0.414,79,91,0.868,12.515151515151516,2.4393939393939394,2.015151515151515,0.7424242424242424,0.30303030303030304,1.5606060606060606,24.358560606060607,18.496390728167874,3.6052287012530595,2.9782324053829625,0.5448261305472007,Washington State,USA,2011,1,11,1,11.0
202681,Kyrie Irving,2011-12,20.0,51,1557.8516666666667,944,191,275,54,20,160,350,747,0.469,73,183,0.399,171,196,0.872,18.50980392156863,3.7450980392156863,5.392156862745098,1.0588235294117647,0.39215686274509803,3.1372549019607843,30.546111111111113,21.814657150712893,4.413770673502291,6.354905419964031,0.5664634439057175,Duke,Australia,2011,1,1,1,1.0
202498,Lance Thomas,2011-12,24.0,42,629.4633333333334,166,126,12,10,7,24,57,126,0.452,0,1,0.0,52,62,0.839,3.9523809523809526,3.0,0.2857142857142857,0.23809523809523808,0.16666666666666666,0.5714285714285714,14.987222222222224,9.493801598186815,7.206138562479149,0.6862989107122999,0.5414926931106472,Duke,USA,Undrafted,Undrafted,Undrafted,0,61.0
202730,Lavoy Allen,2011-12,23.0,41,624.12,169,171,34,13,18,20,79,167,0.473,0,0,0.0,11,14,0.786,4.121951219512195,4.170731707317073,0.8292682926829268,0.3170731707317073,0.43902439024390244,0.4878048780487805,15.222439024390244,9.748125360507595,9.863487790809458,1.9611613151317056,0.487987987987988,Temple,USA,2011,2,50,0,50.0
202723,Malcolm Lee,2011-12,22.0,19,243.0,62,26,31,8,4,17,23,59,0.39,2,10,0.2,14,17,0.824,3.263157894736842,1.368421052631579,1.631578947368421,0.42105263157894735,0.21052631578947367,0.8947368421052632,12.789473684210526,9.185185185185185,3.8518518518518516,4.592592592592593,0.4663056558363417,UCLA,USA,2011,2,43,0,43.0
202952,Malcolm Thomas,2011-12,23.0,3,15.083333333333334,1,3,1,1,1,0,0,3,0.0,0,0,0.0,1,2,0.5,0.3333333333333333,1.0,0.3333333333333333,0.3333333333333333,0.3333333333333333,0.0,5.027777777777778,2.386740331491713,7.160220994475138,2.386740331491713,0.1288659793814433,San Diego State,USA,Undrafted,Undrafted,Undrafted,0,61.0
202705,MarShon Brooks,2011-12,23.0,56,1648.3066666666666,708,200,131,52,15,118,274,640,0.428,47,150,0.313,113,148,0.764,12.642857142857142,3.5714285714285716,2.3392857142857144,0.9285714285714286,0.26785714285714285,2.107142857142857,29.434047619047618,15.463141971963147,4.368119201119533,2.8611180767332938,0.5020422055820286,Providence,USA,2011,1,25,0,25.0
202694,Marcus Morris Sr.,2011-12,22.0,17,125.59333333333333,40,16,3,2,2,4,16,54,0.296,2,17,0.118,6,8,0.75,2.3529411764705883,0.9411764705882353,0.17647058823529413,0.11764705882352941,0.11764705882352941,0.23529411764705882,7.387843137254902,11.46557672912575,4.5862306916503,0.8599182546844312,0.3477051460361613,Kansas,USA,2011,1,14,0,14.0
202693,Markieff Morris,2011-12,22.0,63,1226.985,467,279,65,41,42,70,174,436,0.399,43,124,0.347,76,106,0.717,7.412698412698413,4.428571428571429,1.0317460317460319,0.6507936507936508,0.6666666666666666,1.1111111111111112,19.47595238095238,13.701878996075749,8.18591914326581,1.9071137788970527,0.483797447372783,Kansas,USA,2011,1,13,0,13.0
202148,Mickell Gladness,2011-12,25.0,26,252.04833333333335,56,58,5,4,20,7,25,59,0.424,0,0,0.0,6,12,0.5,2.1538461538461537,2.230769230769231,0.19230769230769232,0.15384615384615385,0.7692307692307693,0.2692307692307692,9.694166666666668,7.998465902703846,8.284125399228984,0.7141487413128434,0.4355942750466708,Alabama A&M,USA,Undrafted,Undrafted,Undrafted,0,61.0
202814,Mychel Thompson,2011-12,24.0,5,94.735,18,5,7,2,1,5,7,24,0.292,4,11,0.364,0,0,0.0,3.6,1.0,1.4,0.4,0.2,1.0,18.947,6.840133002586161,1.9000369451628225,2.660051723227952,0.375,Pepperdine,USA,Undrafted,Undrafted,Undrafted,0,61.0
202696,Nikola Vučević,2011-12,21.0,51,811.5733333333334,283,246,31,20,34,33,131,291,0.45,3,8,0.375,18,34,0.529,5.549019607843137,4.823529411764706,0.6078431372549019,0.39215686274509803,0.6666666666666666,0.6470588235294118,15.913202614379086,12.553394230137346,10.91213774068476,1.3751067884602746,0.4624787553928618,Southern California,Montenegro,2011,1,16,0,16.0
202701,Nolan Smith,2011-12,23.0,44,541.0783333333334,167,56,62,18,3,42,67,180,0.372,13,45,0.289,20,28,0.714,3.7954545454545454,1.2727272727272727,1.4090909090909092,0.4090909090909091,0.06818181818181818,0.9545454545454546,12.29723484848485,11.11114533631914,3.725893046909412,4.125095873363992,0.4341722129783694,Duke,USA,2011,1,21,0,21.0
202708,Norris Cole,2011-12,23.0,65,1260.4333333333334,441,91,133,44,2,105,177,450,0.393,21,76,0.276,66,85,0.776,6.7846153846153845,1.4,2.046153846153846,0.676923076923077,0.03076923076923077,1.6153846153846154,19.39128205128205,12.59566815645413,2.5991061275222807,3.7986935709941023,0.45240049240869923,Cleveland State,USA,2011,1,28,0,28.0
202704,Reggie Jackson,2011-12,22.0,45,500.7133333333333,140,53,71,25,1,36,51,159,0.321,13,62,0.21,25,29,0.862,3.111111111111111,1.1777777777777778,1.5777777777777777,0.5555555555555556,0.022222222222222223,0.8,11.126962962962962,10.06563968737934,3.8105635959364643,5.104717270028093,0.40754541220307405,Boston College,USA,2011,1,24,0,24.0
201937,Ricky Rubio,2011-12,21.0,41,1403.68,436,171,336,91,8,131,139,389,0.357,32,94,0.34,126,157,0.803,10.634146341463415,4.170731707317073,8.195121951219512,2.2195121951219514,0.1951219512195122,3.1951219512195124,34.23609756097561,11.182035791633421,4.385614954975493,8.617348683460618,0.47589940621725463,FC Barcelona,Spain,2009,1,5,0,5.0
202385,Ryan Reid,2011-12,25.0,5,16.661666666666665,8,2,0,0,0,1,4,5,0.8,0,0,0.0,0,0,0.0,1.6,0.4,0.0,0.0,0.0,0.2,3.332333333333333,17.2851855556667,4.321296388916675,0.0,0.8,Florida State,USA,2010,2,57,0,57.0
202714,Shelvin Mack,2011-12,22.0,64,779.48,230,92,131,28,2,48,88,220,0.4,12,42,0.286,42,59,0.712,3.59375,1.4375,2.046875,0.4375,0.03125,0.75,12.179375,10.622466259557655,4.248986503823061,6.05018730435675,0.4675557001138396,Butler,USA,2011,2,34,0,34.0
202227,Terrel Harris,2011-12,24.0,22,318.2183333333333,80,51,26,9,2,25,29,83,0.349,8,39,0.205,14,21,0.667,3.6363636363636362,2.3181818181818183,1.1818181818181819,0.4090909090909091,0.09090909090909091,1.1363636363636365,14.464469696969696,9.050389931441202,5.769623581293767,2.941376727718391,0.4336513443191674,Oklahoma State,USA,Undrafted,Undrafted,Undrafted,0,61.0
202699,Tobias Harris,2011-12,19.0,42,479.015,208,101,22,13,7,31,79,169,0.467,6,23,0.261,44,54,0.815,4.9523809523809526,2.4047619047619047,0.5238095238095238,0.30952380952380953,0.16666666666666666,0.7380952380952381,11.405119047619047,15.632078327401022,7.590576495516842,1.6533929000135696,0.5395310230338245,Tennessee,USA,2011,1,19,0,19.0
202727,Travis Leslie,2011-12,22.0,10,45.28333333333333,14,9,5,2,2,2,5,14,0.357,0,0,0.0,4,9,0.444,1.4,0.9,0.5,0.2,0.2,0.2,4.528333333333333,11.129922708870076,7.15495031284505,3.9749723960250276,0.3897550111358574,Georgia,USA,2011,2,47,0,47.0
202717,Trey Thompkins,2011-12,22.0,24,119.02333333333333,57,24,3,3,3,6,24,61,0.393,4,13,0.308,5,7,0.714,2.375,1.0,0.125,0.125,0.125,0.25,4.959305555555555,17.240317024673033,7.259080852493909,0.9073851065617387,0.44475655430711614,Georgia,USA,2011,2,37,0,37.0
202684,Tristan Thompson,2011-12,21.0,60,1423.7533333333333,494,389,27,27,62,81,194,442,0.439,0,2,0.0,106,192,0.552,8.233333333333333,6.483333333333333,0.45,0.45,1.0333333333333334,1.35,23.729222222222223,12.490927735609633,9.83597345982216,0.6827025280596358,0.46915362406929034,Texas-Austin,Canada,2011,1,4,0,4.0
202715,Tyler Honeycutt,2011-12,21.0,15,88.02,20,14,7,4,3,2,8,24,0.333,1,3,0.333,3,5,0.6,1.3333333333333333,0.9333333333333333,0.4666666666666667,0.26666666666666666,0.2,0.13333333333333333,5.867999999999999,8.1799591002045,5.72597137014315,2.862985685071575,0.3816793893129771,UCLA,USA,2011,2,35,0,35.0
202731,Vernon Macklin,2011-12,25.0,23,135.45666666666668,46,34,5,4,4,3,19,35,0.543,0,0,0.0,8,14,0.571,2.0,1.4782608695652173,0.21739130434782608,0.17391304347826086,0.17391304347826086,0.13043478260869565,5.889420289855073,12.225311907867212,9.036100105814898,1.328838250855132,0.5587949465500487,Florida,USA,2011,2,52,0,52.0
201041,Walker Russell,2011-12,29.0,28,357.24833333333333,84,26,58,18,1,33,33,95,0.347,4,13,0.308,14,22,0.636,3.0,0.9285714285714286,2.0714285714285716,0.6428571428571429,0.03571428571428571,1.1785714285714286,12.758869047619047,8.46470009190619,2.620026218923345,5.844673872982845,0.4012227741688957,Jacksonville State,USA,1982,4,78,0,61.0
202918,Xavier Silas,2011-12,24.0,2,38.7,11,4,3,0,0,3,4,15,0.267,1,6,0.167,2,3,0.667,5.5,2.0,1.5,0.0,0.0,1.5,19.35,10.232558139534884,3.7209302325581395,2.7906976744186047,0.3370098039215686,Northern Illinois,USA,2011,,,0,61.0
203144,Alexey Shved,2012-13,24.0,77,1839.5283333333334,665,175,286,54,27,147,236,635,0.372,85,288,0.295,108,150,0.72,8.636363636363637,2.272727272727273,3.7142857142857144,0.7012987012987013,0.35064935064935066,1.9090909090909092,23.889978354978357,13.014205634234138,3.4247909563774046,5.597086934422501,0.4743223965763195,CSKA Moscow,Russia,Undrafted,Undrafted,Undrafted,0,61.0
203083,Andre Drummond,2012-13,19.0,60,1242.69,476,457,30,59,95,57,208,342,0.608,1,2,0.5,59,159,0.371,7.933333333333334,7.616666666666666,0.5,0.9833333333333333,1.5833333333333333,0.95,20.7115,13.789440648914853,13.239021799483378,0.8690823938391714,0.5777259928148364,Connecticut,USA,2012,1,9,1,9.0
203094,Andrew Nicholson,2012-13,23.0,75,1249.4083333333333,587,258,44,24,32,79,256,486,0.527,0,0,0.0,75,94,0.798,7.826666666666667,3.44,0.5866666666666667,0.32,0.4266666666666667,1.0533333333333332,16.65877777777778,16.91360577339941,7.43391872152819,1.2678000920435673,0.5565458131067961,St. Bonaventure,Canada,2012,1,19,0,19.0
203076,Anthony Davis,2012-13,20.0,64,1845.9516666666666,867,522,63,75,112,89,349,676,0.516,0,6,0.0,169,225,0.751,13.546875,8.15625,0.984375,1.171875,1.75,1.390625,28.842994791666666,16.908351699349296,10.18011486396809,1.2286345525478728,0.5593548387096774,Kentucky,USA,2012,1,1,1,1.0
203102,Arnett Moultrie,2012-13,22.0,47,541.7083333333334,174,145,10,17,10,19,78,134,0.582,0,0,0.0,18,28,0.643,3.702127659574468,3.0851063829787235,0.2127659574468085,0.3617021276595745,0.2127659574468085,0.40425531914893614,11.525709219858157,11.563418198600107,9.636181832166756,0.6645642642873625,0.5945872061235649,Mississippi State,USA,2012,1,27,0,27.0
203382,Aron Baynes,2012-13,26.0,16,141.355,43,32,5,1,6,11,18,36,0.5,0,1,0.0,7,12,0.583,2.6875,2.0,0.3125,0.0625,0.375,0.6875,8.8346875,10.951151356513742,8.149694032754413,1.2733896926178772,0.5208333333333334,Washington State,Australia,Undrafted,Undrafted,Undrafted,0,61.0
203085,Austin Rivers,2012-13,20.0,61,1417.55,377,109,127,26,9,74,145,390,0.372,28,86,0.326,59,108,0.546,6.180327868852459,1.7868852459016393,2.081967213114754,0.4262295081967213,0.14754098360655737,1.2131147540983607,23.238524590163934,9.574265458008536,2.768156326055519,3.225283058798632,0.43083744743097463,Duke,USA,2012,1,10,0,10.0
203162,Ben Hansbrough,2012-13,25.0,28,200.3,57,18,21,7,2,18,15,45,0.333,6,23,0.261,21,27,0.778,2.0357142857142856,0.6428571428571429,0.75,0.25,0.07142857142857142,0.6428571428571429,7.153571428571429,10.244633050424364,3.2351472790813776,3.7743384922616077,0.501054852320675,Notre Dame,USA,Undrafted,Undrafted,Undrafted,0,61.0
203108,Bernard James,2012-13,28.0,46,457.025,131,131,6,12,38,18,53,103,0.515,0,2,0.0,25,41,0.61,2.847826086956522,2.847826086956522,0.13043478260869565,0.2608695652173913,0.8260869565217391,0.391304347826087,9.935326086956522,10.318910344073082,10.318910344073082,0.47262184782014116,0.5411434236615995,Florida State,USA,2012,2,33,0,33.0
203078,Bradley Beal,2012-13,20.0,56,1744.5716666666667,780,211,137,50,29,90,282,687,0.41,91,236,0.386,125,159,0.786,13.928571428571429,3.767857142857143,2.4464285714285716,0.8928571428571429,0.5178571428571429,1.6071428571428572,31.153065476190477,16.095641432519727,4.354077361873927,2.8270549695579525,0.5152187698161065,Florida,USA,2012,1,3,1,3.0
203148,Brian Roberts,2012-13,27.0,78,1323.7983333333334,555,97,219,37,3,71,213,511,0.417,59,153,0.386,70,77,0.909,7.115384615384615,1.2435897435897436,2.8076923076923075,0.47435897435897434,0.038461538461538464,0.9102564102564102,16.971773504273504,15.092933339544416,2.6378640251095646,5.95558991236077,0.5092864483923065,Dayton,USA,Undrafted,Undrafted,Undrafted,0,61.0
203142,Chris Copeland,2012-13,29.0,56,861.6216666666667,486,119,27,16,12,50,182,380,0.479,59,140,0.421,63,83,0.759,8.678571428571429,2.125,0.48214285714285715,0.2857142857142857,0.21428571428571427,0.8928571428571429,15.386101190476191,20.30589605259849,4.97201981534819,1.1281053362554718,0.5834053586862575,Colorado,USA,Undrafted,Undrafted,Undrafted,0,61.0
203187,Chris Johnson,2012-13,23.0,8,102.10166666666667,29,11,2,4,0,3,11,25,0.44,6,18,0.333,1,2,0.5,3.625,1.375,0.25,0.5,0.0,0.375,12.762708333333334,10.225102430583895,3.8784871288421665,0.7051794779713031,0.5602782071097373,University of Dayton,USA,Undrafted,Undrafted,Undrafted,0,61.0
203203,Chris Wright,2012-13,23.0,3,4.375,2,0,0,0,0,1,1,2,0.5,0,0,0.0,0,0,0.0,0.6666666666666666,0.0,0.0,0.0,0.0,0.3333333333333333,1.4583333333333333,16.457142857142856,0.0,0.0,0.5,Georgetown,USA,Undrafted,Undrafted,Undrafted,0,61.0
203081,Damian Lillard,2012-13,22.0,82,3166.87,1562,257,531,74,19,243,553,1288,0.429,185,503,0.368,271,321,0.844,19.048780487804876,3.1341463414634148,6.475609756097561,0.9024390243902439,0.23170731707317074,2.9634146341463414,38.620365853658534,17.75633354068844,2.9214966196907355,6.036243988543894,0.5464442640844085,Weber State,USA,2012,1,6,1,6.0
203130,Darius Johnson-Odom,2012-13,23.0,4,5.611666666666666,0,4,1,0,0,0,0,4,0.0,0,1,0.0,0,0,0.0,0.0,1.0,0.25,0.0,0.0,0.0,1.4029166666666666,0.0,25.660825660825665,6.415206415206416,0.0,Marquette,USA,2012,2,55,0,55.0
203121,Darius Miller,2012-13,23.0,52,694.0,118,78,44,17,12,23,44,108,0.407,22,56,0.393,8,8,1.0,2.269230769230769,1.5,0.8461538461538461,0.3269230769230769,0.23076923076923078,0.4423076923076923,13.346153846153847,6.121037463976946,4.046109510086455,2.282420749279539,0.5290530846484935,Kentucky,USA,2012,2,46,0,46.0
203199,DeQuan Jones,2012-13,23.0,63,803.0183333333333,233,105,16,19,22,30,95,218,0.436,9,35,0.257,34,51,0.667,3.6984126984126986,1.6666666666666667,0.25396825396825395,0.30158730158730157,0.3492063492063492,0.47619047619047616,12.74632275132275,10.445589660676076,4.70723997584115,0.7172937106043656,0.4845283646647812,Miami,USA,Undrafted,Undrafted,Undrafted,0,61.0
203197,Diante Garrett,2012-13,24.0,19,149.405,40,15,31,10,0,16,16,49,0.327,3,15,0.2,5,10,0.5,2.1052631578947367,0.7894736842105263,1.631578947368421,0.5263157894736842,0.0,0.8421052631578947,7.863421052631579,9.638231652220474,3.6143368695826776,7.4696295304708675,0.37453183520599254,Iowa State,USA,Undrafted,Undrafted,Undrafted,0,61.0
203079,Dion Waiters,2012-13,21.0,61,1756.305,894,149,183,59,16,121,336,815,0.412,63,203,0.31,159,213,0.746,14.655737704918034,2.442622950819672,3.0,0.9672131147540983,0.26229508196721313,1.9836065573770492,28.79188524590164,18.324835378820875,3.054139229803479,3.751056906402931,0.49190069548375737,Syracuse,USA,2012,1,4,0,4.0
202700,Donatas Motiejunas,2012-13,22.0,44,537.5083333333333,250,93,31,7,10,37,97,213,0.455,24,83,0.289,32,51,0.627,5.681818181818182,2.1136363636363638,0.7045454545454546,0.1590909090909091,0.22727272727272727,0.8409090909090909,12.216098484848485,16.743926450752703,6.228740639680005,2.076246879893335,0.5309208290859667,Lithuania,Lithuania,2011,1,20,0,20.0
203117,Doron Lamb,2012-13,21.0,47,577.7783333333333,154,46,32,13,0,26,60,163,0.368,14,37,0.378,20,34,0.588,3.276595744680851,0.9787234042553191,0.6808510638297872,0.2765957446808511,0.0,0.5531914893617021,12.293156028368793,9.595375389062125,2.8661510902393363,1.993844236688234,0.4326815014610024,Kentucky,USA,2012,2,42,0,42.0
203110,Draymond Green,2012-13,23.0,79,1060.9283333333333,227,260,53,42,25,51,84,257,0.327,14,67,0.209,45,55,0.818,2.8734177215189876,3.2911392405063293,0.6708860759493671,0.5316455696202531,0.31645569620253167,0.6455696202531646,13.429472573839663,7.702688054643968,8.822462089019522,1.7984249643001335,0.4036273115220484,Michigan State,USA,2012,2,35,1,35.0
203095,Evan Fournier,2012-13,20.0,38,428.27,202,35,44,19,1,32,75,152,0.493,22,54,0.407,30,39,0.769,5.315789473684211,0.9210526315789473,1.1578947368421053,0.5,0.02631578947368421,0.8421052631578947,11.270263157894737,16.979942559600254,2.9420692553762815,3.6986013496158967,0.5970678647434382,Poitiers Basket 86,France,2012,1,20,0,20.0
203097,Fab Melo,2012-13,23.0,6,35.995,7,3,0,2,2,1,3,6,0.5,0,0,0.0,1,4,0.25,1.1666666666666667,0.5,0.0,0.3333333333333333,0.3333333333333333,0.16666666666666666,5.9991666666666665,7.000972357271844,3.000416724545076,0.0,0.45103092783505155,Syracuse,Brazil,2012,1,22,0,22.0
203105,Festus Ezeli,2012-13,23.0,78,1120.0616666666667,191,313,22,23,74,63,74,169,0.438,0,0,0.0,43,81,0.531,2.448717948717949,4.012820512820513,0.28205128205128205,0.2948717948717949,0.9487179487179487,0.8076923076923077,14.359764957264957,6.138947706748289,10.060160378074421,0.7071039243374992,0.4666731821735731,Vanderbilt,Nigeria,2012,1,30,0,30.0
203084,Harrison Barnes,2012-13,21.0,81,2057.5316666666668,748,333,98,52,14,101,276,628,0.439,52,145,0.359,144,190,0.758,9.234567901234568,4.111111111111111,1.2098765432098766,0.6419753086419753,0.1728395061728395,1.2469135802469136,25.401625514403293,13.08752639692058,5.82639878365582,1.7146759183131242,0.5255761663856099,North Carolina,USA,2012,1,7,0,7.0
203156,Henry Sims,2012-13,23.0,2,4.783333333333333,4,2,0,0,0,1,2,3,0.667,0,0,0.0,0,0,0.0,2.0,1.0,0.0,0.0,0.0,0.5,2.3916666666666666,30.10452961672474,15.05226480836237,0.0,0.6666666666666666,Georgetown,USA,Undrafted,Undrafted,Undrafted,0,61.0
203109,Jae Crowder,2012-13,22.0,78,1353.165,392,187,94,63,17,49,141,367,0.384,63,192,0.328,47,73,0.644,5.0256410256410255,2.3974358974358974,1.205128205128205,0.8076923076923077,0.21794871794871795,0.6282051282051282,17.34826923076923,10.428883395594772,4.97500304840873,2.5008036713926245,0.49108037682902383,Marquette,USA,2012,2,34,0,34.0
203099,Jared Cunningham,2012-13,22.0,8,25.685,16,3,1,1,0,2,6,14,0.429,2,3,0.667,2,2,1.0,2.0,0.375,0.125,0.125,0.0,0.25,3.210625,22.425540198559474,4.2047887872299015,1.4015962624099672,0.5376344086021505,Oregon State,USA,2012,1,24,0,24.0
203096,Jared Sullinger,2012-13,21.0,45,891.5316666666666,270,264,35,22,22,29,111,225,0.493,1,5,0.2,47,63,0.746,6.0,5.866666666666666,0.7777777777777778,0.4888888888888889,0.4888888888888889,0.6444444444444445,19.811814814814813,10.902585251224952,10.660305578975509,1.413298088121753,0.5341880341880342,Ohio State,USA,2012,1,21,0,21.0
202363,Jarvis Varnado,2012-13,25.0,13,58.21666666666667,8,9,3,1,2,6,3,7,0.429,0,0,0.0,2,4,0.5,0.6153846153846154,0.6923076923076923,0.23076923076923078,0.07692307692307693,0.15384615384615385,0.46153846153846156,4.478205128205128,4.947036931004867,5.565416547380475,1.855138849126825,0.4566210045662101,Mississippi State,USA,2010,2,41,0,41.0
203106,Jeffery Taylor,2012-13,24.0,77,1507.4416666666666,472,150,63,47,15,48,172,399,0.431,53,154,0.344,75,103,0.728,6.12987012987013,1.948051948051948,0.8181818181818182,0.6103896103896104,0.19480519480519481,0.6233766233766234,19.5771645021645,11.272077968743954,3.582228168033036,1.5045358305738754,0.5311487216420598,Vanderbilt,Sweden,2012,2,31,0,31.0
203087,Jeremy Lamb,2012-13,21.0,23,146.59166666666667,71,18,5,2,2,6,24,68,0.353,9,30,0.3,14,14,1.0,3.0869565217391304,0.782608695652174,0.21739130434782608,0.08695652173913043,0.08695652173913043,0.2608695652173913,6.373550724637681,17.43618896026377,4.420442271616167,1.2279006310044909,0.47869471413160736,Connecticut,USA,2012,1,12,0,12.0
200777,Joel Freeland,2012-13,26.0,51,477.33666666666664,134,119,13,13,11,19,58,142,0.408,0,0,0.0,18,27,0.667,2.627450980392157,2.3333333333333335,0.2549019607843137,0.2549019607843137,0.21568627450980393,0.37254901960784315,9.35954248366013,10.106074678249454,8.9747976620275,0.9804400807256933,0.4354042110735638,Malaga,United Kingdom,2006,1,30,0,30.0
203089,John Henson,2012-13,22.0,63,827.1483333333333,380,297,31,19,42,47,162,336,0.482,0,3,0.0,56,105,0.533,6.031746031746032,4.714285714285714,0.49206349206349204,0.30158730158730157,0.6666666666666666,0.746031746031746,13.129338624338624,16.538750607005195,12.926339290211953,1.3492138653083185,0.4971219256933543,North Carolina,USA,2012,1,14,0,14.0
203098,John Jenkins,2012-13,22.0,61,901.8283333333334,374,94,56,12,10,40,131,294,0.446,53,138,0.384,59,70,0.843,6.131147540983607,1.540983606557377,0.9180327868852459,0.19672131147540983,0.16393442622950818,0.6557377049180327,14.784071038251367,14.929670650548793,3.7523771153785734,2.2354587070340437,0.5757389162561576,Vanderbilt,USA,2012,1,23,0,23.0
202685,Jonas Valanciunas,2012-13,21.0,62,1481.5983333333334,554,372,45,17,78,94,204,366,0.557,0,0,0.0,146,185,0.789,8.935483870967742,6.0,0.7258064516129032,0.27419354838709675,1.2580645161290323,1.5161290322580645,23.89674731182796,13.461138252720316,9.038887057783317,1.0934137569899174,0.6191327670987931,Lietuvos rytas Vilnius,Lithuania,2011,1,5,0,5.0
203006,Josh Akognon,2012-13,27.0,3,8.703333333333333,5,1,1,0,0,0,2,4,0.5,1,2,0.5,0,0,0.0,1.6666666666666667,0.3333333333333333,0.3333333333333333,0.0,0.0,0.0,2.901111111111111,20.681731137495213,4.136346227499042,4.136346227499042,0.625,California State-Fullerton,USA,Undrafted,Undrafted,Undrafted,0,61.0
203200,Justin Holiday,2012-13,24.0,9,142.00333333333333,42,14,15,3,6,9,16,48,0.333,4,16,0.25,6,8,0.75,4.666666666666667,1.5555555555555556,1.6666666666666667,0.3333333333333333,0.6666666666666666,1.0,15.778148148148148,10.647637379404241,3.549212459801413,3.802727635501514,0.4076086956521739,Washington,USA,Undrafted,Undrafted,Undrafted,0,61.0
203088,Kendall Marshall,2012-13,21.0,48,702.34,143,42,143,22,4,57,56,151,0.371,23,73,0.315,8,14,0.571,2.9791666666666665,0.875,2.9791666666666665,0.4583333333333333,0.08333333333333333,1.1875,14.632083333333334,7.329783295839621,2.1528034854913574,7.329783295839621,0.454950369050649,North Carolina,USA,2012,1,13,0,13.0
203145,Kent Bazemore,2012-13,23.0,61,266.8183333333333,123,22,22,17,4,18,43,116,0.371,10,34,0.294,27,44,0.614,2.0163934426229506,0.36065573770491804,0.36065573770491804,0.2786885245901639,0.06557377049180328,0.29508196721311475,4.374071038251366,16.595561274525114,2.968311772679289,2.968311772679289,0.4543439716312056,Old Dominion,USA,Undrafted,Undrafted,Undrafted,0,61.0
203158,Kevin Jones,2012-13,23.0,32,334.01666666666665,95,78,10,9,5,8,43,107,0.402,0,0,0.0,9,15,0.6,2.96875,2.4375,0.3125,0.28125,0.15625,0.25,10.438020833333333,10.239010029439648,8.40676612943466,1.0777905294146999,0.41813380281690143,West Virginia,USA,Undrafted,Undrafted,Undrafted,0,61.0
203122,Kevin Murphy,2012-13,23.0,17,52.388333333333335,15,4,2,1,0,3,7,28,0.25,1,5,0.2,0,0,0.0,0.8823529411764706,0.23529411764705882,0.11764705882352941,0.058823529411764705,0.0,0.17647058823529413,3.081666666666667,10.307638469124806,2.7487035917666147,1.3743517958833074,0.26785714285714285,Tennessee Tech,USA,2012,2,47,0,47.0
203114,Khris Middleton,2012-13,21.0,27,475.41833333333335,165,50,28,15,4,11,62,141,0.44,14,45,0.311,27,32,0.844,6.111111111111111,1.8518518518518519,1.037037037037037,0.5555555555555556,0.14814814814814814,0.4074074074074074,17.608086419753086,12.494259441684692,3.7861392247529366,2.1202379658616444,0.5319834923910239,Texas A&M,USA,2012,2,39,1,39.0
203119,Kim English,2012-13,24.0,41,406.56666666666666,119,37,26,16,3,19,42,112,0.375,14,50,0.28,21,29,0.724,2.902439024390244,0.9024390243902439,0.6341463414634146,0.3902439024390244,0.07317073170731707,0.4634146341463415,9.916260162601626,10.537017299335902,3.276215462818726,2.3022054603591044,0.47691567810195573,Missouri,USA,2012,2,44,0,44.0
203126,Kris Joseph,2012-13,24.0,10,53.901666666666664,9,7,1,3,0,2,2,14,0.143,0,3,0.0,5,8,0.625,0.9,0.7,0.1,0.3,0.0,0.2,5.3901666666666666,6.010945858198571,4.675180111932222,0.6678828731331746,0.2568493150684932,Syracuse,Canada,2012,2,51,0,51.0
203124,Kyle O'Quinn,2012-13,23.0,57,637.9166666666666,232,209,52,11,26,37,101,197,0.513,0,1,0.0,30,45,0.667,4.0701754385964914,3.6666666666666665,0.9122807017543859,0.19298245614035087,0.45614035087719296,0.6491228070175439,11.191520467836257,13.092619203135207,11.794644023514042,2.9345525800130634,0.5350553505535055,Norfolk State,USA,2012,2,49,0,49.0
202713,Kyle Singler,2012-13,25.0,82,2292.923333333333,720,330,77,57,37,98,275,642,0.428,70,200,0.35,100,124,0.806,8.78048780487805,4.024390243902439,0.9390243902439024,0.6951219512195121,0.45121951219512196,1.1951219512195121,27.962479674796747,11.304346561958026,5.181158840897428,1.2089370628760665,0.5168255426668198,Duke,USA,2011,2,33,0,33.0
202545,Luke Zeller,2012-13,26.0,16,58.178333333333335,19,10,3,0,0,0,9,26,0.346,1,5,0.2,0,0,0.0,1.1875,0.625,0.1875,0.0,0.0,0.0,3.6361458333333334,11.756954192568825,6.187870627667803,1.8563611883003408,0.36538461538461536,Notre Dame,USA,Undrafted,Undrafted,Undrafted,0,61.0
203146,Maalik Wayns,2012-13,22.0,27,201.955,76,7,27,6,0,15,26,88,0.295,7,31,0.226,17,19,0.895,2.814814814814815,0.25925925925925924,1.0,0.2222222222222222,0.0,0.5555555555555556,7.479814814814815,13.547572479017603,1.2478027283305686,4.812953380703622,0.39435450394354504,Villanova,USA,Undrafted,Undrafted,Undrafted,0,61.0
203104,Marquis Teague,2012-13,20.0,48,391.9216666666667,99,44,63,9,7,35,43,113,0.381,4,23,0.174,9,16,0.563,2.0625,0.9166666666666666,1.3125,0.1875,0.14583333333333334,0.7291666666666666,8.165034722222222,9.093653918937882,4.041623963972392,5.786870675687743,0.41236254581806064,Kentucky,USA,2012,1,29,0,29.0
203090,Maurice Harkless,2012-13,20.0,76,1973.605,625,335,50,88,62,69,260,564,0.461,32,117,0.274,73,128,0.57,8.223684210526315,4.407894736842105,0.6578947368421053,1.1578947368421053,0.8157894736842105,0.9078947368421053,25.968486842105264,11.400457538362538,6.110645240562321,0.9120366030690031,0.503772246582409,"St. John's, N.Y.",USA,2012,1,15,0,15.0
203086,Meyers Leonard,2012-13,21.0,69,1206.2516666666668,377,255,33,11,38,49,151,277,0.545,3,7,0.429,72,89,0.809,5.463768115942029,3.6956521739130435,0.4782608695652174,0.15942028985507245,0.5507246376811594,0.7101449275362319,17.481908212560388,11.25138341777766,7.6103521791334305,0.9848691055349145,0.5962171052631579,Illinois,USA,2012,1,11,0,11.0
203077,Michael Kidd-Gilchrist,2012-13,19.0,78,2024.7633333333333,704,455,117,54,70,101,281,613,0.458,2,9,0.222,140,187,0.749,9.025641025641026,5.833333333333333,1.5,0.6923076923076923,0.8974358974358975,1.294871794871795,25.958504273504275,12.517018449892909,8.0898343674734,2.0802431230645886,0.5062708549073754,Kentucky,USA,2012,1,2,0,2.0
203118,Mike Scott,2012-13,24.0,40,375.72833333333335,183,110,12,4,2,21,70,147,0.476,0,1,0.0,43,56,0.768,4.575,2.75,0.3,0.1,0.05,0.525,9.393208333333334,17.533945182024247,10.539529890834245,1.1497668971819177,0.5330925192262876,Virginia,USA,2012,2,43,0,43.0
203101,Miles Plumlee,2012-13,24.0,14,55.03333333333333,13,22,2,0,3,3,5,21,0.238,0,0,0.0,3,4,0.75,0.9285714285714286,1.5714285714285714,0.14285714285714285,0.0,0.21428571428571427,0.21428571428571427,3.9309523809523808,8.503937007874015,14.391278013325259,1.3082980012113872,0.28558875219683655,Duke,USA,2012,1,26,0,26.0
203141,Mirza Teletovic,2012-13,27.0,53,499.425,188,95,23,13,8,20,71,185,0.384,37,108,0.343,9,11,0.818,3.547169811320755,1.7924528301886793,0.4339622641509434,0.24528301886792453,0.1509433962264151,0.37735849056603776,9.42311320754717,13.551584321970266,6.847875056314762,1.6579065925814687,0.49515381373788453,Baskonia,Bosnia and Herzegovina,Undrafted,Undrafted,Undrafted,0,61.0
201986,Nando De Colo,2012-13,26.0,72,920.2916666666666,276,138,138,41,6,81,105,241,0.436,31,82,0.378,35,44,0.795,3.8333333333333335,1.9166666666666667,1.9166666666666667,0.5694444444444444,0.08333333333333333,1.125,12.781828703703702,10.796577172092181,5.398288586046091,5.398288586046091,0.5300353356890459,Valencia,France,2009,2,53,0,53.0
203111,Orlando Johnson,2012-13,24.0,51,618.6566666666666,203,110,47,11,9,29,72,180,0.4,36,94,0.383,23,32,0.719,3.980392156862745,2.156862745098039,0.9215686274509803,0.21568627450980393,0.17647058823529413,0.5686274509803921,12.130522875816993,11.812690937892315,6.400965532848053,2.7349580003987137,0.5229802143446002,Cal-Santa Barbara,USA,2012,2,36,0,36.0
203143,Pablo Prigioni,2012-13,36.0,78,1263.0816666666667,275,143,236,69,2,86,100,220,0.455,53,134,0.396,22,25,0.88,3.5256410256410255,1.8333333333333333,3.0256410256410255,0.8846153846153846,0.02564102564102564,1.1025641025641026,16.1933547008547,7.837972999898396,4.075745959947167,6.726405919912805,0.5952380952380952,Baskonia,Argentina,Undrafted,Undrafted,Undrafted,0,61.0
201976,Patrick Beverley,2012-13,24.0,41,712.5916666666667,228,109,117,37,21,44,79,189,0.418,36,96,0.375,34,41,0.829,5.560975609756097,2.658536585365854,2.8536585365853657,0.9024390243902439,0.5121951219512195,1.0731707317073171,17.38028455284553,11.518518085392522,5.50665996187625,5.910818491188269,0.5506182380216383,Arkansas,USA,2009,2,42,0,42.0
203103,Perry Jones III,2012-13,21.0,38,279.8666666666667,88,62,10,5,6,15,39,99,0.394,0,2,0.0,10,15,0.667,2.3157894736842106,1.631578947368421,0.2631578947368421,0.13157894736842105,0.15789473684210525,0.39473684210526316,7.364912280701755,11.319676036207719,7.9752262982372555,1.2863268222963316,0.4166666666666667,Baylor,USA,2012,1,28,0,28.0
203112,Quincy Acy,2012-13,22.0,29,342.33666666666664,116,77,11,13,15,17,42,75,0.56,1,2,0.5,31,38,0.816,4.0,2.6551724137931036,0.3793103448275862,0.4482758620689655,0.5172413793103449,0.5862068965517241,11.80471264367816,12.198518028062043,8.097292139317046,1.1567560199024352,0.6323593545573485,Baylor,USA,2012,2,37,0,37.0
203113,Quincy Miller,2012-13,20.0,7,25.683333333333334,9,2,3,1,0,1,4,12,0.333,0,1,0.0,1,2,0.5,1.2857142857142858,0.2857142857142857,0.42857142857142855,0.14285714285714285,0.0,0.14285714285714285,3.669047619047619,12.615184944841012,2.8033744321868914,4.205061648280338,0.3493788819875776,Baylor,USA,2012,2,38,0,38.0
203135,Robert Sacre,2012-13,24.0,32,203.445,43,34,6,0,10,10,18,48,0.375,0,0,0.0,7,11,0.636,1.34375,1.0625,0.1875,0.0,0.3125,0.3125,6.35765625,7.608936076089361,6.01636806016368,1.06171201061712,0.406888720666162,Gonzaga,Canada,2012,2,60,0,60.0
203159,Scott Machado,2012-13,23.0,6,21.25,8,1,6,2,0,8,3,6,0.5,0,1,0.0,2,2,1.0,1.3333333333333333,0.16666666666666666,1.0,0.3333333333333333,0.0,1.3333333333333333,3.5416666666666665,13.552941176470588,1.6941176470588235,10.16470588235294,0.5813953488372093,Iona,USA,Undrafted,Undrafted,Undrafted,0,61.0
203093,Terrence Jones,2012-13,21.0,19,275.7,104,65,15,12,19,13,43,94,0.457,5,19,0.263,13,17,0.765,5.473684210526316,3.4210526315789473,0.7894736842105263,0.631578947368421,1.0,0.6842105263157895,14.510526315789473,13.579978237214364,8.487486398258977,1.9586507072905333,0.5124162396531337,Kentucky,USA,2012,1,18,0,18.0
203082,Terrence Ross,2012-13,22.0,73,1239.2683333333334,467,144,53,43,14,48,186,457,0.407,65,196,0.332,30,42,0.714,6.397260273972603,1.9726027397260273,0.726027397260274,0.589041095890411,0.1917808219178082,0.6575342465753424,16.976278538812785,13.566069226331127,4.183113423108527,1.5396181348941107,0.49108269538150917,Washington,USA,2012,1,8,0,8.0
203080,Thomas Robinson,2012-13,22.0,70,1055.715,333,315,46,41,26,88,138,321,0.43,0,1,0.0,57,109,0.523,4.757142857142857,4.5,0.6571428571428571,0.5857142857142857,0.37142857142857144,1.2571428571428571,15.081642857142857,11.355337377985537,10.741535357553886,1.5686051633253295,0.4512684301821336,Kansas,USA,2012,1,5,0,5.0
203317,Tim Ohlbrecht,2012-13,24.0,3,11.733333333333333,3,1,1,1,0,4,1,3,0.333,0,0,0.0,1,1,1.0,1.0,0.3333333333333333,0.3333333333333333,0.3333333333333333,0.0,1.3333333333333333,3.911111111111111,9.204545454545455,3.0681818181818183,3.0681818181818183,0.436046511627907,Germany,Germany,Undrafted,Undrafted,Undrafted,0,61.0
203100,Tony Wroten,2012-13,20.0,35,271.94666666666666,91,28,43,8,4,29,33,86,0.384,4,16,0.25,21,29,0.724,2.6,0.8,1.2285714285714286,0.22857142857142856,0.11428571428571428,0.8285714285714286,7.769904761904762,12.046479701902333,3.706609139046872,5.69229260639341,0.4607128392061563,Washington,USA,2012,1,25,0,25.0
203129,Tornike Shengelia,2012-13,21.0,19,92.69166666666666,30,23,3,3,1,11,10,23,0.435,1,2,0.5,9,16,0.563,1.5789473684210527,1.2105263157894737,0.15789473684210525,0.15789473684210525,0.05263157894736842,0.5789473684210527,4.878508771929824,11.651532859839971,8.932841859210646,1.165153285983997,0.4993342210386152,Spirou Charleroi,Georgia,2012,2,54,0,54.0
203092,Tyler Zeller,2012-13,23.0,77,2033.1783333333333,610,438,96,35,70,95,245,559,0.438,0,4,0.0,120,157,0.764,7.922077922077922,5.688311688311688,1.2467532467532467,0.45454545454545453,0.9090909090909091,1.2337662337662338,26.40491341991342,10.800823341451439,7.75534528451759,1.699801706195636,0.48560692905362374,North Carolina,USA,2012,1,17,0,17.0
203116,Tyshawn Taylor,2012-13,23.0,38,220.50333333333333,85,18,21,13,0,25,32,87,0.368,6,13,0.462,15,27,0.556,2.236842105263158,0.47368421052631576,0.5526315789473685,0.34210526315789475,0.0,0.6578947368421053,5.802719298245614,13.87734123444846,2.938731084942027,3.428519599099031,0.4298139158576052,Kansas,USA,2012,2,41,0,41.0
203139,Viacheslav Kravtsov,2012-13,25.0,25,223.71333333333334,77,45,9,5,9,14,33,46,0.717,0,0,0.0,11,37,0.297,3.08,1.8,0.36,0.2,0.36,0.56,8.948533333333334,12.390857347200287,7.241410137974193,1.4482820275948387,0.6181759794476558,Donetsk,Ukraine,Undrafted,Undrafted,Undrafted,0,61.0
201964,Victor Claver,2012-13,24.0,49,812.1216666666667,187,119,43,26,12,43,74,189,0.392,25,87,0.287,14,30,0.467,3.816326530612245,2.4285714285714284,0.8775510204081632,0.5306122448979592,0.24489795918367346,0.8775510204081632,16.57391156462585,8.289398345486001,5.275071674400182,1.906118336127797,0.4624134520276954,Valencia,Spain,2009,1,22,0,22.0
203115,Will Barton,2012-13,22.0,73,893.77,295,145,58,34,9,60,118,309,0.382,9,65,0.138,50,65,0.769,4.041095890410959,1.9863013698630136,0.7945205479452054,0.4657534246575342,0.1232876712328767,0.821917808219178,12.243424657534247,11.882251585978496,5.840428745650447,2.336171498260179,0.4369075829383886,Memphis,USA,2012,2,40,0,40.0
203519,Adonis Thomas,2013-14,21.0,6,37.583333333333336,14,3,3,0,0,1,6,14,0.429,1,5,0.2,1,1,1.0,2.3333333333333335,0.5,0.5,0.0,0.0,0.16666666666666666,6.263888888888889,13.41019955654102,2.8736141906873613,2.8736141906873613,0.4847645429362881,Memphis,USA,Undrafted,Undrafted,Undrafted,0,61.0
203458,Alex Len,2013-14,21.0,42,362.28333333333336,86,99,4,4,18,26,33,78,0.423,0,0,0.0,20,31,0.645,2.0476190476190474,2.357142857142857,0.09523809523809523,0.09523809523809523,0.42857142857142855,0.6190476190476191,8.625793650793652,8.545797488153838,9.83760408520035,0.39747895293738783,0.46922741161065035,Maryland,Ukraine,2013,1,5,0,5.0
203459,Allen Crabbe,2013-14,22.0,15,99.77833333333334,33,9,6,2,1,3,12,33,0.364,6,14,0.429,3,4,0.75,2.2,0.6,0.4,0.13333333333333333,0.06666666666666667,0.2,6.651888888888889,11.906392503382497,3.247197955467954,2.164798636978636,0.4746835443037975,California,USA,2013,2,31,0,31.0
203460,Andre Roberson,2013-14,22.0,40,399.04333333333335,75,94,15,19,10,19,33,68,0.485,2,13,0.154,7,10,0.7,1.875,2.35,0.375,0.475,0.25,0.475,9.976083333333333,6.766182453033505,8.480282007801993,1.353236490606701,0.5179558011049723,Colorado,USA,2013,1,26,0,26.0
203461,Anthony Bennett,2013-14,21.0,52,662.6383333333333,217,155,17,21,8,47,80,225,0.356,13,53,0.245,44,69,0.638,4.173076923076923,2.980769230769231,0.3269230769230769,0.40384615384615385,0.15384615384615385,0.9038461538461539,12.743044871794872,11.789236461317511,8.420883186655365,0.923580736600911,0.42489035087719296,UNLV,Canada,2013,1,1,0,1.0
203462,Archie Goodwin,2013-14,19.0,52,532.88,194,87,20,20,11,44,76,167,0.455,5,36,0.139,37,55,0.673,3.730769230769231,1.6730769230769231,0.38461538461538464,0.38461538461538464,0.21153846153846154,0.8461538461538461,10.247692307692308,13.106140219186308,5.877495871490767,1.351148476204774,0.5073221757322176,Kentucky,USA,2013,1,29,0,29.0
202620,Arinze Onuaku,2013-14,26.0,5,30.15,3,8,3,0,0,1,1,5,0.2,0,0,0.0,1,2,0.5,0.6,1.6,0.6,0.0,0.0,0.2,6.029999999999999,3.582089552238806,9.55223880597015,3.582089552238806,0.25510204081632654,Syracuse,USA,Undrafted,Undrafted,Undrafted,0,61.0
203463,Ben McLemore,2013-14,21.0,82,2186.9066666666668,720,235,82,45,18,96,255,679,0.376,95,297,0.32,115,143,0.804,8.78048780487805,2.8658536585365852,1.0,0.5487804878048781,0.21951219512195122,1.170731707317073,26.66959349593496,11.852357668060822,3.8684778499920736,1.3498518455291493,0.48522751779167567,Kansas,USA,2013,1,7,0,7.0
203561,Brandon Davies,2013-14,22.0,51,575.0283333333333,144,109,28,24,8,35,54,128,0.422,2,10,0.2,34,53,0.642,2.823529411764706,2.1372549019607843,0.5490196078431373,0.47058823529411764,0.1568627450980392,0.6862745098039216,11.275065359477123,9.015207946275112,6.8240115704443545,1.752957100664605,0.4758128469468676,Brigham Young,USA,Undrafted,Undrafted,Undrafted,0,61.0
203468,CJ McCollum,2013-14,22.0,38,475.74,201,48,27,14,2,35,74,178,0.416,30,80,0.375,23,34,0.676,5.2894736842105265,1.263157894736842,0.7105263157894737,0.3684210526315789,0.05263157894736842,0.9210526315789473,12.519473684210526,15.209988649262202,3.6322360953461974,2.0431328036322363,0.5208333333333333,Lehigh,USA,2013,1,10,0,10.0
203467,Carrick Felix,2013-14,23.0,7,38.1,19,6,4,0,0,4,7,14,0.5,2,5,0.4,3,4,0.75,2.7142857142857144,0.8571428571428571,0.5714285714285714,0.0,0.0,0.5714285714285714,5.442857142857143,17.95275590551181,5.669291338582677,3.779527559055118,0.6027918781725888,Arizona State,USA,2013,2,33,0,33.0
203569,Chris Babb,2013-14,24.0,14,132.33,22,17,3,6,0,3,8,30,0.267,6,27,0.222,0,0,0.0,1.5714285714285714,1.2142857142857142,0.21428571428571427,0.42857142857142855,0.0,0.21428571428571427,9.452142857142858,5.98503740648379,4.624801632282929,0.8161414645205168,0.36666666666666664,Iowa State,USA,Undrafted,Undrafted,Undrafted,0,61.0
203147,Chris Smith,2013-14,26.0,2,1.9566666666666668,0,0,0,0,0,0,0,0,0.0,0,0,0.0,0,0,0.0,0.0,0.0,0.0,0.0,0.0,0.0,0.9783333333333334,0.0,0.0,0.0,,Louisville,USA,Undrafted,Undrafted,Undrafted,0,61.0
203469,Cody Zeller,2013-14,21.0,82,1416.6816666666666,490,353,92,40,41,87,172,404,0.426,0,1,0.0,146,200,0.73,5.975609756097561,4.304878048780488,1.1219512195121952,0.4878048780487805,0.5,1.0609756097560976,17.27660569105691,12.451632865063782,8.970257961974522,2.3378575991548325,0.49796747967479676,Indiana,USA,2013,1,4,0,4.0
203474,DJ Stephens,2013-14,23.0,3,14.631666666666666,7,5,0,0,0,0,3,7,0.429,0,0,0.0,1,1,1.0,2.3333333333333335,1.6666666666666667,0.0,0.0,0.0,0.0,4.877222222222222,17.222918327827774,12.302084519876981,0.0,0.4704301075268817,Memphis,USA,Undrafted,Undrafted,Undrafted,0,61.0
203471,Dennis Schröder,2013-14,20.0,49,641.4083333333333,183,60,93,17,0,61,72,188,0.383,10,42,0.238,29,43,0.674,3.7346938775510203,1.2244897959183674,1.8979591836734695,0.3469387755102041,0.0,1.2448979591836735,13.089965986394557,10.271148124569633,3.3675895490392236,5.219763801010798,0.44219988401314514,Braunschweig,Germany,2013,1,17,0,17.0
203473,Dewayne Dedmon,2013-14,24.0,31,390.42333333333335,97,127,5,7,22,18,38,83,0.458,0,0,0.0,21,32,0.656,3.129032258064516,4.096774193548387,0.16129032258064516,0.22580645161290322,0.7096774193548387,0.5806451612903226,12.594301075268818,8.944137560084352,11.710365671450647,0.4610380185610491,0.4995879686856201,USC,USA,Undrafted,Undrafted,Undrafted,0,61.0
202091,Dionte Christmas,2013-14,27.0,31,197.87333333333333,71,38,8,2,3,6,22,62,0.355,9,31,0.29,18,24,0.75,2.2903225806451615,1.2258064516129032,0.25806451612903225,0.06451612903225806,0.0967741935483871,0.1935483870967742,6.383010752688172,12.917354536572217,6.913513695630201,1.455476567501095,0.48925027563395806,Temple,USA,Undrafted,Undrafted,Undrafted,0,61.0
202779,Dwight Buycks,2013-14,25.0,14,146.03166666666667,43,23,10,8,0,10,15,48,0.313,5,17,0.294,8,9,0.889,3.0714285714285716,1.6428571428571428,0.7142857142857143,0.5714285714285714,0.0,0.7142857142857143,10.430833333333334,10.600440543717687,5.670003081523413,2.4652187310971363,0.413779830638953,Marquette,USA,Undrafted,Undrafted,Undrafted,0,61.0
203548,Elias Harris,2013-14,24.0,2,11.383333333333333,0,1,1,1,0,0,0,1,0.0,0,0,0.0,0,0,0.0,0.0,0.5,0.5,0.5,0.0,0.0,5.691666666666666,0.0,3.162518301610542,3.162518301610542,0.0,Gonzaga,Germany,Undrafted,Undrafted,Undrafted,0,61.0
203513,Erik Murphy,2013-14,23.0,24,62.151666666666664,6,8,2,0,4,2,3,13,0.231,0,3,0.0,0,0,0.0,0.25,0.3333333333333333,0.08333333333333333,0.0,0.16666666666666666,0.08333333333333333,2.589652777777778,3.475369392078518,4.633825856104691,1.1584564640261727,0.23076923076923078,Florida,Finland,2013,2,49,0,49.0
203539,Gal Mekel,2013-14,26.0,31,291.69166666666666,73,27,63,4,1,31,30,86,0.349,5,20,0.25,8,12,0.667,2.3548387096774195,0.8709677419354839,2.032258064516129,0.12903225806451613,0.03225806451612903,1.0,9.409408602150538,9.009513470273976,3.3322858040739365,7.775333542839186,0.39986853637160386,Wichita State,Israel,Undrafted,Undrafted,Undrafted,0,61.0
203507,Giannis Antetokounmpo,2013-14,19.0,77,1896.8083333333334,525,339,150,60,61,122,173,418,0.414,41,118,0.347,138,202,0.683,6.818181818181818,4.402597402597403,1.948051948051948,0.7792207792207793,0.7922077922077922,1.5844155844155845,24.63387445887446,9.964106371668196,6.433965828562892,2.846887534762342,0.517874053030303,Filathlitikos,Greece,2013,1,15,1,15.0
203540,Gigi Datome,2013-14,26.0,34,237.54666666666665,83,46,11,6,1,11,34,97,0.351,7,39,0.179,8,10,0.8,2.4411764705882355,1.3529411764705883,0.3235294117647059,0.17647058823529413,0.029411764705882353,0.3235294117647059,6.986666666666666,12.578581050740906,6.971261787157611,1.6670408621463855,0.40927021696252464,Virtus Roma,Italy,Undrafted,Undrafted,Undrafted,0,61.0
203318,Glen Rice,2013-14,23.0,11,108.63,32,20,7,6,1,9,11,37,0.297,5,17,0.294,5,7,0.714,2.909090909090909,1.8181818181818181,0.6363636363636364,0.5454545454545454,0.09090909090909091,0.8181818181818182,9.875454545454545,10.604805302402651,6.628003314001657,2.3198011599005803,0.3992015968063872,Georgia Tech,USA,2013,2,35,0,35.0
203476,Gorgui Dieng,2013-14,24.0,60,817.8233333333334,286,300,39,30,50,54,113,227,0.498,1,1,1.0,59,93,0.634,4.766666666666667,5.0,0.65,0.5,0.8333333333333334,0.9,13.63038888888889,12.589516073153533,13.205786090720489,1.7167521917936637,0.533741415347865,Louisville,Senegal,2013,1,21,0,21.0
203138,Hollis Thompson,2013-14,23.0,77,1741.695,461,247,73,53,12,60,171,372,0.46,67,167,0.401,52,73,0.712,5.987012987012987,3.207792207792208,0.948051948051948,0.6883116883116883,0.15584415584415584,0.7792207792207793,22.619415584415584,9.528648816239352,5.105371491564252,1.5088749752396373,0.5703751360981887,Georgetown,USA,Undrafted,Undrafted,Undrafted,0,61.0
203546,Ian Clark,2013-14,23.0,23,171.59666666666666,68,19,15,8,2,14,26,67,0.388,11,31,0.355,5,7,0.714,2.9565217391304346,0.8260869565217391,0.6521739130434783,0.34782608695652173,0.08695652173913043,0.6086956521739131,7.460724637681159,14.266011383282503,3.98609141591717,3.146914275724082,0.4851598173515982,Belmont,USA,Undrafted,Undrafted,Undrafted,0,61.0
203477,Isaiah Canaan,2013-14,23.0,22,252.245,101,24,22,8,4,21,31,87,0.356,18,55,0.327,21,29,0.724,4.590909090909091,1.0909090909090908,1.0,0.36363636363636365,0.18181818181818182,0.9545454545454546,11.46568181818182,14.414557275664533,3.4252413328311757,3.1398045550952443,0.506214915797915,Murray State,USA,2013,2,34,0,34.0
203479,Jamaal Franklin,2013-14,22.0,21,161.52333333333334,39,23,6,4,2,11,16,39,0.41,5,11,0.455,2,2,1.0,1.8571428571428572,1.0952380952380953,0.2857142857142857,0.19047619047619047,0.09523809523809523,0.5238095238095238,7.691587301587302,8.692242606847307,5.12619435788431,1.3372680933611243,0.4889669007021063,San Diego State,USA,2013,2,41,0,41.0
203263,James Nunnally,2013-14,23.0,13,165.45166666666665,44,19,8,6,2,7,15,46,0.326,8,25,0.32,6,9,0.667,3.3846153846153846,1.4615384615384615,0.6153846153846154,0.46153846153846156,0.15384615384615385,0.5384615384615384,12.727051282051281,9.573792950609946,4.134137865036114,1.7406896273836268,0.4403522818254604,Cal-Santa Barbara,USA,Undrafted,Undrafted,Undrafted,0,61.0
203480,James Southerland,2013-14,24.0,4,29.933333333333334,14,8,0,1,2,1,5,15,0.333,3,6,0.5,1,2,0.5,3.5,2.0,0.0,0.25,0.5,0.25,7.483333333333333,16.83741648106904,9.621380846325167,0.0,0.44080604534005036,Syracuse,USA,Undrafted,Undrafted,Undrafted,0,61.0
203481,Jeff Withey,2013-14,24.0,58,684.4133333333333,190,150,26,15,50,20,69,129,0.535,0,1,0.0,52,73,0.712,3.2758620689655173,2.586206896551724,0.4482758620689655,0.25862068965517243,0.8620689655172413,0.3448275862068966,11.80022988505747,9.993960764450332,7.889969024566053,1.3675946309247824,0.589622641509434,Kansas,USA,2013,2,39,0,39.0
203268,Jorge Gutierrez,2013-14,25.0,15,244.03666666666666,62,22,30,10,1,14,25,54,0.463,3,12,0.25,9,12,0.75,4.133333333333334,1.4666666666666666,2.0,0.6666666666666666,0.06666666666666667,0.9333333333333333,16.269111111111112,9.146166559669995,3.2454139405280626,4.42556446435645,0.5229419703103914,California,Mexico,Undrafted,Undrafted,Undrafted,0,61.0
203120,Justin Hamilton,2013-14,24.0,8,72.14666666666666,26,7,0,5,0,4,9,20,0.45,3,9,0.333,5,5,1.0,3.25,0.875,0.0,0.625,0.0,0.5,9.018333333333333,12.973572352615045,3.4928848641655885,0.0,0.5855855855855856,Louisiana State,USA,2012,2,45,0,45.0
203482,Kelly Olynyk,2013-14,23.0,70,1399.955,607,365,109,35,27,106,234,502,0.466,40,114,0.351,99,122,0.811,8.67142857142857,5.214285714285714,1.5571428571428572,0.5,0.38571428571428573,1.5142857142857142,19.999357142857143,15.609073148779784,9.386015979085041,2.80294723758978,0.5461776562050101,Gonzaga,Canada,2013,1,13,0,13.0
203484,Kentavious Caldwell-Pope,2013-14,21.0,80,1582.5133333333333,470,156,55,75,12,28,182,460,0.396,59,185,0.319,47,61,0.77,5.875,1.95,0.6875,0.9375,0.15,0.35,19.781416666666665,10.691853043892205,3.5487852656323065,1.2511742923703644,0.4827047900747679,Georgia,USA,2013,1,8,0,8.0
203485,Lorenzo Brown,2013-14,23.0,26,223.75,64,28,41,13,3,16,26,86,0.302,3,30,0.1,9,13,0.692,2.4615384615384617,1.0769230769230769,1.5769230769230769,0.5,0.11538461538461539,0.6153846153846154,8.60576923076923,10.297206703910614,4.505027932960894,6.596648044692738,0.3488879197557785,North Carolina State,USA,2013,2,52,0,52.0
203486,Mason Plumlee,2013-14,24.0,70,1274.7616666666668,520,308,60,49,55,77,199,302,0.659,0,3,0.0,122,195,0.626,7.428571428571429,4.4,0.8571428571428571,0.7,0.7857142857142857,1.1,18.210880952380954,14.68509799871087,8.698096506928746,1.6944343844666387,0.6704486848891181,Duke,USA,2013,1,22,0,22.0
203521,Matthew Dellavedova,2013-14,23.0,72,1271.07,339,123,187,33,5,60,122,296,0.412,57,155,0.368,38,48,0.792,4.708333333333333,1.7083333333333333,2.5972222222222223,0.4583333333333333,0.06944444444444445,0.8333333333333334,17.65375,9.601359484528784,3.4836791050060185,5.296325143383134,0.5344979818365287,Saint Mary's,Australia,Undrafted,Undrafted,Undrafted,0,61.0
203487,Michael Carter-Williams,2013-14,22.0,70,2413.9133333333334,1167,437,441,130,43,247,427,1054,0.405,55,208,0.264,258,367,0.703,16.67142857142857,6.242857142857143,6.3,1.8571428571428572,0.6142857142857143,3.5285714285714285,34.484476190476194,17.40410453841204,6.51721823760588,6.576872409117145,0.48005726132885773,Syracuse,USA,2013,1,11,0,11.0
203488,Mike Muscala,2013-14,22.0,20,214.97,76,52,7,3,10,12,31,73,0.425,0,3,0.0,14,14,1.0,3.8,2.6,0.35,0.15,0.5,0.6,10.7485,12.727357305670559,8.708191840721963,1.172256593943341,0.4800404244567964,Bucknell,USA,2013,2,44,0,44.0
203545,Miroslav Raduljica,2013-14,26.0,48,464.5466666666667,181,108,23,7,13,28,68,126,0.54,0,0,0.0,45,55,0.818,3.7708333333333335,2.25,0.4791666666666667,0.14583333333333334,0.2708333333333333,0.5833333333333334,9.678055555555556,14.026577882379955,8.369449786171463,1.7823828248328117,0.6025299600532623,Efes Pilsen,Serbia,Undrafted,Undrafted,Undrafted,0,61.0
203489,Nate Wolters,2013-14,23.0,58,1309.3583333333333,417,149,187,35,15,57,170,389,0.437,18,62,0.29,59,90,0.656,7.189655172413793,2.5689655172413794,3.2241379310344827,0.603448275862069,0.25862068965517243,0.9827586206896551,22.57514367816092,11.46515786994902,4.096663123794734,5.141449692279297,0.4864675688287447,South Dakota State,USA,2013,2,38,0,38.0
203517,Nemanja Nedovic,2013-14,23.0,24,142.35666666666665,26,15,13,0,1,13,8,39,0.205,3,18,0.167,7,8,0.875,1.0833333333333333,0.625,0.5416666666666666,0.0,0.041666666666666664,0.5416666666666666,5.931527777777777,6.5750345376636155,3.7932891563443936,3.2875172688318077,0.3057384760112888,Lietuvos rytas Vilnius,Serbia,2013,1,30,0,30.0
201979,Nick Calathes,2013-14,25.0,71,1172.575,347,137,207,66,8,101,142,311,0.457,19,61,0.311,44,72,0.611,4.887323943661972,1.9295774647887325,2.915492957746479,0.9295774647887324,0.11267605633802817,1.4225352112676057,16.515140845070423,10.65347632347611,4.206127539816216,6.35524380103618,0.5063032566826193,Florida,USA,2009,2,45,0,45.0
203136,Ognjen Kuzmic,2013-14,24.0,21,92.46666666666667,15,21,2,3,4,10,5,13,0.385,0,0,0.0,5,11,0.455,0.7142857142857143,1.0,0.09523809523809523,0.14285714285714285,0.19047619047619047,0.47619047619047616,4.4031746031746035,5.839942321557317,8.175919250180245,0.7786589762076424,0.4204035874439462,Malaga,Serbia,2012,2,52,0,52.0
203490,Otto Porter Jr.,2013-14,21.0,37,318.9533333333333,78,57,10,8,1,14,33,91,0.363,4,21,0.19,8,12,0.667,2.108108108108108,1.5405405405405406,0.2702702702702703,0.21621621621621623,0.02702702702702703,0.3783783783783784,8.62036036036036,8.80379574859436,6.433543047049726,1.1286917626403026,0.40506855006231823,Georgetown,USA,2013,1,3,0,3.0
203544,Pero Antic,2013-14,31.0,50,924.8083333333333,352,209,58,19,12,55,123,294,0.418,56,171,0.327,50,66,0.758,7.04,4.18,1.16,0.38,0.24,1.1,18.496166666666667,13.702298674500122,8.135739837984447,2.257765122502861,0.5448241703813769,Olympiacos,Macedonia,Undrafted,Undrafted,Undrafted,0,61.0
203491,Peyton Siva,2013-14,23.0,24,224.34,54,14,34,9,1,18,18,57,0.316,7,25,0.28,11,15,0.733,2.25,0.5833333333333334,1.4166666666666667,0.375,0.041666666666666664,0.75,9.3475,8.665418561112597,2.246589997325488,5.456004279219042,0.42452830188679247,Louisville,USA,2013,2,56,0,56.0
203515,Phil Pressey,2013-14,23.0,75,1131.6466666666668,213,105,241,68,5,87,78,253,0.308,28,106,0.264,29,45,0.644,2.84,1.4,3.2133333333333334,0.9066666666666666,0.06666666666666667,1.16,15.088622222222224,6.775966585565576,3.3402652182365515,7.666703977095324,0.3903958944281525,Missouri,USA,Undrafted,Undrafted,Undrafted,0,61.0
203492,Ray McCallum,2013-14,23.0,45,896.705,280,79,120,22,9,39,113,300,0.377,22,59,0.373,32,43,0.744,6.222222222222222,1.7555555555555555,2.6666666666666665,0.4888888888888889,0.2,0.8666666666666667,19.92677777777778,11.241155117903881,3.171611622551452,4.817637907673092,0.43898156277436345,Detroit,USA,2013,2,36,0,36.0
203493,Reggie Bullock Jr.,2013-14,23.0,43,395.5733333333333,115,54,12,9,1,13,43,121,0.355,22,73,0.301,7,9,0.778,2.6744186046511627,1.255813953488372,0.27906976744186046,0.20930232558139536,0.023255813953488372,0.3023255813953488,9.199379844961241,10.465821760819738,4.914385870297965,1.0920857489551032,0.4601472471190781,North Carolina,USA,2013,1,25,0,25.0
203495,Ricky Ledo,2013-14,21.0,11,33.18,19,2,2,1,0,2,6,17,0.353,3,8,0.375,4,4,1.0,1.7272727272727273,0.18181818181818182,0.18181818181818182,0.09090909090909091,0.0,0.18181818181818182,3.016363636363636,20.61482820976492,2.1699819168173597,2.1699819168173597,0.5063965884861407,Providence,USA,2013,2,43,0,43.0
203133,Robbie Hummel,2013-14,25.0,53,655.1533333333333,181,132,23,16,2,10,67,177,0.379,32,89,0.36,15,16,0.938,3.4150943396226414,2.490566037735849,0.4339622641509434,0.3018867924528302,0.03773584905660377,0.18867924528301888,12.36138364779874,9.945763332756709,7.253263866982794,1.2638262798530624,0.491740925885677,Purdue,USA,2012,2,58,0,58.0
203496,Robert Covington,2013-14,23.0,7,33.83,16,5,0,2,0,1,6,14,0.429,4,11,0.364,0,0,0.0,2.2857142857142856,0.7142857142857143,0.0,0.2857142857142857,0.0,0.14285714285714285,4.832857142857143,17.026308010641444,5.320721253325451,0.0,0.5714285714285714,Tennessee State,USA,Undrafted,Undrafted,Undrafted,0,61.0
203497,Rudy Gobert,2013-14,22.0,45,433.69166666666666,104,155,7,8,41,32,36,74,0.486,0,0,0.0,32,65,0.492,2.311111111111111,3.4444444444444446,0.15555555555555556,0.17777777777777778,0.9111111111111111,0.7111111111111111,9.637592592592593,8.632861287781257,12.866283650058607,0.5810579712929693,0.5068226120857701,Cholet,France,2013,1,27,1,27.0
203527,Ryan Kelly,2013-14,23.0,59,1311.8666666666666,472,219,95,32,45,47,157,371,0.423,48,142,0.338,110,135,0.815,8.0,3.711864406779661,1.6101694915254237,0.5423728813559322,0.7627118644067796,0.7966101694915254,22.235028248587568,12.952535826811669,6.009757089135076,2.6069722532777724,0.5483271375464684,Duke,USA,2013,2,48,0,48.0
203816,Scotty Hopson,2013-14,24.0,2,6.766666666666667,1,0,1,1,0,0,0,4,0.0,0,2,0.0,1,2,0.5,0.5,0.0,0.5,0.5,0.0,0.0,3.3833333333333333,5.320197044334976,0.0,5.320197044334976,0.10245901639344263,Tennessee,USA,2011,0,0,0,61.0
203508,Sergey Karasev,2013-14,20.0,22,155.82333333333332,37,16,6,3,1,11,12,35,0.343,4,19,0.211,9,10,0.9,1.6818181818181819,0.7272727272727273,0.2727272727272727,0.13636363636363635,0.045454545454545456,0.5,7.082878787878787,8.548142126767493,3.6964938926562136,1.3861852097460798,0.46954314720812185,Zenit Saint Petersburg,Russia,2013,1,19,0,19.0
203552,Seth Curry,2013-14,23.0,2,12.916666666666666,3,1,0,2,0,0,1,3,0.333,1,1,1.0,0,0,0.0,1.5,0.5,0.0,1.0,0.0,0.0,6.458333333333333,8.361290322580645,2.7870967741935484,0.0,0.5,Duke,USA,Undrafted,Undrafted,Undrafted,0,61.0
203498,Shabazz Muhammad,2013-14,21.0,37,289.9483333333333,143,53,6,8,1,16,57,124,0.46,3,11,0.273,26,40,0.65,3.864864864864865,1.4324324324324325,0.16216216216216217,0.21621621621621623,0.02702702702702703,0.43243243243243246,7.836441441441441,17.754887364990314,6.580482729681725,0.7449603090205726,0.5049435028248588,UCLA,USA,2013,1,14,0,14.0
202197,Shane Edwards,2013-14,27.0,2,11.766666666666667,2,2,0,0,0,1,1,3,0.333,0,0,0.0,0,0,0.0,1.0,1.0,0.0,0.0,0.0,0.5,5.883333333333334,6.11898016997167,6.11898016997167,0.0,0.3333333333333333,Arkansas-Little Rock,USA,Undrafted,Undrafted,Undrafted,0,61.0
203499,Shane Larkin,2013-14,21.0,48,489.43833333333333,132,42,71,26,1,39,52,137,0.38,12,38,0.316,16,25,0.64,2.75,0.875,1.4791666666666667,0.5416666666666666,0.020833333333333332,0.8125,10.196631944444444,9.709088308707601,3.089255370952418,5.222312650895755,0.44594594594594594,Miami,USA,2013,1,18,0,18.0
203524,Solomon Hill,2013-14,23.0,28,225.59,47,41,12,5,2,13,17,40,0.425,7,23,0.304,6,7,0.857,1.6785714285714286,1.4642857142857142,0.42857142857142855,0.17857142857142858,0.07142857142857142,0.4642857142857143,8.056785714285715,7.500332461545281,6.542843211135246,1.9149785008200717,0.5454967502321263,Arizona,USA,2013,1,23,0,23.0
203500,Steven Adams,2013-14,20.0,81,1197.3233333333333,265,332,43,40,57,71,93,185,0.503,0,0,0.0,79,136,0.581,3.271604938271605,4.098765432098766,0.5308641975308642,0.49382716049382713,0.7037037037037037,0.8765432098765432,14.781769547325101,7.967772559347656,9.982265998880838,1.2928838492526387,0.541169743505963,Pittsburgh,New Zealand,2013,1,12,0,12.0
203501,Tim Hardaway Jr.,2013-14,22.0,81,1875.4783333333332,824,121,66,44,7,47,294,687,0.428,130,358,0.363,106,128,0.828,10.17283950617284,1.4938271604938271,0.8148148148148148,0.5432098765432098,0.08641975308641975,0.5802469135802469,23.154053497942385,15.816764967514954,2.322607477025861,1.2668768056504696,0.5542700317494483,Michigan,USA,2013,1,24,0,24.0
203502,Tony Mitchell,2013-14,22.0,21,79.12833333333333,22,26,2,6,3,4,5,12,0.417,1,1,1.0,11,19,0.579,1.0476190476190477,1.2380952380952381,0.09523809523809523,0.2857142857142857,0.14285714285714285,0.19047619047619047,3.768015873015873,10.009057017081956,11.828885565642313,0.9099142742801778,0.5402750491159136,North Texas,USA,2013,2,37,0,37.0
203183,Tony Mitchell,2013-14,24.0,3,9.75,6,1,1,1,0,0,3,5,0.6,0,1,0.0,0,0,0.0,2.0,0.3333333333333333,0.3333333333333333,0.3333333333333333,0.0,0.0,3.25,22.153846153846153,3.692307692307692,3.692307692307692,0.6,Alabama,USA,Undrafted,Undrafted,Undrafted,0,61.0
203503,Tony Snell,2013-14,22.0,77,1230.7066666666667,346,124,68,29,15,44,129,336,0.384,57,178,0.32,31,41,0.756,4.4935064935064934,1.6103896103896105,0.8831168831168831,0.37662337662337664,0.19480519480519481,0.5714285714285714,15.983203463203465,10.121014484902982,3.627184381872745,1.9891011126398923,0.4886453508078183,New Mexico,USA,2013,1,20,0,20.0
203315,Toure' Murry,2013-14,24.0,51,372.44166666666666,140,44,49,19,1,34,56,129,0.434,5,12,0.417,23,39,0.59,2.7450980392156863,0.8627450980392157,0.9607843137254902,0.37254901960784315,0.0196078431372549,0.6666666666666666,7.302777777777778,13.532320497617077,4.253015013536795,4.736312174165977,0.4789272030651341,Wichita State,USA,Undrafted,Undrafted,Undrafted,0,61.0
203504,Trey Burke,2013-14,21.0,70,2262.43,895,208,396,42,6,131,341,897,0.38,111,336,0.33,102,113,0.903,12.785714285714286,2.9714285714285715,5.6571428571428575,0.6,0.08571428571428572,1.8714285714285714,32.32042857142857,14.241324593468086,3.309715659711019,6.301189429065209,0.4726846374852121,Michigan,USA,2013,1,9,0,9.0
203584,Troy Daniels,2013-14,22.0,5,74.8,42,4,5,0,0,3,15,31,0.484,12,25,0.48,0,0,0.0,8.4,0.8,1.0,0.0,0.0,0.6,14.959999999999999,20.21390374331551,1.9251336898395721,2.4064171122994655,0.6774193548387096,Va Commonwealth,USA,Undrafted,Undrafted,Undrafted,0,61.0
203505,Vander Blue,2013-14,21.0,3,14.666666666666666,5,3,1,0,0,2,2,4,0.5,0,1,0.0,1,5,0.2,1.6666666666666667,1.0,0.3333333333333333,0.0,0.0,0.6666666666666666,4.888888888888888,12.272727272727273,7.363636363636364,2.454545454545455,0.4032258064516129,Marquette,USA,Undrafted,Undrafted,Undrafted,0,61.0
203506,Victor Oladipo,2013-14,22.0,80,2486.4933333333333,1106,329,327,129,37,256,392,936,0.419,74,226,0.327,248,318,0.78,13.825,4.1125,4.0875,1.6125,0.4625,3.2,31.081166666666668,16.012912428212154,4.7633347096580465,4.734378267654046,0.5139787344783998,Indiana,USA,2013,1,2,1,2.0
203543,Vitor Faverani,2013-14,26.0,37,487.615,164,128,16,14,27,41,64,147,0.435,12,40,0.3,24,37,0.649,4.4324324324324325,3.4594594594594597,0.43243243243243246,0.3783783783783784,0.7297297297297297,1.1081081081081081,13.178783783783784,12.10791300513725,9.45007844303395,1.1812598053792438,0.5022048015678588,Valencia,Brazil,Undrafted,Undrafted,Undrafted,0,61.0
203932,Aaron Gordon,2014-15,19.0,47,796.925,243,169,33,21,22,38,93,208,0.447,13,48,0.271,44,61,0.721,5.170212765957447,3.595744680851064,0.7021276595744681,0.44680851063829785,0.46808510638297873,0.8085106382978723,16.955851063829787,10.977193587853312,7.634344511716912,1.490729993412178,0.5173735309146653,Arizona,USA,2014,1,4,0,4.0
203940,Adreian Payne,2014-15,24.0,32,739.6383333333333,213,162,30,19,9,44,91,220,0.414,1,9,0.111,30,46,0.652,6.65625,5.0625,0.9375,0.59375,0.28125,1.375,23.113697916666666,10.367229028601816,7.88493475414786,1.4601731026199742,0.4433066933066933,Michigan State,USA,2014,1,15,0,15.0
203945,Alex Kirk,2014-15,23.0,5,13.985,4,1,1,0,0,0,1,4,0.25,0,0,0.0,2,2,1.0,0.8,0.2,0.2,0.0,0.0,0.0,2.7969999999999997,10.296746514122274,2.5741866285305686,2.5741866285305686,0.4098360655737705,New Mexico,USA,Undrafted,Undrafted,Undrafted,0,61.0
203958,Andre Dawkins,2014-15,23.0,4,21.678333333333335,3,2,1,0,0,1,1,6,0.167,1,6,0.167,0,0,0.0,0.75,0.5,0.25,0.0,0.0,0.25,5.419583333333334,4.98193280541247,3.3212885369416463,1.6606442684708231,0.25,Duke,USA,Undrafted,Undrafted,Undrafted,0,61.0
203952,Andrew Wiggins,2014-15,20.0,82,2968.7966666666666,1387,374,170,86,50,177,497,1137,0.437,39,126,0.31,354,466,0.76,16.914634146341463,4.560975609756097,2.073170731707317,1.048780487804878,0.6097560975609756,2.158536585365854,36.20483739837398,16.818935618134844,4.535170815560514,2.061441279800233,0.5167506184614468,Kansas,Canada,2014,1,1,0,1.0
202711,Bojan Bogdanovic,2014-15,26.0,78,1853.8583333333333,700,213,68,34,9,78,261,576,0.453,91,256,0.355,87,106,0.821,8.974358974358974,2.730769230769231,0.8717948717948718,0.4358974358974359,0.11538461538461539,1.0,23.76741452991453,13.59327169012375,4.136238385709084,1.3204892498977359,0.5621225748426056,Fenerbahce,Croatia,2011,2,31,0,31.0
203998,Bruno Caboclo,2014-15,19.0,8,23.416666666666668,10,2,0,0,1,4,4,12,0.333,2,3,0.667,0,0,0.0,1.25,0.25,0.0,0.0,0.125,0.5,2.9270833333333335,15.373665480427045,3.074733096085409,0.0,0.4166666666666667,Pinheiros,Brazil,2014,1,20,0,20.0
203955,Bryce Cotton,2014-15,22.0,15,159.38666666666666,80,18,15,4,0,12,29,69,0.42,7,20,0.35,15,18,0.833,5.333333333333333,1.2,1.0,0.26666666666666666,0.0,0.8,10.625777777777778,18.069265517818305,4.065584741509118,3.387987284590932,0.5200208008320333,Providence,USA,Undrafted,Undrafted,Undrafted,0,61.0
203912,C.J. Wilcox,2014-15,24.0,21,100.56666666666666,41,7,8,3,1,10,16,38,0.421,7,19,0.368,2,2,1.0,1.9523809523809523,0.3333333333333333,0.38095238095238093,0.14285714285714285,0.047619047619047616,0.47619047619047616,4.788888888888889,14.676831289360292,2.5058004640371228,2.8637719588995694,0.5272633744855967,Washington,USA,2014,1,28,0,28.0
203946,Cameron Bairstow,2014-15,24.0,18,63.531666666666666,10,8,1,2,1,3,3,14,0.214,0,0,0.0,4,5,0.8,0.5555555555555556,0.4444444444444444,0.05555555555555555,0.1111111111111111,0.05555555555555555,0.16666666666666666,3.529537037037037,5.666465542118104,4.533172433694483,0.5666465542118104,0.308641975308642,New Mexico,Australia,2014,2,49,0,49.0
203921,Cleanthony Early,2014-15,24.0,39,647.045,210,97,36,24,12,40,76,214,0.355,22,84,0.262,36,48,0.75,5.384615384615385,2.4871794871794872,0.9230769230769231,0.6153846153846154,0.3076923076923077,1.0256410256410255,16.590897435897435,11.683885973927625,5.3968425689094275,2.0029518812447358,0.4465804695474651,Wichita State,USA,2014,2,34,0,34.0
203991,Clint Capela,2014-15,21.0,12,89.63833333333334,32,36,2,1,9,5,14,29,0.483,0,0,0.0,4,23,0.174,2.6666666666666665,3.0,0.16666666666666666,0.08333333333333333,0.75,0.4166666666666667,7.469861111111111,12.851644571704814,14.458100143167915,0.8032277857315508,0.40899795501022496,Elan Chalon,Switzerland,2014,1,25,0,25.0
203928,Cory Jefferson,2014-15,24.0,50,531.1583333333333,183,145,16,10,21,20,75,167,0.449,2,15,0.133,31,54,0.574,3.66,2.9,0.32,0.2,0.42,0.4,10.623166666666666,12.40308131599178,9.827578091906055,1.0844224101413578,0.4796603061438457,Baylor,USA,2014,2,60,0,60.0
204014,Damjan Rudez,2014-15,29.0,68,1047.395,323,47,53,16,5,47,119,263,0.452,69,170,0.406,16,23,0.696,4.75,0.6911764705882353,0.7794117647058824,0.23529411764705882,0.07352941176470588,0.6911764705882353,15.402867647058823,11.101828822936906,1.6154363921920574,1.821662314599554,0.591315172817809,Zaragoza,Croatia,Undrafted,Undrafted,Undrafted,0,61.0
203957,Dante Exum,2014-15,19.0,82,1817.05,393,131,198,41,14,118,145,416,0.349,83,264,0.314,20,32,0.625,4.7926829268292686,1.5975609756097562,2.4146341463414633,0.5,0.17073170731707318,1.4390243902439024,22.159146341463416,7.786246938719353,2.5954156462397844,3.922841969125781,0.4568917410714286,Australian Institute of Sport,Australia,2014,1,5,0,5.0
204065,David Stockton,2014-15,24.0,3,33.083333333333336,8,2,9,2,0,4,2,6,0.333,1,2,0.5,3,6,0.5,2.6666666666666665,0.6666666666666666,3.0,0.6666666666666666,0.0,1.3333333333333333,11.027777777777779,8.70528967254408,2.17632241813602,9.79345088161209,0.4629629629629629,Gonzaga,USA,2014,0,0,0,61.0
204033,David Wear,2014-15,24.0,2,6.966666666666667,0,2,1,0,0,0,0,2,0.0,0,1,0.0,0,0,0.0,0.0,1.0,0.5,0.0,0.0,0.0,3.4833333333333334,0.0,10.334928229665072,5.167464114832536,0.0,UCLA,USA,Undrafted,Undrafted,Undrafted,0,61.0
203906,Devyn Marble,2014-15,22.0,16,208.16166666666666,37,31,17,9,2,9,14,44,0.318,4,22,0.182,5,16,0.313,2.3125,1.9375,1.0625,0.5625,0.125,0.5625,13.010104166666666,6.398872671080971,5.361217643338111,2.9400225786047702,0.36246081504702193,Iowa,USA,2014,2,56,0,56.0
203926,Doug McDermott,2014-15,23.0,36,320.8333333333333,109,43,6,4,1,17,43,107,0.402,13,41,0.317,10,15,0.667,3.0277777777777777,1.1944444444444444,0.16666666666666666,0.1111111111111111,0.027777777777777776,0.4722222222222222,8.912037037037036,12.230649350649353,4.824935064935064,0.6732467532467532,0.47975352112676056,Creighton,USA,2014,1,11,0,11.0
204079,Drew Gordon,2014-15,24.0,9,71.185,17,18,2,1,0,8,8,19,0.421,0,3,0.0,1,2,0.5,1.8888888888888888,2.0,0.2222222222222222,0.1111111111111111,0.0,0.8888888888888888,7.9094444444444445,8.59731685046007,9.103041371075367,1.0114490412305963,0.4275653923541248,New Mexico,USA,Undrafted,Undrafted,Undrafted,0,61.0
203939,Dwight Powell,2014-15,23.0,29,236.35166666666666,90,50,9,9,6,11,31,67,0.463,3,11,0.273,25,33,0.758,3.103448275862069,1.7241379310344827,0.3103448275862069,0.3103448275862069,0.20689655172413793,0.3793103448275862,8.150057471264368,13.708386514445284,7.615770285802935,1.3708386514445283,0.5520117762512268,Stanford,Canada,2014,2,45,0,45.0
203901,Elfrid Payton,2014-15,21.0,82,2488.6666666666665,731,349,533,142,20,203,301,708,0.425,11,42,0.262,118,214,0.551,8.914634146341463,4.2560975609756095,6.5,1.7317073170731707,0.24390243902439024,2.475609756097561,30.349593495934958,10.574336994374498,5.04848647200643,7.7101526922046615,0.45564475915029423,Louisana-Lafayette,USA,2014,1,10,0,10.0
202407,Elijah Millsap,2014-15,27.0,47,923.5983333333334,248,150,58,56,16,67,81,238,0.34,28,90,0.311,58,86,0.674,5.276595744680851,3.1914893617021276,1.2340425531914894,1.1914893617021276,0.3404255319148936,1.425531914893617,19.651028368794325,9.666539747617561,5.846697427994492,2.2607230054912035,0.4495359628770301,Alabama-Birmingham,USA,Undrafted,Undrafted,Undrafted,0,61.0
203961,Eric Moreland,2014-15,23.0,3,2.078333333333333,2,1,0,0,0,0,1,1,1.0,0,0,0.0,0,0,0.0,0.6666666666666666,0.3333333333333333,0.0,0.0,0.0,0.0,0.6927777777777777,34.64314354450682,17.32157177225341,0.0,1.0,Oregon State,USA,Undrafted,Undrafted,Undrafted,0,61.0
203475,Erick Green,2014-15,24.0,43,409.8883333333333,146,31,39,12,0,14,61,162,0.377,14,47,0.298,10,12,0.833,3.395348837209302,0.7209302325581395,0.9069767441860465,0.27906976744186046,0.0,0.32558139534883723,9.532286821705426,12.823004639474979,2.7226927659159204,3.4253231571200287,0.4363940698230512,Virginia Tech,USA,2013,2,46,0,46.0
203128,Furkan Aldemir,2014-15,23.0,41,540.4933333333333,93,176,28,17,16,17,40,78,0.513,0,5,0.0,13,27,0.481,2.268292682926829,4.2926829268292686,0.6829268292682927,0.4146341463414634,0.3902439024390244,0.4146341463414634,13.182764227642277,6.194340972444927,11.722623775809753,1.864962873424279,0.5173564753004005,Galatasaray,Turkey,2012,2,53,0,53.0
203914,Gary Harris,2014-15,20.0,55,718.955,188,64,29,39,7,38,66,217,0.304,21,103,0.204,35,47,0.745,3.418181818181818,1.1636363636363636,0.5272727272727272,0.7090909090909091,0.12727272727272726,0.6909090909090909,13.071909090909092,9.413662885716075,3.204651195137387,1.4521075727966284,0.39548973409626387,Michigan State,USA,2014,1,19,0,19.0
203922,Glenn Robinson III,2014-15,21.0,35,260.77166666666665,73,39,11,6,1,11,26,67,0.388,5,19,0.263,16,24,0.667,2.085714285714286,1.1142857142857143,0.3142857142857143,0.17142857142857143,0.02857142857142857,0.3142857142857143,7.450619047619047,10.077781967621737,5.384020503249969,1.5185698855320429,0.4706034038164002,Michigan,USA,2014,2,40,0,40.0
203511,Grant Jerrett,2014-15,21.0,8,50.931666666666665,16,9,3,2,2,3,7,26,0.269,1,15,0.067,1,1,1.0,2.0,1.125,0.375,0.25,0.25,0.375,6.366458333333333,11.309270591315162,6.361464707614779,2.120488235871593,0.302571860816944,Arizona,USA,2013,2,40,0,40.0
203960,JaKarr Sampson,2014-15,22.0,74,1131.1833333333334,386,163,77,38,26,76,146,346,0.422,31,127,0.244,63,94,0.67,5.216216216216216,2.2027027027027026,1.0405405405405406,0.5135135135135135,0.35135135135135137,1.027027027027027,15.286261261261263,12.284480853383624,5.187488028760442,2.4505311546905153,0.49824452705493594,St. John's (NY),USA,Undrafted,Undrafted,Undrafted,0,61.0
203210,JaMychal Green,2014-15,25.0,24,163.93,62,45,4,5,5,14,27,47,0.574,0,6,0.0,8,10,0.8,2.5833333333333335,1.875,0.16666666666666666,0.20833333333333334,0.20833333333333334,0.5833333333333334,6.830416666666667,13.615567620325749,9.882266821204173,0.8784237174403708,0.603112840466926,Alabama,USA,Undrafted,Undrafted,Undrafted,0,61.0
203913,Jabari Brown,2014-15,22.0,19,568.3616666666667,227,36,40,12,2,32,70,170,0.412,23,62,0.371,64,85,0.753,11.947368421052632,1.894736842105263,2.1052631578947367,0.631578947368421,0.10526315789473684,1.6842105263157894,29.913771929824563,14.378168830292918,2.2802382285927094,2.533598031769677,0.54725168756027,Missouri,USA,2014,,,0,61.0
203953,Jabari Parker,2014-15,20.0,25,738.435,308,138,42,31,5,47,129,263,0.49,4,16,0.25,46,66,0.697,12.32,5.52,1.68,1.24,0.2,1.88,29.537399999999998,15.01553962095513,6.727741778220155,2.0475735846756997,0.5273250239693192,Duke,USA,2014,1,2,0,2.0
204022,Jack Cooley,2014-15,24.0,16,87.145,27,25,1,6,3,3,9,22,0.409,0,0,0.0,9,21,0.429,1.6875,1.5625,0.0625,0.375,0.1875,0.1875,5.4465625,11.15382408629296,10.327614894715705,0.4131045957886282,0.4321382842509603,Notre Dame,USA,Undrafted,Undrafted,Undrafted,0,61.0
203516,James Ennis III,2014-15,24.0,62,1051.41,312,176,48,25,17,39,101,247,0.409,31,95,0.326,79,94,0.84,5.032258064516129,2.838709677419355,0.7741935483870968,0.4032258064516129,0.27419354838709675,0.6290322580645161,16.958225806451615,10.682797386366877,6.0261933974377255,1.643507290210289,0.5409904286308781,Cal State-Long Beach,USA,2013,2,50,0,50.0
203949,James Michael McAdoo,2014-15,22.0,15,137.17,62,37,2,5,9,6,24,44,0.545,0,0,0.0,14,25,0.56,4.133333333333334,2.466666666666667,0.13333333333333333,0.3333333333333333,0.6,0.4,9.144666666666666,16.271779543631993,9.710578114748124,0.5248961143107094,0.5636363636363636,North Carolina,USA,Undrafted,Undrafted,Undrafted,0,61.0
203923,James Young,2014-15,19.0,31,332.075,105,42,13,8,2,5,36,102,0.353,17,66,0.258,16,29,0.552,3.3870967741935485,1.3548387096774193,0.41935483870967744,0.25806451612903225,0.06451612903225806,0.16129032258064516,10.712096774193547,11.382970714447037,4.553188285778814,1.4093201836934428,0.45747647263855,Kentucky,USA,2014,1,17,0,17.0
203950,Jarnell Stokes,2014-15,21.0,19,126.14166666666667,57,34,4,5,5,7,21,37,0.568,0,0,0.0,15,28,0.536,3.0,1.7894736842105263,0.21052631578947367,0.2631578947368421,0.2631578947368421,0.3684210526315789,6.639035087719298,16.267424192376296,9.70337583404902,1.1415736275351787,0.5778588807785888,Tennessee,USA,2014,2,35,0,35.0
203924,Jerami Grant,2014-15,21.0,65,1376.5483333333334,411,198,79,40,68,85,124,352,0.352,49,156,0.314,114,193,0.591,6.323076923076923,3.046153846153846,1.2153846153846153,0.6153846153846154,1.0461538461538462,1.3076923076923077,21.177666666666667,10.74862367104194,5.178169067801227,2.066037153314631,0.47033781928041746,Syracuse,USA,2014,2,39,0,39.0
203968,Jerrelle Benimon,2014-15,23.0,2,2.723333333333333,0,3,0,0,0,1,0,0,0.0,0,0,0.0,0,0,0.0,0.0,1.5,0.0,0.0,0.0,0.5,1.3616666666666666,0.0,39.65728274173807,0.0,,Towson,USA,Undrafted,Undrafted,Undrafted,0,61.0
203925,Joe Harris,2014-15,23.0,51,492.99,136,41,26,7,2,27,48,120,0.4,31,84,0.369,9,15,0.6,2.6666666666666665,0.803921568627451,0.5098039215686274,0.13725490196078433,0.0392156862745098,0.5294117647058824,9.666470588235294,9.931235927706442,2.9939755370291485,1.8986186332379966,0.5371248025276462,Virginia,USA,2014,2,33,0,33.0
204060,Joe Ingles,2014-15,27.0,79,1672.6033333333332,396,175,182,72,10,98,147,354,0.415,72,202,0.356,30,40,0.75,5.012658227848101,2.2151898734177213,2.3037974683544302,0.9113924050632911,0.12658227848101267,1.240506329113924,21.172194092827002,8.523240218342265,3.766583429822971,3.91724676701589,0.5328310010764262,Maccabi Tel Aviv,Australia,Undrafted,Undrafted,Undrafted,0,61.0
203530,Joffrey Lauvergne,2014-15,23.0,24,267.9533333333333,93,77,13,8,10,22,36,89,0.404,3,16,0.188,18,28,0.643,3.875,3.2083333333333335,0.5416666666666666,0.3333333333333333,0.4166666666666667,0.9166666666666666,11.164722222222222,12.494713009728063,10.345084965043664,1.7465727863060734,0.4589419660481643,Khimki,France,2013,2,55,0,55.0
203948,Johnny O'Bryant III,2014-15,22.0,34,367.62666666666667,100,64,17,5,4,25,44,120,0.367,0,0,0.0,12,27,0.444,2.9411764705882355,1.8823529411764706,0.5,0.14705882352941177,0.11764705882352941,0.7352941176470589,10.812549019607843,9.79254315972726,6.267227622225446,1.664732337153634,0.3791325447376403,Louisiana State,USA,2014,2,36,0,36.0
203919,Jordan Adams,2014-15,20.0,30,248.41833333333332,94,28,16,16,7,14,35,86,0.407,10,25,0.4,14,23,0.609,3.1333333333333333,0.9333333333333333,0.5333333333333333,0.5333333333333333,0.23333333333333334,0.4666666666666667,8.28061111111111,13.622183011184092,4.0576715352463255,2.318669448712186,0.4889721181856013,UCLA,USA,2014,1,22,0,22.0
203903,Jordan Clarkson,2014-15,23.0,59,1475.8233333333333,703,191,206,51,12,96,267,596,0.448,38,121,0.314,131,158,0.829,11.915254237288135,3.23728813559322,3.4915254237288136,0.864406779661017,0.2033898305084746,1.6271186440677967,25.013954802259885,17.148394003799012,4.659094245697882,5.024991699548501,0.5281584325039067,Missouri,USA,2014,2,46,0,46.0
203944,Julius Randle,2014-15,20.0,1,13.566666666666666,2,0,0,0,0,1,1,3,0.333,0,0,0.0,0,2,0.0,2.0,0.0,0.0,0.0,0.0,1.0,13.566666666666666,5.3071253071253075,0.0,0.0,0.2577319587628866,Kentucky,USA,2014,1,7,1,7.0
203994,Jusuf Nurkić,2014-15,20.0,62,1103.2583333333334,426,382,50,52,68,86,171,383,0.446,0,2,0.0,84,132,0.636,6.870967741935484,6.161290322580645,0.8064516129032258,0.8387096774193549,1.096774193548387,1.3870967741935485,17.79448924731183,13.900642792939095,12.46489565000642,1.6315308442416778,0.4829055953568514,Cedevita,Bosnia and Herzegovina,2014,1,16,0,16.0
203909,KJ McDaniels,2014-15,22.0,62,1351.895,487,200,72,44,70,105,172,434,0.396,43,150,0.287,100,133,0.752,7.854838709677419,3.225806451612903,1.1612903225806452,0.7096774193548387,1.1290322580645162,1.6935483870967742,21.80475806451613,12.968462787420622,5.325857407564937,1.9173086667233772,0.49439616665313085,Clemson,USA,2014,2,32,0,32.0
203564,Kalin Lucas,2014-15,26.0,1,5.53,0,0,0,1,0,0,0,1,0.0,0,0,0.0,0,0,0.0,0.0,0.0,0.0,1.0,0.0,0.0,5.53,0.0,0.0,0.0,0.0,Michigan State,USA,Undrafted,Undrafted,Undrafted,0,61.0
203123,Kostas Papanikolaou,2014-15,24.0,43,795.43,182,118,85,29,13,55,69,197,0.35,31,106,0.292,13,18,0.722,4.232558139534884,2.744186046511628,1.9767441860465116,0.6744186046511628,0.3023255813953488,1.2790697674418605,18.498372093023253,8.237054171957306,5.340507649950342,3.8469758495405006,0.44407573687292606,FC Barcelona,Greece,2012,2,48,0,48.0
203937,Kyle Anderson,2014-15,21.0,33,358.08,74,72,28,15,7,10,31,89,0.348,3,11,0.273,9,14,0.643,2.242424242424242,2.1818181818181817,0.8484848484848485,0.45454545454545453,0.21212121212121213,0.30303030303030304,10.85090909090909,7.439678284182306,7.238605898123324,2.8150134048257374,0.38881883144178225,UCLA,USA,2014,1,30,0,30.0
204038,Langston Galloway,2014-15,23.0,45,1457.4033333333334,533,190,150,52,12,61,204,511,0.399,62,176,0.352,63,78,0.808,11.844444444444445,4.222222222222222,3.3333333333333335,1.1555555555555554,0.26666666666666666,1.3555555555555556,32.38674074074074,13.165881785184151,4.693278685150072,3.7052200145921628,0.4887038802904716,St. Joseph's (PA),USA,Undrafted,Undrafted,Undrafted,0,61.0
203580,Larry Drew II,2014-15,25.0,12,219.10666666666665,46,15,45,6,0,25,20,58,0.345,4,26,0.154,2,3,0.667,3.8333333333333335,1.25,3.75,0.5,0.0,2.0833333333333335,18.258888888888887,7.5579626361589485,2.464553033530092,7.393659100590276,0.3877275792312879,UCLA,USA,Undrafted,Undrafted,Undrafted,0,61.0
203512,Lucas Nogueira,2014-15,22.0,6,23.05,6,11,1,2,0,2,2,8,0.25,0,0,0.0,2,4,0.5,1.0,1.8333333333333333,0.16666666666666666,0.3333333333333333,0.0,0.3333333333333333,3.841666666666667,9.370932754880693,17.18004338394794,1.561822125813449,0.3073770491803279,Estudiantes,Brazil,2013,1,16,0,16.0
203935,Marcus Smart,2014-15,21.0,67,1808.2266666666667,523,222,208,99,18,90,175,477,0.367,91,272,0.335,82,127,0.646,7.8059701492537314,3.3134328358208953,3.1044776119402986,1.4776119402985075,0.26865671641791045,1.3432835820895523,26.988457711442788,10.412411423346631,4.419799877596466,4.1410737591894815,0.4907296201771506,Oklahoma State,USA,2014,1,6,0,6.0
203900,Markel Brown,2014-15,23.0,47,781.4166666666666,216,107,39,31,12,27,76,210,0.362,17,64,0.266,47,57,0.825,4.595744680851064,2.276595744680851,0.8297872340425532,0.6595744680851063,0.2553191489361702,0.574468085106383,16.625886524822693,9.951157086488216,4.929508371547403,1.7967366961714835,0.4594180704441041,Oklahoma State,USA,2014,2,44,0,44.0
203956,Mitch McGary,2014-15,23.0,32,484.935,201,165,14,16,16,31,88,165,0.533,0,2,0.0,25,40,0.625,6.28125,5.15625,0.4375,0.5,0.5,0.96875,15.15421875,14.921587429243095,12.249064307587615,1.0393145473104641,0.5503833515881709,Michigan,USA,2014,1,21,0,21.0
203457,Nerlens Noel,2014-15,21.0,75,2311.2366666666667,744,611,128,133,142,146,302,653,0.462,0,0,0.0,140,230,0.609,9.92,8.146666666666667,1.7066666666666668,1.7733333333333334,1.8933333333333333,1.9466666666666668,30.816488888888887,11.588601196185015,9.516982971598177,1.9937378402038737,0.49323786793953855,Kentucky,USA,2013,1,6,0,6.0
203910,Nick Johnson,2014-15,22.0,28,262.34833333333336,74,39,11,7,3,19,26,75,0.347,5,21,0.238,17,25,0.68,2.642857142857143,1.3928571428571428,0.39285714285714285,0.25,0.10714285714285714,0.6785714285714286,9.369583333333335,10.154438437446396,5.351663500816345,1.5094435515123024,0.43023255813953487,Arizona,USA,2014,2,42,0,42.0
203917,Nik Stauskas,2014-15,21.0,73,1126.52,319,88,67,20,17,40,108,296,0.365,48,149,0.322,55,64,0.859,4.36986301369863,1.2054794520547945,0.9178082191780822,0.273972602739726,0.2328767123287671,0.547945205479452,15.431780821917808,10.194226467350779,2.812200404786422,2.1411071263714803,0.4920409674234945,Michigan,Canada,2014,1,8,0,8.0
202703,Nikola Mirotic,2014-15,24.0,82,1654.1216666666667,833,404,97,54,54,89,253,624,0.405,99,313,0.316,228,284,0.803,10.158536585365853,4.926829268292683,1.1829268292682926,0.6585365853658537,0.6585365853658537,1.0853658536585367,20.17221544715447,18.12925893198102,8.79258176292957,2.111090175752892,0.5561044648579363,Real Madrid,Montenegro,2011,1,23,0,23.0
203943,Noah Vonleh,2014-15,19.0,25,258.51666666666665,83,86,4,4,9,11,30,76,0.395,5,13,0.385,18,26,0.692,3.32,3.44,0.16,0.16,0.36,0.44,10.340666666666666,11.558248984591582,11.976017020179228,0.5570240474501967,0.4746111619396157,Indiana,USA,2014,1,9,0,9.0
203798,PJ Hairston,2014-15,22.0,45,687.2733333333333,254,92,21,21,13,22,87,269,0.323,49,163,0.301,31,36,0.861,5.644444444444445,2.0444444444444443,0.4666666666666667,0.4666666666666667,0.28888888888888886,0.4888888888888889,15.27274074074074,13.304750172177979,4.819043369450291,1.0999990299832187,0.4458643448953799,North Carolina,USA,2014,1,26,0,26.0
203565,Patrick Christopher,2014-15,27.0,4,28.733333333333334,6,6,0,1,0,1,3,12,0.25,0,4,0.0,0,0,0.0,1.5,1.5,0.0,0.25,0.0,0.25,7.183333333333334,7.517401392111369,7.517401392111369,0.0,0.25,California,USA,Undrafted,Undrafted,Undrafted,0,61.0
203918,Rodney Hood,2014-15,22.0,50,1064.38,433,117,83,30,12,45,155,374,0.414,62,170,0.365,61,80,0.763,8.66,2.34,1.66,0.6,0.24,0.9,21.2876,14.645145530731504,3.9572333189274502,2.807268080948533,0.5290811339198436,Duke,USA,2014,1,23,0,23.0
203893,Russ Smith,2014-15,24.0,12,65.06666666666666,30,6,8,3,0,12,8,25,0.32,2,11,0.182,12,13,0.923,2.5,0.5,0.6666666666666666,0.25,0.0,1.0,5.422222222222222,16.598360655737707,3.319672131147541,4.426229508196721,0.48828125,Louisville,USA,2014,2,47,0,47.0
203930,Sean Kilpatrick,2014-15,25.0,4,71.515,22,6,4,3,0,2,7,20,0.35,4,13,0.308,4,4,1.0,5.5,1.5,1.0,0.75,0.0,0.5,17.87875,11.07459973432147,3.020345382087674,2.013563588058449,0.5055147058823529,Cincinnati,USA,Undrafted,Undrafted,Undrafted,0,61.0
203894,Shabazz Napier,2014-15,23.0,51,1011.58,261,113,130,40,4,81,87,228,0.382,43,118,0.364,44,56,0.786,5.117647058823529,2.215686274509804,2.549019607843137,0.7843137254901961,0.0784313725490196,1.588235294117647,19.834901960784315,9.288439866347694,4.021431819529844,4.626425987069732,0.5165452818239392,Connecticut,USA,2014,1,24,0,24.0
203963,Shayne Whittington,2014-15,24.0,20,108.16166666666666,57,29,6,5,2,5,19,42,0.452,1,6,0.167,18,23,0.783,2.85,1.45,0.3,0.25,0.1,0.25,5.408083333333333,18.971601152595653,9.652218130267963,1.9970106476416476,0.546815042210284,Western Michigan,USA,Undrafted,Undrafted,Undrafted,0,61.0
204021,Sim Bhullar,2014-15,22.0,3,2.685,2,1,1,0,1,0,1,2,0.5,0,0,0.0,0,0,0.0,0.6666666666666666,0.3333333333333333,0.3333333333333333,0.0,0.3333333333333333,0.0,0.895,26.81564245810056,13.40782122905028,13.40782122905028,0.5,New Mexico State,Canada,Undrafted,Undrafted,Undrafted,0,61.0
203915,Spencer Dinwiddie,2014-15,22.0,34,455.26166666666666,145,48,104,19,6,33,51,169,0.302,12,65,0.185,31,34,0.912,4.264705882352941,1.411764705882353,3.0588235294117645,0.5588235294117647,0.17647058823529413,0.9705882352941176,13.390049019607844,11.465933510764872,3.795619369080785,8.223841966341702,0.39410741465535987,Colorado,USA,2014,2,38,0,38.0
203933,T.J. Warren,2014-15,21.0,40,614.13,245,85,25,18,9,27,113,214,0.528,5,21,0.238,14,19,0.737,6.125,2.125,0.625,0.45,0.225,0.675,15.35325,14.36178007913634,4.982658394802404,1.4654877631771774,0.5509084367692031,North Carolina State,USA,2014,1,14,0,14.0
204028,Tarik Black,2014-15,23.0,63,1195.3133333333333,379,368,42,19,24,48,157,273,0.575,0,1,0.0,65,118,0.551,6.015873015873016,5.841269841269841,0.6666666666666666,0.30158730158730157,0.38095238095238093,0.7619047619047619,18.973227513227513,11.4145802774168,11.083286390737156,1.2649402945950017,0.5832204850424719,Kansas,USA,Undrafted,Undrafted,Undrafted,0,61.0
204025,Tim Frazier,2014-15,24.0,11,239.49833333333333,57,28,60,8,0,25,21,61,0.344,5,17,0.294,10,21,0.476,5.181818181818182,2.5454545454545454,5.454545454545454,0.7272727272727273,0.0,2.272727272727273,21.77257575757576,8.567909310433615,4.2087975560024775,9.018851905719593,0.40575170842824604,Penn State,USA,Undrafted,Undrafted,Undrafted,0,61.0
204037,Travis Wear,2014-15,24.0,51,671.9933333333333,199,106,40,15,11,35,84,209,0.402,11,30,0.367,20,26,0.769,3.9019607843137254,2.0784313725490198,0.7843137254901961,0.29411764705882354,0.21568627450980393,0.6862745098039216,13.176339869281046,10.660820047817936,5.678627764164327,2.142878401571444,0.451369987298131,UCLA,USA,Undrafted,Undrafted,Undrafted,0,61.0
203898,Tyler Ennis,2014-15,20.0,33,411.42333333333335,121,35,73,18,5,42,52,144,0.361,12,43,0.279,5,7,0.714,3.6666666666666665,1.0606060606060606,2.212121212121212,0.5454545454545454,0.15151515151515152,1.2727272727272727,12.467373737373737,10.58763479627634,3.062538990658446,6.38758132337333,0.4113407669295621,Syracuse,Canada,2014,1,18,0,18.0
204020,Tyler Johnson,2014-15,23.0,32,602.9966666666667,190,81,42,33,9,30,70,167,0.419,18,48,0.375,32,47,0.681,5.9375,2.53125,1.3125,1.03125,0.28125,0.9375,18.843645833333333,11.343346287154711,4.835847627681745,2.5074765476868306,0.5061807331628303,Fresno State,USA,Undrafted,Undrafted,Undrafted,0,61.0
203805,Will Cherry,2014-15,24.0,8,69.42166666666667,15,5,8,6,1,4,5,19,0.263,2,9,0.222,3,6,0.5,1.875,0.625,1.0,0.75,0.125,0.5,8.677708333333333,7.7785513648476705,2.592850454949223,4.148560727918758,0.3465804066543438,Montana,USA,Undrafted,Undrafted,Undrafted,0,61.0
203897,Zach LaVine,2014-15,20.0,77,1901.7216666666666,778,214,276,54,10,193,286,677,0.422,57,167,0.341,149,177,0.842,10.103896103896103,2.779220779220779,3.5844155844155843,0.7012987012987013,0.12987012987012986,2.5064935064935066,24.69768398268398,14.727707261753165,4.051066007731591,5.224739337074388,0.5153136922424756,UCLA,USA,2014,1,13,1,13.0
204054,Zoran Dragic,2014-15,26.0,16,75.22333333333333,28,8,5,2,0,5,11,30,0.367,3,14,0.214,3,5,0.6,1.75,0.5,0.3125,0.125,0.0,0.3125,4.701458333333333,13.400097487481721,3.828599282137635,2.3928745513360217,0.43478260869565216,Malaga,Slovenia,Undrafted,Undrafted,Undrafted,0,61.0
1626151,Aaron Harrison,2015-16,21.0,21,93.3,18,15,2,6,0,4,5,19,0.263,3,10,0.3,5,12,0.417,0.8571428571428571,0.7142857142857143,0.09523809523809523,0.2857142857142857,0.0,0.19047619047619047,4.442857142857143,6.945337620578779,5.787781350482315,0.7717041800643086,0.37067545304777594,Kentucky,USA,Undrafted,Undrafted,Undrafted,0,61.0
1626210,Alan Williams,2015-16,23.0,10,68.15,29,38,5,4,5,6,10,24,0.417,0,0,0.0,9,14,0.643,2.9,3.8,0.5,0.4,0.5,0.6,6.815,15.319148936170212,20.07336757153338,2.6412325752017605,0.4807692307692308,Cal-Santa Barbara,USA,Undrafted,Undrafted,Undrafted,0,61.0
1627293,Alex Stepheson,2015-16,28.0,8,72.15166666666667,22,28,2,1,5,0,9,27,0.333,0,0,0.0,4,12,0.333,2.75,3.5,0.25,0.125,0.625,0.0,9.018958333333334,10.976877411009216,13.970571250375366,0.9978979464553833,0.34076827757125155,Southern California,USA,Undrafted,Undrafted,Undrafted,0,61.0
1626148,Anthony Brown,2015-16,23.0,29,598.6666666666666,115,70,19,14,5,15,39,126,0.31,20,70,0.286,17,20,0.85,3.9655172413793105,2.413793103448276,0.6551724137931034,0.4827586206896552,0.1724137931034483,0.5172413793103449,20.64367816091954,6.9153674832962135,4.20935412026726,1.1425389755011137,0.42655786350148367,Stanford,USA,2015,2,34,0,34.0
1626253,Axel Toupane,2015-16,23.0,21,305.425,76,31,15,7,6,6,25,70,0.357,13,40,0.325,13,17,0.765,3.619047619047619,1.4761904761904763,0.7142857142857143,0.3333333333333333,0.2857142857142857,0.2857142857142857,14.54404761904762,8.958009331259719,3.653924858803307,1.768028157485471,0.4904491481672689,Strasbourg IG,France,Undrafted,Undrafted,Undrafted,0,61.0
1626246,Boban Marjanovic,2015-16,27.0,54,507.805,297,194,21,12,23,29,105,174,0.603,0,0,0.0,87,114,0.763,5.5,3.5925925925925926,0.3888888888888889,0.2222222222222222,0.42592592592592593,0.5370370370370371,9.403796296296296,21.05532635558925,13.753310818129005,1.4887604493850985,0.662473233404711,Crvena zvezda,Serbia,Undrafted,Undrafted,Undrafted,0,61.0
1626171,Bobby Portis Jr.,2015-16,21.0,62,1102.08,436,337,52,25,22,54,186,436,0.427,16,52,0.308,48,66,0.727,7.032258064516129,5.435483870967742,0.8387096774193549,0.4032258064516129,0.3548387096774194,0.8709677419354839,17.77548387096774,14.242160278745647,11.00827526132404,1.6986062717770034,0.46877687940822294,Arkansas,USA,2015,1,22,0,22.0
1626183,Branden Dawson,2015-16,23.0,6,28.865,5,4,0,0,1,0,2,5,0.4,0,0,0.0,1,1,1.0,0.8333333333333334,0.6666666666666666,0.0,0.0,0.16666666666666666,0.0,4.810833333333333,6.23592586177031,4.9887406894162485,0.0,0.45955882352941174,Michigan State,USA,2015,2,56,0,56.0
1627362,Briante Weber,2015-16,23.0,7,168.655,31,25,21,9,3,9,14,39,0.359,0,5,0.0,3,4,0.75,4.428571428571429,3.5714285714285716,3.0,1.2857142857142858,0.42857142857142855,1.2857142857142858,24.09357142857143,6.617058492188195,5.336337493700157,4.482523494708132,0.3802747791952895,Virginia Commonwealth,USA,Undrafted,Undrafted,Undrafted,0,61.0
1626214,Bryce Dejean-Jones,2015-16,23.0,14,278.5566666666667,79,48,15,10,2,11,28,69,0.406,12,32,0.375,11,21,0.524,5.642857142857143,3.4285714285714284,1.0714285714285714,0.7142857142857143,0.14285714285714285,0.7857142857142857,19.89690476190476,10.209771799873156,6.203405650555841,1.9385642657987003,0.5048568507157465,Iowa State,USA,Undrafted,Undrafted,Undrafted,0,61.0
1626166,Cameron Payne,2015-16,21.0,57,697.6133333333333,283,85,108,36,6,44,114,278,0.41,36,111,0.324,19,24,0.792,4.964912280701754,1.4912280701754386,1.894736842105263,0.631578947368421,0.10526315789473684,0.7719298245614035,12.238830409356725,14.604078668221174,4.386384052292579,5.573287972324688,0.49036595508733016,Murray State,USA,2015,1,14,0,14.0
1626191,Chris McCullough,2015-16,21.0,24,362.385,112,68,9,28,12,15,44,109,0.404,13,34,0.382,11,23,0.478,4.666666666666667,2.8333333333333335,0.375,1.1666666666666667,0.5,0.625,15.099375,11.126288339749163,6.755246491990563,0.8940767415869862,0.47011417058428473,Syracuse,USA,2015,1,29,0,29.0
1626174,Christian Wood,2015-16,20.0,17,144.79833333333335,61,38,3,5,7,2,22,53,0.415,4,11,0.364,13,21,0.619,3.588235294117647,2.235294117647059,0.17647058823529413,0.29411764705882354,0.4117647058823529,0.11764705882352941,8.517549019607843,15.165920418052693,9.447622555508234,0.7458649385927554,0.49003856041131105,UNLV,USA,Undrafted,Undrafted,Undrafted,0,61.0
1626146,Cliff Alexander,2015-16,20.0,8,35.958333333333336,10,6,0,1,2,1,5,10,0.5,0,0,0.0,0,0,0.0,1.25,0.75,0.0,0.125,0.25,0.125,4.494791666666667,10.011587485515642,6.006952491309385,0.0,0.5,Kansas,USA,Undrafted,Undrafted,Undrafted,0,61.0
1626262,Coty Clarke,2015-16,23.0,3,5.801666666666667,6,1,0,0,0,1,2,4,0.5,2,2,1.0,0,0,0.0,2.0,0.3333333333333333,0.0,0.0,0.0,0.3333333333333333,1.933888888888889,37.23068083883941,6.205113473139902,0.0,0.75,Arkansas,USA,Undrafted,Undrafted,Undrafted,0,61.0
1626245,Cristiano Felicio,2015-16,23.0,31,320.7033333333333,105,102,26,6,13,13,40,72,0.556,0,4,0.0,25,35,0.714,3.3870967741935485,3.2903225806451615,0.8387096774193549,0.1935483870967742,0.41935483870967744,0.41935483870967744,10.345268817204301,11.786594048497573,11.449834218540499,2.918585192961304,0.6006864988558352,Flamengo,Brazil,Undrafted,Undrafted,Undrafted,0,61.0
1626156,D'Angelo Russell,2015-16,20.0,80,2259.08,1054,274,266,93,13,196,392,956,0.41,130,370,0.351,140,190,0.737,13.175,3.425,3.325,1.1625,0.1625,2.45,28.2385,16.796217929422596,4.36637923402447,4.238893708943464,0.5069257406694883,Ohio State,USA,2015,1,2,1,2.0
203996,Damien Inglis,2015-16,21.0,20,156.35166666666666,36,31,10,6,3,11,13,37,0.351,3,13,0.231,7,8,0.875,1.8,1.55,0.5,0.3,0.15,0.55,7.817583333333333,8.289006619692787,7.137755700291011,2.3025018388035523,0.4442250740375123,Chorale Roanne,France,2014,2,31,0,31.0
1626199,Darrun Hilliard,2015-16,23.0,38,383.01666666666665,152,45,27,9,1,19,52,131,0.397,19,50,0.38,29,40,0.725,4.0,1.1842105263157894,0.7105263157894737,0.23684210526315788,0.02631578947368421,0.5,10.07938596491228,14.28658456986206,4.229580958182847,2.5377485749097084,0.5114401076716016,Villanova,USA,2015,2,38,0,38.0
1626153,Delon Wright,2015-16,24.0,27,229.275,103,37,31,8,3,16,36,80,0.45,5,13,0.385,26,35,0.743,3.814814814814815,1.3703703703703705,1.1481481481481481,0.2962962962962963,0.1111111111111111,0.5925925925925926,8.491666666666667,16.17271835132483,5.809617271835132,4.867517173699706,0.5398322851153039,Utah,USA,2015,1,20,0,20.0
1626164,Devin Booker,2015-16,19.0,76,2107.665,1048,187,200,44,20,160,367,867,0.423,99,289,0.343,215,256,0.84,13.789473684210526,2.460526315789474,2.6315789473684212,0.5789473684210527,0.2631578947368421,2.1052631578947367,27.732434210526314,17.900377906356088,3.1940559813822405,3.4161026538847494,0.5348903678902454,Kentucky,USA,2015,1,13,1,13.0
1626251,Duje Dukan,2015-16,24.0,1,24.233333333333334,6,4,1,1,0,0,2,10,0.2,2,5,0.4,0,0,0.0,6.0,4.0,1.0,1.0,0.0,0.0,24.233333333333334,8.91334250343879,5.94222833562586,1.485557083906465,0.3,Wisconsin,Croatia,Undrafted,Undrafted,Undrafted,0,61.0
204002,Edy Tavares,2015-16,24.0,11,72.65,25,21,3,1,6,5,11,19,0.579,0,0,0.0,3,8,0.375,2.272727272727273,1.9090909090909092,0.2727272727272727,0.09090909090909091,0.5454545454545454,0.45454545454545453,6.604545454545455,12.388162422573984,10.406056434962146,1.486579490708878,0.5550621669626998,Gran Canaria,Cabo Verde,2014,2,43,0,43.0
1626144,Emmanuel Mudiay,2015-16,20.0,68,2067.8866666666668,872,232,372,65,35,217,329,905,0.364,74,232,0.319,140,209,0.67,12.823529411764707,3.411764705882353,5.470588235294118,0.9558823529411765,0.5147058823529411,3.1911764705882355,30.410098039215686,15.180715899968726,4.038906065129295,6.47617696650042,0.4373294816241374,Guangdong,Democratic Republic of the Congo,2015,1,7,0,7.0
1626163,Frank Kaminsky,2015-16,23.0,81,1707.5733333333333,606,335,98,38,43,58,215,525,0.41,68,202,0.337,108,148,0.73,7.481481481481482,4.135802469135802,1.2098765432098766,0.4691358024691358,0.5308641975308642,0.7160493827160493,21.081152263374484,12.77602523659306,7.062654214948309,2.0660898897460727,0.5134548905307396,Wisconsin,USA,2015,1,9,0,9.0
1626266,JJ O'Brien,2015-16,24.0,2,6.266666666666667,0,1,0,1,0,0,0,1,0.0,0,0,0.0,0,0,0.0,0.0,0.5,0.0,0.5,0.0,0.0,3.1333333333333333,0.0,5.74468085106383,0.0,0.0,San Diego State,USA,Undrafted,Undrafted,Undrafted,0,61.0
1626143,Jahlil Okafor,2015-16,20.0,53,1590.565,928,373,65,22,61,124,397,781,0.508,1,6,0.167,133,194,0.686,17.50943396226415,7.037735849056604,1.2264150943396226,0.41509433962264153,1.150943396226415,2.339622641509434,30.01066037735849,21.00385711995423,8.442283088085052,1.4711753370657594,0.5355741262292811,Duke,USA,2015,1,3,0,3.0
204067,Jarell Eddie,2015-16,24.0,26,146.76666666666668,63,23,5,5,1,1,20,65,0.308,15,47,0.319,8,8,1.0,2.423076923076923,0.8846153846153846,0.19230769230769232,0.19230769230769232,0.038461538461538464,0.038461538461538464,5.644871794871795,15.45310015898251,5.641607994549171,1.2264365205541674,0.4597197898423818,Virginia Tech,USA,Undrafted,Undrafted,Undrafted,0,61.0
1626185,Jarell Martin,2015-16,22.0,27,379.54,153,86,15,8,7,19,54,116,0.466,0,2,0.0,45,62,0.726,5.666666666666667,3.185185185185185,0.5555555555555556,0.2962962962962963,0.25925925925925924,0.7037037037037037,14.057037037037038,14.512304368446012,8.157242978342204,1.4227749380829424,0.5339195979899497,Louisiana State,USA,2015,1,25,0,25.0
1626170,Jerian Grant,2015-16,23.0,76,1264.7733333333333,426,143,177,50,10,87,154,391,0.394,22,100,0.22,96,123,0.78,5.605263157894737,1.881578947368421,2.3289473684210527,0.6578947368421053,0.13157894736842105,1.144736842105263,16.641754385964912,12.125492841932152,4.070294545531215,5.038056885028148,0.4785226455787203,Notre Dame,USA,2015,1,19,0,19.0
1626202,Joe Young,2015-16,24.0,41,383.5133333333333,154,50,65,15,0,33,62,169,0.367,10,46,0.217,20,25,0.8,3.7560975609756095,1.2195121951219512,1.5853658536585367,0.36585365853658536,0.0,0.8048780487804879,9.353983739837398,14.455820745041459,4.69344829384463,6.101482781998019,0.42777777777777776,Oregon,USA,2015,2,43,0,43.0
203613,Jonathon Simmons,2015-16,26.0,55,812.83,331,96,58,24,5,53,122,242,0.504,18,47,0.383,69,92,0.75,6.0181818181818185,1.7454545454545454,1.0545454545454545,0.43636363636363634,0.09090909090909091,0.9636363636363636,14.778727272727274,14.659891982333328,4.251811571915407,2.5688028246988917,0.5858821863494761,Houston,USA,2012,0,0,0,61.0
203895,Jordan McRae,2015-16,25.0,22,195.95166666666665,99,20,25,3,1,15,34,78,0.436,10,22,0.455,21,28,0.75,4.5,0.9090909090909091,1.1363636363636365,0.13636363636363635,0.045454545454545456,0.6818181818181818,8.906893939393939,18.18815864456371,3.6743754837502447,4.592969354687806,0.5480513728963685,Tennessee,USA,2014,2,58,0,58.0
1626175,Jordan Mickey,2015-16,21.0,16,57.178333333333335,21,13,1,0,11,1,8,22,0.364,0,0,0.0,5,10,0.5,1.3125,0.8125,0.0625,0.0,0.6875,0.0625,3.5736458333333334,13.221791471128341,8.184918529746115,0.629609117672778,0.39772727272727276,Louisiana State,USA,2015,2,33,0,33.0
203962,Josh Huestis,2015-16,24.0,5,54.983333333333334,14,10,0,1,2,3,5,12,0.417,4,6,0.667,0,4,0.0,2.8,2.0,0.0,0.2,0.4,0.6,10.996666666666666,9.16641406486814,6.547438617762958,0.0,0.5087209302325582,Stanford,USA,2014,1,29,0,29.0
1626196,Josh Richardson,2015-16,22.0,52,1106.95,341,107,73,36,25,35,123,272,0.452,53,115,0.461,42,63,0.667,6.5576923076923075,2.0576923076923075,1.4038461538461537,0.6923076923076923,0.4807692307692308,0.6730769230769231,21.2875,11.089931794570667,3.4798319707303853,2.3740909706852156,0.5688642733217669,Tennessee,USA,2015,2,40,0,40.0
1626147,Justin Anderson,2015-16,22.0,55,646.8766666666667,208,132,29,19,25,24,71,175,0.406,22,83,0.265,44,55,0.8,3.7818181818181817,2.4,0.5272727272727272,0.34545454545454546,0.45454545454545453,0.43636363636363634,11.761393939393939,11.575622349443222,7.3460680294543526,1.6139088852589107,0.5220883534136547,Virginia,USA,2015,1,21,0,21.0
1626159,Justise Winslow,2015-16,20.0,78,2232.135,502,403,118,68,26,95,195,462,0.422,32,116,0.276,80,117,0.684,6.435897435897436,5.166666666666667,1.5128205128205128,0.8717948717948718,0.3333333333333333,1.2179487179487178,28.61711538461539,8.096284498921435,6.499606878616212,1.90311069894966,0.48882137571083584,Duke,USA,2015,1,10,0,10.0
1626157,Karl-Anthony Towns,2015-16,20.0,82,2626.485,1503,858,161,58,138,183,625,1153,0.542,30,88,0.341,223,275,0.811,18.329268292682926,10.463414634146341,1.9634146341463414,0.7073170731707317,1.6829268292682926,2.231707317073171,32.03030487804878,20.600917195415164,11.760204227322829,2.206751609089715,0.5898744113029827,Kentucky,USA,2015,1,1,1,1.0
203951,Keith Appling,2015-16,24.0,5,26.85,6,1,1,1,0,3,2,8,0.25,0,3,0.0,2,2,1.0,1.2,0.2,0.2,0.2,0.0,0.6,5.37,8.044692737430168,1.3407821229050279,1.3407821229050279,0.33783783783783783,Michigan State,USA,Undrafted,Undrafted,Undrafted,0,61.0
1626162,Kelly Oubre Jr.,2015-16,20.0,63,671.3816666666667,236,133,13,22,7,34,90,211,0.427,25,79,0.316,31,49,0.633,3.746031746031746,2.111111111111111,0.20634920634920634,0.3492063492063492,0.1111111111111111,0.5396825396825397,10.656851851851851,12.654501041384806,7.131562027560081,0.6970699726186547,0.5073959408324733,Kansas,USA,2015,1,15,0,15.0
1626172,Kevon Looney,2015-16,20.0,5,20.598333333333333,9,10,0,0,0,1,4,7,0.571,1,2,0.5,0,0,0.0,1.8,2.0,0.0,0.0,0.0,0.2,4.119666666666666,15.729427947244924,17.47714216360547,0.0,0.6428571428571429,UCLA,USA,2015,1,30,0,30.0
204001,Kristaps Porziņģis,2015-16,20.0,72,2046.4616666666666,1028,526,94,53,134,121,373,886,0.421,81,243,0.333,201,240,0.838,14.277777777777779,7.305555555555555,1.3055555555555556,0.7361111111111112,1.8611111111111112,1.6805555555555556,28.423078703703702,18.083896025416227,9.253044075261611,1.653585823335725,0.518354175070593,Cajasol Sevilla,Latvia,2015,1,4,0,4.0
203934,Lamar Patterson,2015-16,24.0,35,394.9,84,50,39,9,2,23,28,80,0.35,12,49,0.245,16,22,0.727,2.4,1.4285714285714286,1.1142857142857143,0.2571428571428571,0.05714285714285714,0.6571428571428571,11.282857142857143,7.657634844264371,4.558115978728792,3.555330463408458,0.4683318465655664,Pittsburgh,USA,2014,2,48,0,48.0
1626204,Larry Nance Jr.,2015-16,23.0,63,1265.715,349,312,44,54,23,41,158,300,0.527,1,10,0.1,32,47,0.681,5.5396825396825395,4.9523809523809526,0.6984126984126984,0.8571428571428571,0.36507936507936506,0.6507936507936508,20.090714285714284,9.926405233405625,8.874035624133395,1.2514665623777865,0.5441561681426967,Wyoming,USA,2015,1,27,0,27.0
1626242,Luis Montero,2015-16,23.0,12,42.03666666666667,14,4,1,0,0,4,5,19,0.263,1,9,0.111,3,4,0.75,1.1666666666666667,0.3333333333333333,0.08333333333333333,0.0,0.0,0.3333333333333333,3.5030555555555556,11.989532947426849,3.4255808421219567,0.8563952105304892,0.33718689788053946,Westchester C.C.,Dominican Republic,Undrafted,Undrafted,Undrafted,0,61.0
1626273,Marcelo Huertas,2015-16,33.0,53,868.8166666666667,237,90,182,26,7,80,97,230,0.422,16,61,0.262,27,29,0.931,4.471698113207547,1.6981132075471699,3.4339622641509435,0.49056603773584906,0.1320754716981132,1.509433962264151,16.392767295597487,9.820253601642081,3.729210228471676,7.541291795353834,0.48813643104300547,FC Barcelona,Brazil,Undrafted,Undrafted,Undrafted,0,61.0
1626209,Mario Hezonja,2015-16,21.0,79,1412.8533333333332,478,176,109,39,17,97,181,418,0.433,67,192,0.349,49,54,0.907,6.050632911392405,2.2278481012658227,1.379746835443038,0.4936708860759494,0.21518987341772153,1.2278481012658229,17.8842194092827,12.179608168812049,4.484541919897324,2.7773583481182293,0.541017747193046,FC Barcelona,Croatia,2015,1,5,0,5.0
1626149,Montrezl Harrell,2015-16,22.0,39,378.6116666666667,140,65,17,11,11,17,58,90,0.644,0,1,0.0,24,46,0.522,3.58974358974359,1.6666666666666667,0.4358974358974359,0.28205128205128205,0.28205128205128205,0.4358974358974359,9.707991452991454,13.31179264593889,6.180475157043056,1.6164319641497225,0.634978229317852,Louisville,USA,2015,2,32,0,32.0
1626167,Myles Turner,2015-16,20.0,60,1367.185,619,332,41,25,86,67,264,530,0.498,3,14,0.214,88,121,0.727,10.316666666666666,5.533333333333333,0.6833333333333333,0.4166666666666667,1.4333333333333333,1.1166666666666667,22.786416666666664,16.299184089936624,8.74205027117764,1.0795905455369976,0.5306563335848021,Texas,USA,2015,1,11,0,11.0
202357,Nemanja Bjelica,2015-16,28.0,60,1074.8033333333333,308,210,82,26,21,47,110,235,0.468,48,125,0.384,40,55,0.727,5.133333333333334,3.5,1.3666666666666667,0.43333333333333335,0.35,0.7833333333333333,17.91338888888889,10.316305928836593,7.033844951479495,2.7465489810538983,0.5941358024691358,Fenerbahce,Serbia,2010,2,35,0,35.0
203999,Nikola Jokić,2015-16,21.0,80,1732.5516666666667,796,560,189,79,50,104,307,600,0.512,28,84,0.333,154,190,0.811,9.95,7.0,2.3625,0.9875,0.625,1.3,21.656895833333333,16.539766490850198,11.636016626728784,3.9271556115209645,0.5822118197776477,Mega Basket,Serbia,2014,2,41,1,41.0
1626181,Norman Powell,2015-16,23.0,49,725.2266666666667,273,111,47,29,10,32,97,229,0.424,36,89,0.404,43,53,0.811,5.571428571428571,2.2653061224489797,0.9591836734693877,0.5918367346938775,0.20408163265306123,0.6530612244897959,14.800544217687076,13.551625239005736,5.51000147080453,2.3330636858361524,0.5409797083069119,UCLA,USA,2015,2,46,0,46.0
1626192,Pat Connaughton,2015-16,23.0,34,143.46666666666667,36,32,10,2,0,10,13,49,0.265,5,21,0.238,5,5,1.0,1.0588235294117647,0.9411764705882353,0.29411764705882354,0.058823529411764705,0.0,0.29411764705882354,4.219607843137255,9.033457249070631,8.029739776951672,2.509293680297398,0.3515625,Notre Dame,USA,2015,2,41,0,41.0
1626154,RJ Hunter,2015-16,22.0,36,314.5683333333333,97,37,13,14,4,11,36,98,0.367,19,63,0.302,6,7,0.857,2.6944444444444446,1.0277777777777777,0.3611111111111111,0.3888888888888889,0.1111111111111111,0.3055555555555556,8.73800925925926,11.100926666701989,4.234374089360553,1.487753058423978,0.47981796596755044,Georgia State,USA,2015,1,28,0,28.0
1626176,Rakeem Christmas,2015-16,24.0,1,6.1,4,1,0,0,0,0,2,2,1.0,0,0,0.0,0,0,0.0,4.0,1.0,0.0,0.0,0.0,0.0,6.1,23.60655737704918,5.901639344262295,0.0,1.0,Syracuse,USA,2015,2,36,0,36.0
1626173,Rashad Vaughn,2015-16,19.0,70,1000.6933333333334,217,88,39,29,16,28,81,266,0.305,43,147,0.293,12,15,0.8,3.1,1.2571428571428571,0.5571428571428572,0.4142857142857143,0.22857142857142856,0.4,14.295619047619049,7.806587432713318,3.1658050418376593,1.4030272344507808,0.39801907556859867,UNLV,USA,2015,1,17,0,17.0
203526,Raul Neto,2015-16,24.0,81,1498.6016666666667,476,120,174,62,2,109,180,418,0.431,64,162,0.395,52,70,0.743,5.8765432098765435,1.4814814814814814,2.1481481481481484,0.7654320987654321,0.024691358024691357,1.345679012345679,18.50125514403292,11.43465964382352,2.882687305165593,4.17989659249011,0.5303030303030303,Murcia,Brazil,2013,2,47,0,47.0
1626158,Richaun Holmes,2015-16,22.0,51,702.0016666666667,287,135,33,19,40,32,114,222,0.514,8,44,0.182,51,74,0.689,5.627450980392157,2.6470588235294117,0.6470588235294118,0.37254901960784315,0.7843137254901961,0.6274509803921569,13.764738562091503,14.717913775133487,6.923060486561048,1.6923036744927007,0.5637177875549969,Bowling Green,USA,2015,2,37,0,37.0
1626178,Rondae Hollis-Jefferson,2015-16,21.0,29,615.4566666666667,167,154,43,39,16,26,63,138,0.457,4,14,0.286,37,52,0.712,5.758620689655173,5.310344827586207,1.4827586206896552,1.3448275862068966,0.5517241379310345,0.896551724137931,21.22264367816092,9.76835628828458,9.00794531973548,2.515205511354712,0.519020387866733,Arizona,USA,2015,1,23,0,23.0
1626257,Salah Mejri,2015-16,30.0,34,397.23,125,123,10,8,36,23,49,78,0.628,0,1,0.0,27,46,0.587,3.676470588235294,3.6176470588235294,0.29411764705882354,0.23529411764705882,1.0588235294117647,0.6764705882352942,11.683235294117647,11.32844951287667,11.147194320670643,0.9062759610301336,0.6361970684039089,Real Madrid,Tunisia,Undrafted,Undrafted,Undrafted,0,61.0
1626155,Sam Dekker,2015-16,22.0,3,6.148333333333333,0,1,0,1,0,0,0,0,0.0,0,0,0.0,0,0,0.0,0.0,0.3333333333333333,0.0,0.3333333333333333,0.0,0.0,2.0494444444444446,0.0,5.855245323936026,0.0,,Wisconsin,USA,2015,1,18,0,18.0
201619,Sasha Kaun,2015-16,31.0,25,95.395,23,26,3,4,5,7,9,17,0.529,0,0,0.0,5,11,0.455,0.92,1.04,0.12,0.16,0.2,0.28,3.8158,8.6797001939305,9.811835001834478,1.1321348079039781,0.5265567765567766,Kansas,Russia,2008,2,56,0,56.0
1626169,Stanley Johnson,2015-16,20.0,73,1687.0716666666667,593,306,118,55,12,114,225,600,0.375,63,205,0.307,80,102,0.784,8.123287671232877,4.191780821917808,1.6164383561643836,0.7534246575342466,0.1643835616438356,1.5616438356164384,23.11057077625571,12.653878564731986,6.529657404397956,2.5179724631338525,0.45977546210147624,Arizona,USA,2015,1,8,0,8.0
204456,T.J. McConnell,2015-16,24.0,81,1605.9416666666666,493,250,367,95,10,140,218,464,0.47,31,89,0.348,26,41,0.634,6.08641975308642,3.0864197530864197,4.530864197530864,1.1728395061728396,0.12345679012345678,1.728395061728395,19.826440329218105,11.051459943024081,5.6041886120811775,8.226948882535169,0.5113683511741764,Arizona,USA,2015,0,,0,61.0
1626179,Terry Rozier,2015-16,22.0,39,311.325,72,63,37,6,1,19,29,106,0.274,6,27,0.222,8,10,0.8,1.8461538461538463,1.6153846153846154,0.9487179487179487,0.15384615384615385,0.02564102564102564,0.48717948717948717,7.982692307692307,8.325704649482052,7.284991568296796,4.2784871115393885,0.32608695652173914,Louisville,USA,2015,1,16,0,16.0
203648,Thanasis Antetokounmpo,2015-16,23.0,2,6.25,6,1,0,0,0,0,3,4,0.75,0,1,0.0,0,0,0.0,3.0,0.5,0.0,0.0,0.0,0.0,3.125,34.56,5.76,0.0,0.75,Panathinaikos,Greece,2014,2,51,0,51.0
202353,Tibor Pleiss,2015-16,26.0,12,81.54,24,15,2,1,2,8,11,25,0.44,0,2,0.0,2,2,1.0,2.0,1.25,0.16666666666666666,0.08333333333333333,0.16666666666666666,0.6666666666666666,6.795000000000001,10.596026490066224,6.62251655629139,0.8830022075055187,0.46367851622874806,FC Barcelona,Germany,2010,2,31,0,31.0
1626168,Trey Lyles,2015-16,20.0,80,1382.3933333333334,488,299,59,26,18,65,191,436,0.438,49,128,0.383,57,82,0.695,6.1,3.7375,0.7375,0.325,0.225,0.8125,17.27991666666667,12.708394619958622,7.786495883950057,1.5364657429868005,0.5168615488900187,Kentucky,Canada,2015,1,12,0,12.0
1626145,Tyus Jones,2015-16,20.0,37,572.72,156,47,108,31,3,33,56,156,0.359,16,53,0.302,28,39,0.718,4.216216216216216,1.2702702702702702,2.918918918918919,0.8378378378378378,0.08108108108108109,0.8918918918918919,15.47891891891892,9.805838804302276,2.954323229501327,6.78865763374773,0.45045045045045046,Duke,USA,2015,1,24,0,24.0
1626161,Willie Cauley-Stein,2015-16,22.0,66,1411.545,463,352,37,47,66,46,191,339,0.563,0,2,0.0,81,125,0.648,7.015151515151516,5.333333333333333,0.5606060606060606,0.7121212121212122,1.0,0.696969696969697,21.387045454545454,11.808337672550289,8.977397107424842,0.9436468550418159,0.5875634517766497,Kentucky,USA,2015,1,6,0,6.0
203186,Willie Reed,2015-16,26.0,39,425.6333333333333,182,122,10,6,30,16,76,133,0.571,0,0,0.0,30,55,0.545,4.666666666666667,3.128205128205128,0.2564102564102564,0.15384615384615385,0.7692307692307693,0.41025641025641024,10.913675213675214,15.393531208395332,10.318740700133135,0.8457984180436996,0.578880407124682,St. Louis,USA,2011,0,0,0,61.0
204098,Xavier Munford,2015-16,24.0,14,244.29333333333332,80,31,22,13,3,15,32,77,0.416,9,23,0.391,7,14,0.5,5.714285714285714,2.2142857142857144,1.5714285714285714,0.9285714285714286,0.21428571428571427,1.0714285714285714,17.449523809523807,11.789105992795546,4.568278572208275,3.2420041480187756,0.48100048100048104,Rhode Island,USA,2014,,,0,61.0
1627773,AJ Hammons,2016-17,24.0,22,163.23166666666665,48,36,4,1,13,10,17,42,0.405,5,10,0.5,9,20,0.45,2.1818181818181817,1.6363636363636365,0.18181818181818182,0.045454545454545456,0.5909090909090909,0.45454545454545453,7.4196212121212115,10.586181194416934,7.9396358958127005,0.8821817662014111,0.4724409448818898,Purdue,USA,2016,2,46,0,46.0
203518,Alex Abrines,2016-17,23.0,68,1055.1966666666667,406,86,40,37,8,33,134,341,0.393,94,247,0.381,44,49,0.898,5.970588235294118,1.2647058823529411,0.5882352941176471,0.5441176470588235,0.11764705882352941,0.4852941176470588,15.517598039215686,13.851446333858775,2.9340502086498885,1.3646745156511106,0.5599073256840247,FC Barcelona,Spain,2013,2,32,0,32.0
1627816,Alex Poythress,2016-17,23.0,6,156.83333333333334,64,29,5,3,2,3,25,54,0.463,6,19,0.316,8,10,0.8,10.666666666666666,4.833333333333333,0.8333333333333334,0.5,0.3333333333333333,0.5,26.13888888888889,14.690754516471838,6.656748140276301,1.1477151965993622,0.547945205479452,Kentucky,USA,Undrafted,Undrafted,Undrafted,0,61.0
1626150,Andrew Harrison,2016-17,22.0,72,1473.8733333333332,425,136,198,53,21,85,117,360,0.325,43,156,0.276,148,194,0.763,5.902777777777778,1.8888888888888888,2.75,0.7361111111111112,0.2916666666666667,1.1805555555555556,20.470462962962962,10.380810653109043,3.321859408994894,4.836236492507271,0.47714208730016167,Kentucky,USA,2015,2,44,0,44.0
1627791,Ben Bentil,2016-17,22.0,3,9.866666666666667,0,2,0,0,0,1,0,3,0.0,0,1,0.0,0,0,0.0,0.0,0.6666666666666666,0.0,0.0,0.0,0.3333333333333333,3.288888888888889,0.0,7.2972972972972965,0.0,0.0,Providence,Ghana,2016,2,51,0,51.0
1627742,Brandon Ingram,2016-17,19.0,79,2279.2616666666668,740,316,166,50,36,116,276,686,0.402,55,187,0.294,133,214,0.621,9.367088607594937,4.0,2.1012658227848102,0.6329113924050633,0.45569620253164556,1.4683544303797469,28.851413502109708,11.687995454668435,4.991089950912467,2.6219016830742703,0.47426168990976214,Duke,USA,2016,1,2,1,2.0
1627744,Brice Johnson,2016-17,23.0,3,9.216666666666667,4,3,1,2,1,1,2,7,0.286,0,0,0.0,0,0,0.0,1.3333333333333333,1.0,0.3333333333333333,0.6666666666666666,0.3333333333333333,0.3333333333333333,3.0722222222222224,15.623869801084991,11.717902350813743,3.905967450271248,0.2857142857142857,North Carolina,USA,2016,1,25,0,25.0
1627854,Bryn Forbes,2016-17,23.0,36,284.895,94,23,23,1,0,11,36,99,0.364,17,53,0.321,5,6,0.833,2.611111111111111,0.6388888888888888,0.6388888888888888,0.027777777777777776,0.0,0.3055555555555556,7.913749999999999,11.87806033801927,2.906333912494077,2.906333912494077,0.4624163715072806,Michigan State,USA,Undrafted,Undrafted,Undrafted,0,61.0
1627741,Buddy Hield,2016-17,24.0,82,1888.1833333333334,866,269,121,38,9,101,327,767,0.426,148,379,0.391,64,76,0.842,10.560975609756097,3.2804878048780486,1.475609756097561,0.4634146341463415,0.10975609756097561,1.2317073170731707,23.026626016260163,16.511108561139014,5.128739264372281,2.3069793717064906,0.540952476138124,Oklahoma,Bahamas,2016,1,6,0,6.0
1627747,Caris LeVert,2016-17,22.0,57,1236.8666666666666,468,188,110,49,8,59,171,380,0.45,59,184,0.321,67,93,0.72,8.210526315789474,3.2982456140350878,1.9298245614035088,0.8596491228070176,0.14035087719298245,1.0350877192982457,21.69941520467836,13.62151673583787,5.471891338328033,3.201638549021722,0.5559251164116696,Michigan,USA,2016,1,20,0,20.0
1626184,Chasson Randle,2016-17,24.0,26,299.0416666666667,137,32,34,9,2,19,40,98,0.408,16,47,0.34,41,43,0.953,5.269230769230769,1.2307692307692308,1.3076923076923077,0.34615384615384615,0.07692307692307693,0.7307692307692307,11.501602564102566,16.492684965863173,3.8523059774278945,4.093075101017138,0.5858706808073897,Stanford,USA,2015,,,0,61.0
1627767,Cheick Diallo,2016-17,20.0,17,198.655,87,73,4,4,7,7,36,76,0.474,0,0,0.0,15,21,0.714,5.117647058823529,4.294117647058823,0.23529411764705882,0.23529411764705882,0.4117647058823529,0.4117647058823529,11.685588235294118,15.766026528403513,13.22896478820065,0.7248747829151041,0.5103237916471141,Kansas,Mali,2016,2,33,0,33.0
1627778,Chinanu Onuaku,2016-17,20.0,5,51.6,14,10,3,3,1,4,5,7,0.714,0,0,0.0,4,4,1.0,2.8,2.0,0.6,0.6,0.2,0.8,10.32,9.767441860465116,6.976744186046511,2.0930232558139537,0.7990867579908676,Louisville,USA,2016,2,37,0,37.0
1627745,Damian Jones,2016-17,22.0,10,85.08333333333333,19,23,0,1,4,6,8,16,0.5,0,0,0.0,3,10,0.3,1.9,2.3,0.0,0.1,0.4,0.6,8.508333333333333,8.039177277179236,9.731635651322232,0.0,0.46568627450980393,Vanderbilt,USA,2016,1,30,0,30.0
1627849,Daniel Ochefu,2016-17,23.0,19,74.90333333333334,24,22,3,2,0,3,12,27,0.444,0,0,0.0,0,2,0.0,1.263157894736842,1.1578947368421053,0.15789473684210525,0.10526315789473684,0.0,0.15789473684210525,3.942280701754386,11.534867162120065,10.573628231943394,1.4418583952650081,0.430416068866571,Villanova,USA,Undrafted,Undrafted,Undrafted,0,61.0
1627863,Danuel House Jr.,2016-17,24.0,1,0.8266666666666667,0,1,0,0,0,0,0,0,0.0,0,0,0.0,0,0,0.0,0.0,1.0,0.0,0.0,0.0,0.0,0.8266666666666667,0.0,43.54838709677419,0.0,,Texas A&M,USA,Undrafted,Undrafted,Undrafted,0,61.0
203967,Dario Saric,2016-17,23.0,81,2129.0233333333335,1040,513,182,57,30,183,381,927,0.411,106,341,0.311,172,220,0.782,12.839506172839506,6.333333333333333,2.246913580246914,0.7037037037037037,0.37037037037037035,2.259259259259259,26.284238683127576,17.58552826256797,8.67439999874747,3.0774674459493943,0.5079117015042001,Anadolu Efes,Croatia,2014,1,12,0,12.0
1628021,David Nwaba,2016-17,24.0,20,397.2416666666667,120,63,14,13,7,11,47,81,0.58,1,5,0.2,25,39,0.641,6.0,3.15,0.7,0.65,0.35,0.55,19.862083333333334,10.874992133252219,5.709370869957414,1.2687490822127587,0.6112469437652812,Cal Poly-Obispo,USA,Undrafted,Undrafted,Undrafted,0,61.0
202722,Davis Bertans,2016-17,24.0,67,807.5583333333333,303,98,46,20,28,32,103,234,0.44,69,173,0.399,28,34,0.824,4.522388059701493,1.462686567164179,0.6865671641791045,0.29850746268656714,0.417910447761194,0.47761194029850745,12.053109452736317,13.507383367558589,4.368724653533801,2.0506258577811716,0.6085314910025706,Baskonia,Latvia,2011,2,42,0,42.0
1627761,DeAndre' Bembry,2016-17,22.0,38,370.74,101,59,28,8,5,16,47,98,0.48,1,18,0.056,6,16,0.375,2.6578947368421053,1.5526315789473684,0.7368421052631579,0.21052631578947367,0.13157894736842105,0.42105263157894735,9.756315789473684,9.807412202621784,5.729082375788963,2.7188865512218805,0.4807692307692307,St. Joseph's (PA),USA,2016,1,21,0,21.0
1627749,Dejounte Murray,2016-17,20.0,38,321.4816666666667,130,42,48,8,6,38,50,116,0.431,9,23,0.391,21,30,0.7,3.4210526315789473,1.105263157894737,1.263157894736842,0.21052631578947367,0.15789473684210525,1.0,8.460043859649124,14.557595300924365,4.703223097221717,5.375112111110535,0.5030959752321982,Washington,USA,2016,1,29,1,29.0
1627743,Demetrius Jackson,2016-17,22.0,5,17.013333333333332,10,4,3,0,0,0,3,4,0.75,1,1,1.0,3,6,0.5,2.0,0.8,0.6,0.0,0.0,0.0,3.4026666666666663,21.15987460815047,8.46394984326019,6.347962382445141,0.753012048192771,Notre Dame,USA,2016,2,45,0,45.0
1627756,Denzel Valentine,2016-17,23.0,57,976.5283333333333,291,151,63,30,7,49,102,288,0.354,73,208,0.351,14,18,0.778,5.105263157894737,2.6491228070175437,1.105263157894737,0.5263157894736842,0.12280701754385964,0.8596491228070176,17.13207602339181,10.727799329939224,5.566658758834442,2.3225132569971514,0.4916869424168694,Michigan State,USA,2016,1,14,0,14.0
1627884,Derrick Jones Jr.,2016-17,20.0,32,545.4,168,79,12,14,13,13,68,121,0.562,3,11,0.273,29,41,0.707,5.25,2.46875,0.375,0.4375,0.40625,0.40625,17.04375,11.08910891089109,5.214521452145215,0.7920792079207921,0.6041426927502878,UNLV,USA,Undrafted,Undrafted,Undrafted,0,61.0
1627738,Deyonta Davis,2016-17,20.0,36,238.05,58,60,2,3,17,8,24,47,0.511,0,0,0.0,10,18,0.556,1.6111111111111112,1.6666666666666667,0.05555555555555555,0.08333333333333333,0.4722222222222222,0.2222222222222222,6.612500000000001,8.771266540642722,9.073724007561436,0.3024574669187145,0.528040786598689,Michigan State,USA,2016,2,31,0,31.0
1627754,Diamond Stone,2016-17,20.0,7,24.255,10,6,0,0,1,2,3,13,0.231,0,0,0.0,4,4,1.0,1.4285714285714286,0.8571428571428571,0.0,0.0,0.14285714285714285,0.2857142857142857,3.465,14.842300556586272,8.905380333951763,0.0,0.33875338753387535,Maryland,USA,2016,2,40,0,40.0
1627734,Domantas Sabonis,2016-17,21.0,81,1631.4883333333332,479,288,82,39,32,83,192,481,0.399,51,159,0.321,44,67,0.657,5.91358024691358,3.5555555555555554,1.0123456790123457,0.48148148148148145,0.3950617283950617,1.0246913580246915,20.141831275720165,10.569490230290747,6.354933583139322,1.809390811866057,0.4691662748785457,Gonzaga,Lithuania,2016,1,11,1,11.0
1627827,Dorian Finney-Smith,2016-17,24.0,81,1641.8416666666667,350,222,67,52,25,45,124,333,0.372,56,191,0.293,46,61,0.754,4.320987654320987,2.740740740740741,0.8271604938271605,0.6419753086419753,0.30864197530864196,0.5555555555555556,20.269650205761316,7.674308830023196,4.867704457900427,1.4690819760330116,0.4863272565584705,Florida,USA,Undrafted,Undrafted,Undrafted,0,61.0
1627733,Dragan Bender,2016-17,19.0,43,573.6433333333333,146,103,23,10,22,32,57,161,0.354,28,101,0.277,4,11,0.364,3.395348837209302,2.395348837209302,0.5348837209302325,0.23255813953488372,0.5116279069767442,0.7441860465116279,13.340542635658915,9.162487724660505,6.463946819452273,1.4434056004602165,0.44018330921369997,Maccabi Tel Aviv,Croatia,2016,1,4,0,4.0
1627832,Fred VanVleet,2016-17,23.0,37,293.81,107,42,35,16,3,15,39,111,0.351,11,29,0.379,18,22,0.818,2.891891891891892,1.135135135135135,0.9459459459459459,0.43243243243243246,0.08108108108108109,0.40540540540540543,7.940810810810811,13.110513597222694,5.146182907321058,4.288485756100882,0.44332117998011267,Wichita State,USA,Undrafted,Undrafted,Undrafted,1,61.0
1627780,Gary Payton II,2016-17,24.0,6,99.23333333333333,20,12,13,3,4,10,8,22,0.364,1,9,0.111,3,5,0.6,3.3333333333333335,2.0,2.1666666666666665,0.5,0.6666666666666666,1.6666666666666667,16.538888888888888,7.255626469600268,4.353375881760161,4.716157205240175,0.4132231404958678,Oregon State,USA,Undrafted,Undrafted,Undrafted,0,61.0
1627777,Georges Niang,2016-17,24.0,23,92.73166666666667,21,17,5,3,0,5,9,36,0.25,1,12,0.083,2,2,1.0,0.9130434782608695,0.7391304347826086,0.21739130434782608,0.13043478260869565,0.0,0.21739130434782608,4.031811594202899,8.15255486259638,6.599687269720879,1.9410844910943763,0.28470715835141,Iowa State,USA,2016,2,50,0,50.0
1627834,Georgios Papagiannis,2016-17,19.0,22,355.01666666666665,124,86,20,3,17,24,56,102,0.549,0,2,0.0,12,14,0.857,5.636363636363637,3.909090909090909,0.9090909090909091,0.13636363636363635,0.7727272727272727,1.0909090909090908,16.13712121212121,12.574057555983288,8.720717337214216,2.028073799352143,0.5732248520710059,Panathinaikos,Greece,2016,1,13,0,13.0
1627740,Henry Ellenson,2016-17,20.0,19,146.24333333333334,60,41,7,1,1,14,23,64,0.359,10,35,0.286,4,8,0.5,3.1578947368421053,2.1578947368421053,0.3684210526315789,0.05263157894736842,0.05263157894736842,0.7368421052631579,7.6970175438596495,14.769904041209855,10.0927677614934,1.723155471474483,0.4443127962085308,Marquette,USA,2016,1,18,0,18.0
1627819,Isaiah Taylor,2016-17,22.0,4,52.0,3,3,3,1,1,0,1,7,0.143,0,2,0.0,1,2,0.5,0.75,0.75,0.75,0.25,0.25,0.0,13.0,2.076923076923077,2.076923076923077,2.076923076923077,0.1903553299492386,Texas,USA,2016,,,0,61.0
1627785,Isaiah Whitehead,2016-17,22.0,73,1643.4716666666666,543,184,192,42,36,142,204,508,0.402,44,149,0.295,91,113,0.805,7.438356164383562,2.5205479452054793,2.6301369863013697,0.5753424657534246,0.4931506849315068,1.9452054794520548,22.513310502283105,11.894333438463091,4.030492362204805,4.205731160561535,0.4868034138994477,Seton Hall,USA,2016,2,42,0,42.0
1627826,Ivica Zubac,2016-17,20.0,38,608.515,284,159,30,14,33,30,126,238,0.529,0,3,0.0,32,49,0.653,7.473684210526316,4.184210526315789,0.7894736842105263,0.3684210526315789,0.868421052631579,0.7894736842105263,16.013552631578946,16.8015578909312,9.406506002317116,1.7748124532673804,0.5470796732932656,Mega Basket,Croatia,2016,2,32,0,32.0
1627774,Jake Layman,2016-17,23.0,35,248.77666666666667,78,24,11,9,3,11,26,89,0.292,13,51,0.255,13,17,0.765,2.2285714285714286,0.6857142857142857,0.3142857142857143,0.2571428571428571,0.08571428571428572,0.3142857142857143,7.107904761904762,11.287232189514022,3.4729945198504684,1.5917891549314647,0.404228855721393,Maryland,USA,2016,2,47,0,47.0
1627751,Jakob Poeltl,2016-17,21.0,54,626.43,165,165,12,17,20,29,67,115,0.583,0,0,0.0,31,57,0.544,3.0555555555555554,3.0555555555555554,0.2222222222222222,0.3148148148148148,0.37037037037037035,0.5370370370370371,11.600555555555555,9.482304487332984,9.482304487332984,0.689622144533308,0.5889491719017703,Utah,Austria,2016,1,9,0,9.0
1627750,Jamal Murray,2016-17,20.0,82,1764.6433333333334,811,214,170,51,24,113,295,730,0.404,115,344,0.334,106,120,0.883,9.890243902439025,2.6097560975609757,2.073170731707317,0.6219512195121951,0.2926829268292683,1.3780487804878048,21.520040650406504,16.544986427852276,4.3657547417514015,3.468122925690366,0.518012263668881,Kentucky,Canada,2016,1,7,0,7.0
1627784,Jarrod Uthoff,2016-17,24.0,9,114.74666666666667,40,22,9,2,4,3,16,38,0.421,3,9,0.333,5,7,0.714,4.444444444444445,2.4444444444444446,1.0,0.2222222222222222,0.4444444444444444,0.3333333333333333,12.74962962962963,12.549384150592608,6.902161282825935,2.823611433883337,0.48685491723466406,Iowa,USA,Undrafted,Undrafted,Undrafted,0,61.0
1627759,Jaylen Brown,2016-17,20.0,78,1341.3266666666666,515,220,64,35,18,68,192,422,0.455,46,134,0.343,85,124,0.685,6.602564102564102,2.8205128205128207,0.8205128205128205,0.44871794871794873,0.23076923076923078,0.8717948717948718,17.196495726495726,13.822136292923922,5.9046019115403166,1.7177023742662738,0.5403307033741817,California,USA,2016,1,3,1,3.0
1627762,Joel Bolomboy,2016-17,23.0,12,52.53333333333333,22,17,2,1,2,2,9,16,0.563,1,4,0.25,3,6,0.5,1.8333333333333333,1.4166666666666667,0.16666666666666666,0.08333333333333333,0.16666666666666666,0.16666666666666666,4.377777777777777,15.076142131979697,11.649746192893401,1.3705583756345179,0.5901287553648068,Weber State,Ukraine,2016,2,52,0,52.0
203954,Joel Embiid,2016-17,23.0,31,786.06,627,243,66,27,76,117,200,429,0.466,36,98,0.367,191,244,0.783,20.225806451612904,7.838709677419355,2.129032258064516,0.8709677419354839,2.4516129032258065,3.774193548387097,25.356774193548386,28.715365239294712,11.128921456377377,3.022670025188917,0.5844954881050041,Kansas,Cameroon,2014,1,3,1,3.0
1626780,Jonathan Gibson,2016-17,29.0,17,231.21,106,22,26,8,0,21,35,95,0.368,15,45,0.333,21,29,0.724,6.235294117647059,1.2941176470588236,1.5294117647058822,0.47058823529411764,0.0,1.2352941176470589,13.600588235294119,16.504476449980537,3.425457376411055,4.048267808485792,0.491833704528582,New Mexico State,USA,Undrafted,Undrafted,Undrafted,0,61.0
1627823,Juancho Hernangomez,2016-17,21.0,62,841.9016666666666,305,187,29,30,12,31,101,224,0.451,46,113,0.407,57,76,0.75,4.919354838709677,3.0161290322580645,0.46774193548387094,0.4838709677419355,0.1935483870967742,0.5,13.579059139784945,13.041903151793264,7.996183243886361,1.2400498078754247,0.5923710379117464,Estudiantes,Spain,2016,1,15,0,15.0
1627770,Kay Felder,2016-17,22.0,42,385.75,166,41,58,18,7,30,62,158,0.392,7,22,0.318,35,49,0.714,3.9523809523809526,0.9761904761904762,1.380952380952381,0.42857142857142855,0.16666666666666666,0.7142857142857143,9.18452380952381,15.491898898250163,3.8263123784834736,5.412832145171743,0.46224103363778124,Oakland,USA,2016,2,54,0,54.0
1627739,Kris Dunn,2016-17,23.0,78,1333.0,293,166,188,78,36,89,118,313,0.377,21,73,0.288,36,59,0.61,3.7564102564102564,2.128205128205128,2.41025641025641,1.0,0.46153846153846156,1.141025641025641,17.08974358974359,7.912978244561141,4.483120780195049,5.077269317329332,0.4322043898985131,Providence,USA,2016,1,5,0,5.0
1627787,Kyle Wiltjer,2016-17,24.0,14,43.88333333333333,13,10,2,3,1,5,4,14,0.286,4,13,0.308,1,2,0.5,0.9285714285714286,0.7142857142857143,0.14285714285714285,0.21428571428571427,0.07142857142857142,0.35714285714285715,3.1345238095238095,10.664641093809344,8.203570072161034,1.6407140144322065,0.4368279569892473,Gonzaga,Canada,Undrafted,Undrafted,Undrafted,0,61.0
1627781,Malachi Richardson,2016-17,21.0,22,198.11833333333334,79,23,11,5,1,8,28,68,0.412,8,28,0.286,15,19,0.789,3.590909090909091,1.0454545454545454,0.5,0.22727272727272727,0.045454545454545456,0.36363636363636365,9.005378787878788,14.35505716280674,4.179320439804494,1.998805427732584,0.5172865374541645,Syracuse,USA,2016,1,22,0,22.0
1627763,Malcolm Brogdon,2016-17,24.0,75,1982.39,767,213,317,84,12,113,290,635,0.457,78,193,0.404,109,126,0.865,10.226666666666667,2.84,4.226666666666667,1.12,0.16,1.5066666666666666,26.431866666666668,13.928641690081163,3.8680582529169336,5.756687634622854,0.5554429059730027,Virginia,USA,2016,2,36,0,36.0
1627098,Malcolm Delaney,2016-17,28.0,73,1247.55,391,123,193,39,1,95,145,388,0.374,26,110,0.236,75,93,0.806,5.3561643835616435,1.6849315068493151,2.643835616438356,0.5342465753424658,0.0136986301369863,1.3013698630136987,17.08972602739726,11.282914512444393,3.5493567392088496,5.569315859083804,0.4557959526251982,Virginia Tech,USA,Undrafted,Undrafted,Undrafted,0,61.0
1627736,Malik Beasley,2016-17,20.0,22,164.895,83,17,11,7,0,8,33,73,0.452,9,28,0.321,8,10,0.8,3.772727272727273,0.7727272727272727,0.5,0.3181818181818182,0.0,0.36363636363636365,7.4952272727272735,18.12062221413627,3.711452742654416,2.401528245246975,0.5361757105943152,Florida State,USA,2016,1,19,0,19.0
1627875,Marcus Georges-Hunt,2016-17,23.0,5,47.516666666666666,14,9,3,1,0,2,2,7,0.286,1,2,0.5,9,10,0.9,2.8,1.8,0.6,0.2,0.0,0.4,9.503333333333334,10.606804629954404,6.818660119256401,2.2728867064188005,0.6140350877192983,Georgia Tech,USA,Undrafted,Undrafted,Undrafted,0,61.0
1627737,Marquese Chriss,2016-17,19.0,82,1743.36,753,348,60,67,70,108,284,632,0.449,72,224,0.321,113,181,0.624,9.182926829268293,4.2439024390243905,0.7317073170731707,0.8170731707317073,0.8536585365853658,1.3170731707317074,21.260487804878046,15.549284140969164,7.186123348017621,1.2389867841409692,0.5290596368950593,Washington,USA,2016,1,8,0,8.0
1627850,Marshall Plumlee,2016-17,24.0,21,170.18,40,51,10,4,4,12,16,30,0.533,0,0,0.0,8,19,0.421,1.9047619047619047,2.4285714285714284,0.47619047619047616,0.19047619047619047,0.19047619047619047,0.5714285714285714,8.103809523809524,8.461628863556234,10.788576801034198,2.1154072158890584,0.5213764337851929,Duke,USA,Undrafted,Undrafted,Undrafted,0,61.0
1626254,Maurice Ndour,2016-17,25.0,32,331.455,98,64,8,15,8,12,39,86,0.453,1,7,0.143,19,26,0.731,3.0625,2.0,0.25,0.46875,0.25,0.375,10.35796875,10.643978820654388,6.9511698420600085,0.8688962302575011,0.5028735632183908,Ohio,Senegal,Undrafted,Undrafted,Undrafted,0,61.0
1627771,Michael Gbinije,2016-17,25.0,9,31.55,4,3,2,0,0,0,1,10,0.1,0,4,0.0,2,2,1.0,0.4444444444444444,0.3333333333333333,0.2222222222222222,0.0,0.0,0.0,3.5055555555555555,4.56418383518225,3.4231378763866878,2.282091917591125,0.1838235294117647,Syracuse,USA,2016,2,49,0,49.0
1627861,Mike Tobey,2016-17,22.0,2,25.183333333333334,2,3,1,0,0,1,1,4,0.25,0,0,0.0,0,0,0.0,1.0,1.5,0.5,0.0,0.0,0.5,12.591666666666667,2.8590337524817997,4.2885506287227,1.4295168762408998,0.25,Virginia,USA,Undrafted,Undrafted,Undrafted,0,61.0
1627851,Mindaugas Kuzminskas,2016-17,27.0,68,1016.3083333333333,425,126,69,29,11,51,158,369,0.428,54,168,0.321,55,68,0.809,6.25,1.8529411764705883,1.0147058823529411,0.4264705882352941,0.16176470588235295,0.75,14.945710784313725,15.054486417343819,4.463212443730168,2.4441401477569964,0.532688258297403,Malaga,Lithuania,Undrafted,Undrafted,Undrafted,0,61.0
1627852,Nicolas Brussino,2016-17,24.0,54,521.3783333333333,150,95,47,17,8,26,52,141,0.369,29,95,0.305,17,22,0.773,2.7777777777777777,1.7592592592592593,0.8703703703703703,0.3148148148148148,0.14814814814814814,0.48148148148148145,9.655154320987654,10.35716226540548,6.559536101423471,3.245244176493717,0.4977435625165914,Penarol,Argentina,Undrafted,Undrafted,Undrafted,0,61.0
1627879,Nicolas Laprovittola,2016-17,27.0,18,173.95333333333335,59,10,28,4,1,19,20,47,0.426,10,27,0.37,9,9,1.0,3.2777777777777777,0.5555555555555556,1.5555555555555556,0.2222222222222222,0.05555555555555555,1.0555555555555556,9.664074074074074,12.21017131031311,2.0695205610700187,5.794657570996052,0.5788854003139717,Estudiantes,Argentina,Undrafted,Undrafted,Undrafted,0,61.0
1627855,Okaro White,2016-17,24.0,35,471.175,98,82,21,10,10,18,33,87,0.379,12,34,0.353,20,22,0.909,2.8,2.342857142857143,0.6,0.2857142857142857,0.2857142857142857,0.5142857142857142,13.462142857142858,7.487663819175466,6.265188093595798,1.6044993898233142,0.5068266446007447,Florida State,USA,Undrafted,Undrafted,Undrafted,0,61.0
1627783,Pascal Siakam,2016-17,23.0,55,859.0866666666667,229,185,17,26,45,33,103,205,0.502,1,7,0.143,22,32,0.688,4.163636363636364,3.3636363636363638,0.3090909090909091,0.4727272727272727,0.8181818181818182,0.6,15.619757575757577,9.59623786501944,7.752419235932734,0.7123844703289539,0.5226401314588278,New Mexico State,Cameroon,2016,1,27,1,27.0
1627868,Patricio Garino,2016-17,24.0,5,43.11666666666667,0,7,0,0,0,3,0,7,0.0,0,5,0.0,0,0,0.0,0.0,1.4,0.0,0.0,0.0,0.6,8.623333333333333,0.0,5.844607653652879,0.0,0.0,George Washington,Argentina,Undrafted,Undrafted,Undrafted,0,61.0
1627775,Patrick McCaw,2016-17,21.0,71,1073.995,282,100,77,32,15,36,106,245,0.433,41,123,0.333,29,37,0.784,3.971830985915493,1.408450704225352,1.0845070422535212,0.4507042253521127,0.2112676056338028,0.5070422535211268,15.126690140845069,9.452557972802481,3.3519709123413053,2.581017602502805,0.5396509491733007,UNLV,USA,2016,2,38,0,38.0
1627835,Paul Zipser,2016-17,23.0,44,843.38,240,125,36,15,16,40,88,221,0.398,33,99,0.333,31,40,0.775,5.454545454545454,2.840909090909091,0.8181818181818182,0.3409090909090909,0.36363636363636365,0.9090909090909091,19.167727272727273,10.24449239963006,5.335673124807323,1.5366738599445091,0.5029337803855826,Bayern Munich,Germany,2016,2,48,0,48.0
203510,Pierre Jackson,2016-17,25.0,9,84.40166666666667,35,9,19,2,0,3,13,39,0.333,3,11,0.273,6,7,0.857,3.888888888888889,1.0,2.111111111111111,0.2222222222222222,0.0,0.3333333333333333,9.377962962962963,14.928615153729192,3.838786753816078,8.104105369167275,0.41587452471482894,Baylor,USA,2013,2,42,0,42.0
1626188,Quinn Cook,2016-17,24.0,14,187.46,79,7,26,4,0,13,33,66,0.5,11,26,0.423,2,5,0.4,5.642857142857143,0.5,1.8571428571428572,0.2857142857142857,0.0,0.9285714285714286,13.39,15.17123653045983,1.344286781179985,4.993065187239944,0.5791788856304985,Duke,USA,Undrafted,Undrafted,Undrafted,0,61.0
203585,Rodney McGruder,2016-17,25.0,78,1965.8866666666668,497,256,124,46,18,56,190,460,0.413,73,220,0.332,44,71,0.62,6.371794871794871,3.282051282051282,1.5897435897435896,0.5897435897435898,0.23076923076923078,0.717948717948718,25.203675213675215,9.101236761698706,4.687960987917242,2.270731103522414,0.5058627147626414,Kansas State,USA,Undrafted,Undrafted,Undrafted,0,61.0
1627758,Ron Baker,2016-17,24.0,52,857.0333333333333,215,98,107,34,8,56,82,217,0.378,23,86,0.267,28,43,0.651,4.134615384615385,1.8846153846153846,2.0576923076923075,0.6538461538461539,0.15384615384615385,1.0769230769230769,16.481410256410257,9.031153980786435,4.116526000544514,4.494574306716969,0.4556629365886741,Wichita State,USA,Undrafted,Undrafted,Undrafted,0,61.0
203902,Semaj Christon,2016-17,24.0,64,972.6416666666667,183,87,130,28,7,43,77,223,0.345,12,63,0.19,17,31,0.548,2.859375,1.359375,2.03125,0.4375,0.109375,0.671875,15.197526041666666,6.773306373535989,3.2200964726646504,4.811638407429937,0.3866632860040568,Xavier,USA,2014,2,55,0,55.0
1627848,Shawn Long,2016-17,24.0,18,233.615,148,85,13,9,9,13,61,109,0.56,7,19,0.368,19,35,0.543,8.222222222222221,4.722222222222222,0.7222222222222222,0.5,0.5,0.7222222222222222,12.978611111111112,22.806754703251077,13.098473984975278,2.003296021231513,0.5948553054662379,Louisiana-Lafayette,USA,Undrafted,Undrafted,Undrafted,0,61.0
1627815,Sheldon Mac,2016-17,24.0,30,286.7633333333333,90,34,15,8,2,5,30,75,0.4,7,30,0.233,23,27,0.852,3.0,1.1333333333333333,0.5,0.26666666666666666,0.06666666666666667,0.16666666666666666,9.558777777777777,11.298515616826883,4.268328121912378,1.883085936137814,0.5179558011049724,Miami,USA,2016,,,0,61.0
1627746,Skal Labissiere,2016-17,21.0,33,611.6383333333333,289,162,27,16,13,37,117,218,0.537,3,8,0.375,52,74,0.703,8.757575757575758,4.909090909090909,0.8181818181818182,0.48484848484848486,0.3939393939393939,1.121212121212121,18.53449494949495,17.01005223675211,9.535046582539245,1.5891744304232076,0.5767081736909323,Kentucky,Haiti,2016,1,28,0,28.0
1627757,Stephen Zimmerman,2016-17,20.0,19,107.76,23,35,4,2,5,3,10,31,0.323,0,0,0.0,3,5,0.6,1.2105263157894737,1.8421052631578947,0.21052631578947367,0.10526315789473684,0.2631578947368421,0.15789473684210525,5.671578947368421,7.683741648106904,11.692650334075724,1.3363028953229397,0.3463855421686747,UNLV,USA,2016,2,41,0,41.0
1627752,Taurean Prince,2016-17,23.0,59,981.4416666666667,335,157,55,43,27,61,114,285,0.4,33,102,0.324,74,94,0.787,5.677966101694915,2.6610169491525424,0.9322033898305084,0.7288135593220338,0.4576271186440678,1.0338983050847457,16.634604519774012,12.28804564713474,5.758875124179565,2.0174403301265995,0.5132369162887609,Baylor,USA,2016,1,12,0,12.0
1627748,Thon Maker,2016-17,20.0,57,562.1883333333334,226,114,23,10,26,17,83,181,0.459,28,74,0.378,32,49,0.653,3.9649122807017543,2.0,0.40350877192982454,0.17543859649122806,0.45614035087719296,0.2982456140350877,9.86295321637427,14.472018570289315,7.300044765544167,1.4728160491887357,0.5578593996840442,Athlete Institute Prep,South Sudan,2016,1,10,0,10.0
1627817,Tim Quarterman,2016-17,22.0,16,80.04166666666667,31,14,11,2,3,11,13,29,0.448,5,13,0.385,0,3,0.0,1.9375,0.875,0.6875,0.125,0.1875,0.6875,5.002604166666667,13.942738157209787,6.296720458094742,4.947423217074441,0.5112137203166227,Louisiana State,USA,2016,,,0,61.0
1627789,Timothe Luwawu-Cabarrot,2016-17,22.0,69,1189.91,445,149,75,32,10,73,145,361,0.402,50,161,0.311,105,123,0.854,6.449275362318841,2.1594202898550723,1.0869565217391304,0.463768115942029,0.14492753623188406,1.0579710144927537,17.245072463768118,13.46320309939407,4.507903959122959,2.2690791740551806,0.5359895933705916,Mega Basket,France,2016,1,24,0,24.0
203107,Tomas Satoransky,2016-17,25.0,57,719.2083333333334,154,83,92,26,6,38,61,147,0.415,9,37,0.243,23,33,0.697,2.7017543859649122,1.456140350877193,1.6140350877192982,0.45614035087719296,0.10526315789473684,0.6666666666666666,12.617690058479532,7.708475754591275,4.154568101500492,4.605063437807774,0.4767211490837048,FC Barcelona,Czech Republic,2012,2,32,0,32.0
1626203,Treveon Graham,2016-17,23.0,27,188.90333333333334,57,22,6,6,1,3,19,40,0.475,9,15,0.6,10,15,0.667,2.111111111111111,0.8148148148148148,0.2222222222222222,0.2222222222222222,0.037037037037037035,0.1111111111111111,6.99641975308642,10.862698734802631,4.192620564309788,1.1434419720844877,0.6115879828326181,Va Commonwealth,USA,Undrafted,Undrafted,Undrafted,0,61.0
1627786,Troy Williams,2016-17,22.0,30,556.5866666666667,185,69,25,27,10,32,73,167,0.437,18,62,0.29,21,32,0.656,6.166666666666667,2.3,0.8333333333333334,0.9,0.3333333333333333,1.0666666666666667,18.55288888888889,11.965791490992716,4.4629168263702566,1.616998850134151,0.5108239452175833,Indiana,USA,Undrafted,Undrafted,Undrafted,0,61.0
1627755,Tyler Ulis,2016-17,21.0,61,1122.73,444,95,226,48,5,77,184,437,0.421,21,79,0.266,55,71,0.775,7.278688524590164,1.5573770491803278,3.7049180327868854,0.7868852459016393,0.08196721311475409,1.2622950819672132,18.405409836065573,14.236726550461821,3.046146446607822,7.246622072982818,0.4741158380317786,Kentucky,USA,2016,2,34,0,34.0
1627735,Wade Baldwin IV,2016-17,21.0,33,404.955,106,46,61,18,7,39,36,115,0.313,3,22,0.136,31,37,0.838,3.212121212121212,1.393939393939394,1.8484848484848484,0.5454545454545454,0.21212121212121213,1.1818181818181819,12.271363636363636,9.423269252139129,4.089343260362263,5.422824758306478,0.4037172455819622,Vanderbilt,USA,2016,1,17,0,17.0
1627782,Wayne Selden,2016-17,22.0,14,236.00333333333333,71,16,13,6,1,12,25,58,0.431,7,28,0.25,14,22,0.636,5.071428571428571,1.1428571428571428,0.9285714285714286,0.42857142857142855,0.07142857142857142,0.8571428571428571,16.857380952380954,10.830355503453342,2.4406434937359647,1.983022838660471,0.5245271867612292,Kansas,USA,2016,,,0,61.0
1626195,Willy Hernangomez,2016-17,23.0,72,1324.41,587,502,96,41,36,100,246,465,0.529,4,15,0.267,91,125,0.728,8.152777777777779,6.972222222222222,1.3333333333333333,0.5694444444444444,0.5,1.3888888888888888,18.394583333333333,15.955784084988787,13.645321312886493,2.609463836727297,0.5644230769230769,Cajasol Sevilla,Spain,2015,2,35,0,35.0
1627812,Yogi Ferrell,2016-17,24.0,46,1197.0116666666668,462,111,172,42,9,70,160,394,0.406,68,176,0.386,74,89,0.831,10.043478260869565,2.4130434782608696,3.739130434782609,0.9130434782608695,0.1956521739130435,1.5217391304347827,26.02199275362319,13.894601417140182,3.338313327494719,5.172881912874701,0.5332902391725921,Indiana,USA,Undrafted,Undrafted,Undrafted,0,61.0
1628935,Aaron Jackson,2017-18,32.0,1,34.5,8,3,1,0,0,1,3,9,0.333,1,4,0.25,1,2,0.5,8.0,3.0,1.0,0.0,0.0,1.0,34.5,8.347826086956522,3.1304347826086953,1.0434782608695652,0.4048582995951417,Duquesne,USA,Undrafted,Undrafted,Undrafted,0,61.0
1627846,Abdel Nader,2017-18,24.0,48,521.5266666666666,146,71,26,15,10,34,50,149,0.336,23,65,0.354,23,39,0.59,3.0416666666666665,1.4791666666666667,0.5416666666666666,0.3125,0.20833333333333334,0.7083333333333334,10.865138888888888,10.078104027918036,4.900995794398497,1.7947308542867737,0.43933558016369767,Iowa State,Egypt,2016,2,58,0,58.0
1628409,Alec Peters,2017-18,23.0,20,224.855,82,37,12,2,2,4,28,74,0.378,18,58,0.31,8,10,0.8,4.1,1.85,0.6,0.1,0.1,0.2,11.24275,13.128460563474238,5.923817571323742,1.9212381312401328,0.5229591836734694,Valparaiso,USA,2017,2,54,0,54.0
1627936,Alex Caruso,2017-18,24.0,37,561.91,134,65,75,23,10,42,50,116,0.431,13,43,0.302,21,30,0.7,3.6216216216216215,1.7567567567567568,2.027027027027027,0.6216216216216216,0.2702702702702703,1.135135135135135,15.186756756756756,8.585004716057732,4.164367959281735,4.8050399530173875,0.5185758513931888,Texas A&M,USA,Undrafted,Undrafted,Undrafted,0,61.0
1628035,Alfonzo McKinnie,2017-18,25.0,14,53.43833333333333,21,7,1,1,1,3,8,15,0.533,3,9,0.333,2,3,0.667,1.5,0.5,0.07142857142857142,0.07142857142857142,0.07142857142857142,0.21428571428571427,3.8170238095238096,14.14714780276331,4.715715934254437,0.673673704893491,0.6433823529411764,Wisc.-Green Bay,USA,Undrafted,Undrafted,Undrafted,0,61.0
201281,Andre Ingram,2017-18,32.0,2,64.13333333333334,24,6,7,3,3,3,8,17,0.471,5,9,0.556,3,3,1.0,12.0,3.0,3.5,1.5,1.5,1.5,32.06666666666667,13.47193347193347,3.3679833679833675,3.929313929313929,0.6550218340611353,American University,USA,Undrafted,Undrafted,Undrafted,0,61.0
1628510,Andrew White III,2017-18,25.0,15,209.10666666666665,69,34,6,3,1,8,25,73,0.342,18,49,0.367,1,4,0.25,4.6,2.2666666666666666,0.4,0.2,0.06666666666666667,0.5333333333333333,13.940444444444443,11.879104763119301,5.853471912261685,1.0329656315755913,0.4614767255216693,Syracuse,USA,2017,,,0,61.0
1627790,Ante Zizic,2017-18,21.0,32,214.24,119,60,5,2,13,11,49,67,0.731,0,0,0.0,21,29,0.724,3.71875,1.875,0.15625,0.0625,0.40625,0.34375,6.695,19.996265870052277,10.082150858849888,0.8401792382374906,0.745987963891675,Darussafaka,Croatia,2016,1,23,0,23.0
1628469,Antonio Blakeney,2017-18,21.0,19,313.9,151,33,20,7,1,11,53,143,0.371,15,52,0.288,30,39,0.769,7.947368421052632,1.736842105263158,1.0526315789473684,0.3684210526315789,0.05263157894736842,0.5789473684210527,16.521052631578947,17.31761707550175,3.78464479133482,2.2937241159604973,0.4714035964035964,Louisiana State,USA,Undrafted,Undrafted,Undrafted,0,61.0
1628499,Antonius Cleveland,2017-18,24.0,17,122.53,23,14,2,7,5,7,8,21,0.381,3,4,0.75,4,6,0.667,1.3529411764705883,0.8235294117647058,0.11764705882352941,0.4117647058823529,0.29411764705882354,0.4117647058823529,7.20764705882353,6.757528768464866,4.113278380804701,0.5876111972578144,0.48646362098138746,S.E. Missouri,USA,Undrafted,Undrafted,Undrafted,0,61.0
1628389,Bam Adebayo,2017-18,20.0,69,1368.185,477,381,101,32,41,66,174,340,0.512,0,7,0.0,129,179,0.721,6.913043478260869,5.521739130434782,1.463768115942029,0.463768115942029,0.5942028985507246,0.9565217391304348,19.82876811594203,12.550934266930277,10.02496007484368,2.65753534792444,0.5695386378832744,Kentucky,USA,2017,1,14,1,14.0
1628500,Ben Moore,2017-18,23.0,2,9.283333333333333,0,1,1,0,0,0,0,0,0.0,0,0,0.0,0,0,0.0,0.0,0.5,0.5,0.0,0.0,0.0,4.641666666666667,0.0,3.8779174147217232,3.8779174147217232,,Southern Methodist,USA,Undrafted,Undrafted,Undrafted,0,61.0
1627732,Ben Simmons,2017-18,21.0,81,2731.5533333333333,1279,659,661,140,70,278,544,998,0.545,0,11,0.0,191,341,0.56,15.790123456790123,8.135802469135802,8.160493827160494,1.728395061728395,0.8641975308641975,3.432098765432099,33.72288065843621,16.856343033145976,8.685168146085378,8.711526774753315,0.5570363401972057,Louisiana State,Australia,2016,1,1,1,1.0
203992,Bogdan Bogdanović,2017-18,25.0,78,2175.155,917,223,258,72,16,125,344,772,0.446,129,329,0.392,100,119,0.84,11.756410256410257,2.858974358974359,3.3076923076923075,0.9230769230769231,0.20512820512820512,1.6025641025641026,27.886602564102567,15.17684946590013,3.6907714622636085,4.270040525847583,0.5561890436217186,Fenerbahce,Serbia,2014,1,27,0,27.0
203464,Brandon Paul,2017-18,27.0,64,575.84,147,68,37,25,7,29,55,127,0.433,15,54,0.278,22,43,0.512,2.296875,1.0625,0.578125,0.390625,0.109375,0.453125,8.9975,9.190052792442346,4.251180883578772,2.313142539594332,0.5037006578947368,Illinois,USA,Undrafted,Undrafted,Undrafted,0,61.0
203710,C.J. Williams,2017-18,28.0,38,706.5016666666667,209,56,43,31,13,20,87,197,0.442,22,78,0.282,13,16,0.813,5.5,1.4736842105263157,1.131578947368421,0.8157894736842105,0.34210526315789475,0.5263157894736842,18.59214912280702,10.649656405623013,2.853496453181285,2.1910776336927724,0.5121544795138209,North Carolina State,USA,2012,0,0,0,61.0
1628403,Caleb Swanigan,2017-18,21.0,27,189.34666666666666,61,54,14,5,3,18,24,60,0.4,1,8,0.125,12,18,0.667,2.259259259259259,2.0,0.5185185185185185,0.18518518518518517,0.1111111111111111,0.6666666666666666,7.012839506172839,11.597774804591227,10.26688261390043,2.661784381381593,0.449057714958775,Purdue,USA,2017,1,26,0,26.0
1626224,Cedi Osman,2017-18,23.0,61,672.4933333333333,238,120,41,22,3,32,90,186,0.484,32,87,0.368,26,46,0.565,3.901639344262295,1.9672131147540983,0.6721311475409836,0.36065573770491804,0.04918032786885246,0.5245901639344263,11.02448087431694,12.740646747427483,6.423855502904614,2.194817296825743,0.5769976726144298,Anadolu Efes,Turkey,2015,2,31,0,31.0
1628429,Charles Cooke,2017-18,23.0,13,38.105,6,2,1,1,0,1,2,14,0.143,1,8,0.125,1,2,0.5,0.46153846153846156,0.15384615384615385,0.07692307692307693,0.07692307692307693,0.0,0.07692307692307693,2.9311538461538458,5.668547434719853,1.8895158115732846,0.9447579057866423,0.20161290322580644,Dayton,USA,Undrafted,Undrafted,Undrafted,0,61.0
1628391,D.J. Wilson,2017-18,22.0,22,71.09833333333333,21,10,3,3,1,4,9,16,0.563,2,5,0.4,1,2,0.5,0.9545454545454546,0.45454545454545453,0.13636363636363635,0.13636363636363635,0.045454545454545456,0.18181818181818182,3.231742424242424,10.633160646053588,5.06340983145409,1.5190229494362268,0.6220379146919431,Michigan,USA,2017,1,17,0,17.0
1626177,Dakari Johnson,2017-18,22.0,31,161.37,55,34,8,6,8,3,22,39,0.564,0,0,0.0,11,20,0.55,1.7741935483870968,1.096774193548387,0.25806451612903225,0.1935483870967742,0.25806451612903225,0.0967741935483871,5.2054838709677425,12.269938650306749,7.585052983825989,1.784718349135527,0.5753138075313808,Kentucky,USA,2015,2,48,0,48.0
1627814,Damion Lee,2017-18,25.0,15,404.4116666666667,161,71,29,19,1,14,62,152,0.408,15,60,0.25,22,29,0.759,10.733333333333333,4.733333333333333,1.9333333333333333,1.2666666666666666,0.06666666666666667,0.9333333333333333,26.96077777777778,14.331930747134727,6.320292441283016,2.581527898552218,0.4885894634620054,Drexel,USA,Undrafted,Undrafted,Undrafted,0,61.0
1628422,Damyean Dotson,2017-18,24.0,44,474.06166666666667,182,84,31,12,2,17,72,161,0.447,22,68,0.324,16,23,0.696,4.136363636363637,1.9090909090909092,0.7045454545454546,0.2727272727272727,0.045454545454545456,0.38636363636363635,10.774128787878787,13.820986721136842,6.378916948217004,2.3541241118419896,0.5317905563347358,Houston,USA,2017,2,44,0,44.0
1627772,Daniel Hamilton,2017-18,22.0,6,27.72833333333333,12,5,8,1,0,2,5,11,0.455,2,5,0.4,0,0,0.0,2.0,0.8333333333333334,1.3333333333333333,0.16666666666666666,0.0,0.3333333333333333,4.621388888888888,15.579731922822624,6.49155496784276,10.386487948548416,0.5454545454545454,Connecticut,USA,2016,2,56,0,56.0
1628464,Daniel Theis,2017-18,26.0,63,935.63,331,274,56,30,48,56,126,233,0.541,18,58,0.31,61,81,0.753,5.253968253968254,4.349206349206349,0.8888888888888888,0.47619047619047616,0.7619047619047619,0.8888888888888888,14.851269841269842,12.735803683079851,10.542629030706582,2.154697904086017,0.6160661107802263,Brose Bamberg,Germany,Undrafted,Undrafted,Undrafted,0,61.0
1628432,Davon Reed,2017-18,23.0,21,242.15833333333333,63,39,13,10,2,10,22,76,0.289,11,38,0.289,8,12,0.667,3.0,1.8571428571428572,0.6190476190476191,0.47619047619047616,0.09523809523809523,0.47619047619047616,11.531349206349207,9.365773082349701,5.797859527168863,1.932619842389621,0.3875492125984252,Miami,USA,2017,2,32,0,32.0
1628368,De'Aaron Fox,2017-18,20.0,73,2025.53,844,204,320,70,20,173,328,797,0.412,47,153,0.307,141,195,0.723,11.561643835616438,2.7945205479452055,4.383561643835616,0.958904109589041,0.273972602739726,2.3698630136986303,27.746986301369862,15.00051838284301,3.6257177133885947,5.687400334727207,0.47802446760308115,Kentucky,USA,2017,1,5,1,5.0
1628372,Dennis Smith Jr.,2017-18,20.0,69,2049.105,1048,260,358,71,18,194,404,1024,0.395,106,339,0.313,134,193,0.694,15.18840579710145,3.7681159420289854,5.188405797101449,1.0289855072463767,0.2608695652173913,2.8115942028985508,29.69717391304348,18.41194082294465,4.567847914089322,6.289575204784527,0.4725318327742308,North Carolina State,USA,2017,1,9,0,9.0
1628476,Derrick Walton Jr.,2017-18,23.0,16,147.21333333333334,29,16,16,7,3,2,8,25,0.32,7,17,0.412,6,6,1.0,1.8125,1.0,1.0,0.4375,0.1875,0.125,9.200833333333334,7.091748935784802,3.912689068019201,3.912689068019201,0.524602026049204,Michigan,USA,Undrafted,Undrafted,Undrafted,0,61.0
1628401,Derrick White,2017-18,23.0,17,138.72833333333332,54,26,9,4,3,6,16,33,0.485,8,13,0.615,14,20,0.7,3.176470588235294,1.5294117647058822,0.5294117647058824,0.23529411764705882,0.17647058823529413,0.35294117647058826,8.160490196078431,14.012999026875068,6.746999531458366,2.335499837812512,0.645933014354067,Colorado,USA,2017,1,29,0,29.0
1628421,Devin Robinson,2017-18,23.0,1,13.213333333333333,2,5,0,1,0,0,1,3,0.333,0,0,0.0,0,0,0.0,2.0,5.0,0.0,1.0,0.0,0.0,13.213333333333333,5.449041372351161,13.622603430877902,0.0,0.3333333333333333,Florida,USA,2017,,,0,61.0
1628415,Dillon Brooks,2017-18,22.0,82,2349.8316666666665,898,257,135,73,17,124,340,772,0.44,94,264,0.356,124,166,0.747,10.951219512195122,3.1341463414634148,1.646341463414634,0.8902439024390244,0.2073170731707317,1.5121951219512195,28.656483739837395,13.757581216810568,3.9373033103789705,2.068233256424751,0.5313357947552779,Oregon,Canada,2017,2,45,0,45.0
1628378,Donovan Mitchell,2017-18,21.0,79,2638.11,1616,296,291,118,27,215,595,1362,0.437,187,550,0.34,239,297,0.805,20.455696202531644,3.7468354430379747,3.6835443037974684,1.4936708860759493,0.34177215189873417,2.721518987341772,33.393797468354435,22.05215097171839,4.039255376007824,3.9710247108725563,0.5413082509312109,Louisville,USA,2017,1,13,1,13.0
1628407,Dwayne Bacon,2017-18,22.0,53,712.9983333333333,175,124,38,16,2,23,72,192,0.375,11,43,0.256,20,25,0.8,3.30188679245283,2.339622641509434,0.7169811320754716,0.3018867924528302,0.03773584905660377,0.4339622641509434,13.452798742138365,8.835925282667795,6.260884200290324,1.9186580613792925,0.43103448275862066,Florida State,USA,2017,2,40,0,40.0
1628410,Edmond Sumner,2017-18,22.0,1,2.1666666666666665,2,1,0,0,0,0,1,1,1.0,0,0,0.0,0,0,0.0,2.0,1.0,0.0,0.0,0.0,0.0,2.1666666666666665,33.23076923076923,16.615384615384617,0.0,1.0,Xavier,USA,2017,2,52,0,52.0
1628571,Erik McCree,2017-18,24.0,4,7.5216666666666665,0,1,0,1,0,1,0,2,0.0,0,1,0.0,0,0,0.0,0.0,0.25,0.0,0.25,0.0,0.25,1.8804166666666666,0.0,4.786173277199202,0.0,0.0,Louisiana Tech,USA,Undrafted,Undrafted,Undrafted,0,61.0
1628412,Frank Mason III,2017-18,24.0,52,983.9933333333333,413,130,147,34,10,65,144,380,0.379,31,86,0.36,94,115,0.817,7.9423076923076925,2.5,2.826923076923077,0.6538461538461539,0.19230769230769232,1.25,18.922948717948717,15.1098584678758,4.756129784077128,5.378085217379521,0.47956339990710634,Kansas,USA,2017,2,34,0,34.0
1628373,Frank Ntilikina,2017-18,19.0,78,1705.6483333333333,463,177,250,65,18,131,182,500,0.364,50,157,0.318,49,68,0.721,5.935897435897436,2.269230769230769,3.2051282051282053,0.8333333333333334,0.23076923076923078,1.6794871794871795,21.867286324786324,9.772237145406098,3.7358228396044906,5.276585931644761,0.4368583937198068,Strasbourg IG,France,2017,1,8,0,8.0
1627788,Furkan Korkmaz,2017-18,20.0,14,79.73333333333333,23,11,4,2,1,2,8,28,0.286,5,17,0.294,2,4,0.5,1.6428571428571428,0.7857142857142857,0.2857142857142857,0.14285714285714285,0.07142857142857142,0.14285714285714285,5.695238095238095,10.384615384615383,4.966555183946488,1.8060200668896322,0.3864247311827957,Anadolu Efes,Turkey,2016,1,26,0,26.0
1628492,Gian Clavell,2017-18,24.0,7,63.63333333333333,20,7,3,2,0,2,6,18,0.333,6,15,0.4,2,2,1.0,2.857142857142857,1.0,0.42857142857142855,0.2857142857142857,0.0,0.2857142857142857,9.09047619047619,11.314824515453116,3.960188580408591,1.6972236773179676,0.5296610169491526,Colorado State,Puerto Rico,Undrafted,Undrafted,Undrafted,0,61.0
1627824,Guerschon Yabusele,2017-18,22.0,33,235.05666666666667,79,52,16,4,5,12,26,61,0.426,12,37,0.324,15,22,0.682,2.393939393939394,1.5757575757575757,0.48484848484848486,0.12121212121212122,0.15151515151515152,0.36363636363636365,7.122929292929293,12.099210119545642,7.9640370407135865,2.450472935604181,0.5588568194680249,"Rouen, France",France,2016,1,16,0,16.0
1628387,Ike Anigbogu,2017-18,19.0,11,29.79,13,9,0,1,3,2,4,9,0.444,0,0,0.0,5,6,0.833,1.1818181818181819,0.8181818181818182,0.0,0.09090909090909091,0.2727272727272727,0.18181818181818182,2.708181818181818,15.709969788519638,10.876132930513595,0.0,0.5584192439862543,UCLA,USA,2017,2,47,0,47.0
1628439,Isaiah Hicks,2017-18,23.0,18,239.47,80,41,16,2,4,16,33,72,0.458,2,9,0.222,12,18,0.667,4.444444444444445,2.2777777777777777,0.8888888888888888,0.1111111111111111,0.2222222222222222,0.8888888888888888,13.303888888888888,12.026558650352863,6.163611308305842,2.4053117300705726,0.5005005005005005,North Carolina,USA,Undrafted,Undrafted,Undrafted,0,61.0
1628397,Ivan Rabb,2017-18,21.0,36,515.61,201,158,32,12,13,35,86,152,0.566,0,0,0.0,29,36,0.806,5.583333333333333,4.388888888888889,0.8888888888888888,0.3333333333333333,0.3611111111111111,0.9722222222222222,14.3225,14.033862803281549,11.031593646360621,2.234246814452784,0.5987845567206863,California,USA,2017,2,35,0,35.0
1628444,Jabari Bird,2017-18,23.0,13,114.53,39,19,8,3,1,8,15,26,0.577,3,7,0.429,6,13,0.462,3.0,1.4615384615384615,0.6153846153846154,0.23076923076923078,0.07692307692307693,0.6153846153846154,8.81,12.258796821793416,5.972234349078843,2.5146249890858288,0.6147540983606558,California,USA,2017,2,56,0,56.0
1626643,Jacob Pullen,2017-18,28.0,3,6.083333333333333,2,0,0,0,0,1,1,2,0.5,0,1,0.0,0,0,0.0,0.6666666666666666,0.0,0.0,0.0,0.0,0.3333333333333333,2.0277777777777777,11.835616438356166,0.0,0.0,0.5,Kansas State,USA,Undrafted,Undrafted,Undrafted,0,61.0
1628451,Jacob Wiley,2017-18,23.0,5,33.25666666666667,4,11,2,1,0,0,1,4,0.25,1,2,0.5,1,2,0.5,0.8,2.2,0.4,0.2,0.0,0.0,6.6513333333333335,4.32995890548261,11.907386990077176,2.164979452741305,0.4098360655737705,Eastern Washington,USA,Undrafted,Undrafted,Undrafted,0,61.0
1627883,Jalen Jones,2017-18,25.0,16,181.37166666666667,74,38,4,5,1,7,26,68,0.382,10,26,0.385,12,19,0.632,4.625,2.375,0.25,0.3125,0.0625,0.4375,11.335729166666667,14.688071455482756,7.5425231798424965,0.7939498084044733,0.48454688318491357,Texas A&M,USA,2016,,,0,61.0
1627866,Jameel Warney,2017-18,24.0,3,26.85,17,9,0,0,0,1,7,12,0.583,0,0,0.0,3,5,0.6,5.666666666666667,3.0,0.0,0.0,0.0,0.3333333333333333,8.950000000000001,22.793296089385475,12.06703910614525,0.0,0.5985915492957746,Stony Brook,USA,Undrafted,Undrafted,Undrafted,0,61.0
1628503,Jamel Artis,2017-18,25.0,15,279.0083333333333,77,38,18,2,3,8,31,79,0.392,8,29,0.276,7,12,0.583,5.133333333333334,2.533333333333333,1.2,0.13333333333333333,0.2,0.5333333333333333,18.600555555555555,9.935187121053731,4.903079358442102,2.3225112750515216,0.4568106312292359,Pittsburgh,USA,Undrafted,Undrafted,Undrafted,0,61.0
1627821,James Webb III,2017-18,24.0,10,119.93166666666667,16,24,4,1,0,4,6,24,0.25,4,19,0.211,0,0,0.0,1.6,2.4,0.4,0.1,0.0,0.4,11.993166666666667,4.802734890701649,7.204102336052474,1.2006837226754123,0.3333333333333333,Boise State,USA,2016,,,0,61.0
203966,Jamil Wilson,2017-18,27.0,15,273.75666666666666,105,32,10,5,8,8,38,81,0.469,27,63,0.429,2,4,0.5,7.0,2.1333333333333333,0.6666666666666666,0.3333333333333333,0.5333333333333333,0.5333333333333333,18.250444444444444,13.807882913049303,4.208116697310263,1.3150364679094575,0.6343644272595457,Marquette,USA,Undrafted,Undrafted,Undrafted,0,61.0
1628386,Jarrett Allen,2017-18,20.0,72,1441.115,587,388,49,28,88,82,234,397,0.589,5,15,0.333,114,147,0.776,8.152777777777779,5.388888888888889,0.6805555555555556,0.3888888888888889,1.2222222222222223,1.1388888888888888,20.015486111111112,14.663645857547802,9.69249504723773,1.2240522095738369,0.6357217120083174,Texas,USA,2017,1,22,1,22.0
1628393,Jawun Evans,2017-18,21.0,48,777.8583333333333,231,84,100,36,6,44,89,253,0.352,15,54,0.278,38,49,0.776,4.8125,1.75,2.0833333333333335,0.75,0.125,0.9166666666666666,16.205381944444444,10.690892728967356,3.88759735598813,4.62809209046206,0.4206730769230769,Oklahoma State,USA,2017,2,39,0,39.0
1628537,Jaylen Morris,2017-18,22.0,6,98.49,28,16,7,2,1,6,13,32,0.406,2,10,0.2,0,0,0.0,4.666666666666667,2.6666666666666665,1.1666666666666667,0.3333333333333333,0.16666666666666666,1.0,16.415,10.23454157782516,5.848309473042949,2.55863539445629,0.4375,Molloy,USA,Undrafted,Undrafted,Undrafted,0,61.0
1628369,Jayson Tatum,2017-18,20.0,80,2442.911666666667,1112,402,128,83,58,114,397,835,0.475,105,242,0.434,213,258,0.826,13.9,5.025,1.6,1.0375,0.725,1.425,30.536395833333337,16.38700266826403,5.9240783027357375,1.8862736884332698,0.5861763589592207,Duke,USA,2017,1,3,1,3.0
1628381,John Collins,2017-18,20.0,74,1784.62,777,541,98,47,80,105,314,545,0.576,16,47,0.34,133,186,0.715,10.5,7.3108108108108105,1.3243243243243243,0.6351351351351351,1.0810810810810811,1.4189189189189189,24.116486486486487,15.673924981228497,10.91324763815266,1.9768914390738648,0.619775381277519,Wake Forest,USA,2017,1,19,0,19.0
1628405,Johnathan Motley,2017-18,23.0,11,175.765,96,49,7,3,2,9,40,75,0.533,1,6,0.167,15,28,0.536,8.727272727272727,4.454545454545454,0.6363636363636364,0.2727272727272727,0.18181818181818182,0.8181818181818182,15.978636363636362,19.66261769976958,10.03612778425739,1.4337325406081984,0.549702244617499,Baylor,USA,Undrafted,Undrafted,Undrafted,0,61.0
1628371,Jonathan Isaac,2017-18,20.0,27,535.4116666666666,145,99,18,33,30,27,55,145,0.379,16,46,0.348,19,25,0.76,5.37037037037037,3.6666666666666665,0.6666666666666666,1.2222222222222223,1.1111111111111112,1.0,19.830061728395062,9.749507388395845,6.656560216904749,1.2102836758008635,0.46474358974358976,Florida State,USA,2017,1,6,0,6.0
1628395,Jordan Bell,2017-18,23.0,57,808.9133333333333,262,207,102,35,56,51,116,185,0.627,0,4,0.0,30,44,0.682,4.5964912280701755,3.6315789473684212,1.7894736842105263,0.6140350877192983,0.9824561403508771,0.8947368421052632,14.191461988304093,11.66008719516718,9.212358967174069,4.539423259187222,0.641025641025641,Oregon,USA,2017,2,38,0,38.0
1627982,Josh Gray,2017-18,24.0,5,86.43333333333334,32,10,12,8,2,7,11,41,0.268,3,13,0.231,7,11,0.636,6.4,2.0,2.4,1.6,0.4,1.4,17.28666666666667,13.328191284226765,4.165059776320864,4.998071731585036,0.34904013961605584,Louisiana State,USA,Undrafted,Undrafted,Undrafted,0,61.0
1628404,Josh Hart,2017-18,23.0,63,1460.5216666666668,496,263,80,47,16,47,176,375,0.469,78,197,0.396,66,94,0.702,7.873015873015873,4.174603174603175,1.2698412698412698,0.746031746031746,0.25396825396825395,0.746031746031746,23.1828835978836,12.225768646590886,6.482615229946377,1.9718981688049815,0.5956383898549332,Villanova,USA,2017,1,30,0,30.0
1628367,Josh Jackson,2017-18,21.0,77,1959.2183333333332,1012,351,119,80,35,146,389,932,0.417,57,217,0.263,177,279,0.634,13.142857142857142,4.558441558441558,1.5454545454545454,1.0389610389610389,0.45454545454545453,1.896103896103896,25.444393939393937,18.595171033345782,6.449510901881788,2.186586317162202,0.47972998596837196,Kansas,USA,2017,1,4,0,4.0
203705,Josh Magette,2017-18,28.0,18,216.165,46,19,57,8,1,9,15,46,0.326,8,22,0.364,8,8,1.0,2.5555555555555554,1.0555555555555556,3.1666666666666665,0.4444444444444444,0.05555555555555555,0.5,12.009166666666665,7.660814655471515,3.1642495316078,9.4927485948234,0.46445880452342486,Alabama Huntsville,USA,2012,0,0,0,61.0
1628382,Justin Jackson,2017-18,23.0,68,1506.2583333333334,453,187,74,28,13,40,185,419,0.442,57,185,0.308,26,36,0.722,6.661764705882353,2.75,1.088235294117647,0.4117647058823529,0.19117647058823528,0.5882352941176471,22.150857843137256,10.826828067341259,4.469352866650807,1.7686209204928325,0.5208812436758348,North Carolina,USA,2017,1,15,0,15.0
1628383,Justin Patton,2017-18,21.0,1,3.7333333333333334,2,0,0,1,0,0,1,2,0.5,0,0,0.0,0,0,0.0,2.0,0.0,0.0,1.0,0.0,0.0,3.7333333333333334,19.285714285714285,0.0,0.0,0.5,Creighton,USA,2017,1,16,0,16.0
1628443,Kadeem Allen,2017-18,25.0,18,107.18833333333333,19,11,12,3,2,9,6,22,0.273,0,11,0.0,7,9,0.778,1.0555555555555556,0.6111111111111112,0.6666666666666666,0.16666666666666666,0.1111111111111111,0.5,5.954907407407408,6.381291496276025,3.6944319188966457,4.030289366069068,0.3659476117103236,Arizona,USA,2017,2,53,0,53.0
203920,Khem Birch,2017-18,25.0,42,578.4066666666666,178,180,34,15,21,21,68,126,0.54,0,0,0.0,42,61,0.689,4.238095238095238,4.285714285714286,0.8095238095238095,0.35714285714285715,0.5,0.5,13.771587301587301,11.07871048051544,11.203190373554937,2.1161581816714885,0.5823082962575242,UNLV,Canada,Undrafted,Undrafted,Undrafted,0,61.0
1628424,Kobi Simmons,2017-18,20.0,32,643.0933333333334,196,50,68,18,5,44,80,189,0.423,11,39,0.282,25,25,1.0,6.125,1.5625,2.125,0.5625,0.15625,1.375,20.096666666666668,10.971968817382649,2.798971637087411,3.8066014264388786,0.49,Arizona,USA,Undrafted,Undrafted,Undrafted,0,61.0
1627858,Kyle Collinsworth,2017-18,26.0,32,479.5566666666667,101,107,56,17,9,24,38,99,0.384,4,17,0.235,21,40,0.525,3.15625,3.34375,1.75,0.53125,0.28125,0.75,14.986145833333333,7.582002822050922,8.032418831281671,4.203882752820313,0.43310463121783876,Brigham Young,USA,2016,,,0,61.0
1628398,Kyle Kuzma,2017-18,22.0,77,2400.905,1242,483,141,49,34,140,468,1039,0.45,159,434,0.366,147,208,0.707,16.12987012987013,6.2727272727272725,1.8311688311688312,0.6363636363636364,0.44155844155844154,1.8181818181818181,31.18058441558442,18.622977585535452,7.242269061041565,2.1142027693723824,0.5493047447192443,Utah,USA,2017,1,27,0,27.0
1628374,Lauri Markkanen,2017-18,21.0,68,2020.02,1033,508,79,39,40,83,374,862,0.434,145,401,0.362,140,166,0.843,15.191176470588236,7.470588235294118,1.161764705882353,0.5735294117647058,0.5882352941176471,1.2205882352941178,29.706176470588236,18.40971871565628,9.053375709151396,1.4079068524074019,0.5523827857631759,Arizona,Finland,2017,1,7,1,7.0
1628506,London Perrantes,2017-18,23.0,14,65.52333333333333,7,4,5,2,1,1,2,13,0.154,0,3,0.0,3,5,0.6,0.5,0.2857142857142857,0.35714285714285715,0.14285714285714285,0.07142857142857142,0.07142857142857142,4.680238095238095,3.8459581828356315,2.1976903901917892,2.7471129877397367,0.23026315789473686,Virginia,USA,2017,,,0,61.0
1628366,Lonzo Ball,2017-18,20.0,52,1780.0566666666666,528,360,376,88,43,136,203,564,0.36,90,295,0.305,32,71,0.451,10.153846153846153,6.923076923076923,7.230769230769231,1.6923076923076923,0.8269230769230769,2.6153846153846154,34.23185897435897,10.67831173913939,7.280667094867766,7.604252299084112,0.4435185807405416,UCLA,USA,2017,1,2,0,2.0
1628379,Luke Kennard,2017-18,22.0,73,1462.7733333333333,558,176,124,44,13,69,206,465,0.443,81,195,0.415,65,76,0.855,7.6438356164383565,2.410958904109589,1.6986301369863013,0.6027397260273972,0.1780821917808219,0.9452054794520548,20.037990867579907,13.73281802603274,4.331498158748678,3.051737339118387,0.5597464087954418,Duke,USA,2017,1,12,0,12.0
1628436,Luke Kornet,2017-18,22.0,20,326.48833333333334,134,64,26,6,16,12,49,125,0.392,28,79,0.354,8,11,0.727,6.7,3.2,1.3,0.3,0.8,0.6,16.324416666666668,14.775413108176402,7.056913723308132,2.8668712000939287,0.5160197165742452,Vanderbilt,USA,Undrafted,Undrafted,Undrafted,0,61.0
1626259,Malcolm Miller,2017-18,25.0,15,125.75,38,15,3,1,2,5,13,28,0.464,8,21,0.381,4,4,1.0,2.533333333333333,1.0,0.2,0.06666666666666667,0.13333333333333333,0.3333333333333333,8.383333333333333,10.87872763419483,4.294234592445328,0.8588469184890656,0.6384408602150538,Holy Cross,USA,Undrafted,Undrafted,Undrafted,0,61.0
1628370,Malik Monk,2017-18,20.0,63,853.505,421,66,91,20,9,49,153,425,0.36,83,243,0.342,32,38,0.842,6.682539682539683,1.0476190476190477,1.4444444444444444,0.31746031746031744,0.14285714285714285,0.7777777777777778,13.547698412698413,17.757365217544127,2.7838149747218823,3.838290343934716,0.4765462283799692,Kentucky,USA,2017,1,11,0,11.0
1628493,Mangok Mathiang,2017-18,25.0,4,19.8,8,10,0,1,0,0,4,7,0.571,0,0,0.0,0,1,0.0,2.0,2.5,0.0,0.25,0.0,0.0,4.95,14.545454545454545,18.181818181818183,0.0,0.5376344086021505,Louisville,Australia,Undrafted,Undrafted,Undrafted,0,61.0
1627779,Marcus Paige,2017-18,24.0,5,28.016666666666666,12,4,3,0,0,0,4,14,0.286,2,8,0.25,2,2,1.0,2.4,0.8,0.6,0.0,0.0,0.0,5.6033333333333335,15.419393218322426,5.139797739440809,3.8548483045806066,0.4032258064516129,North Carolina,USA,2016,2,55,0,55.0
1628365,Markelle Fultz,2017-18,20.0,14,252.98166666666665,100,43,53,12,4,17,45,111,0.405,0,1,0.0,10,21,0.476,7.142857142857143,3.0714285714285716,3.7857142857142856,0.8571428571428571,0.2857142857142857,1.2142857142857142,18.07011904761905,14.230280191581736,6.119020482380147,7.5420485015383205,0.41583499667332,Washington,USA,2017,1,1,0,1.0
1627856,Matt Costello,2017-18,24.0,4,32.2,4,9,2,2,2,1,2,4,0.5,0,0,0.0,0,0,0.0,1.0,2.25,0.5,0.5,0.5,0.25,8.05,4.472049689440993,10.062111801242235,2.2360248447204967,0.5,Michigan State,USA,Undrafted,Undrafted,Undrafted,0,61.0
1628475,Matt Williams Jr.,2017-18,24.0,3,11.4,5,1,0,0,0,1,2,6,0.333,1,5,0.2,0,0,0.0,1.6666666666666667,0.3333333333333333,0.0,0.0,0.0,0.3333333333333333,3.8000000000000003,15.789473684210526,3.1578947368421053,0.0,0.4166666666666667,Central Florida,USA,Undrafted,Undrafted,Undrafted,0,61.0
1628467,Maxi Kleber,2017-18,26.0,72,1206.1083333333333,386,234,51,26,47,30,151,309,0.489,40,128,0.313,44,59,0.746,5.361111111111111,3.25,0.7083333333333334,0.3611111111111111,0.6527777777777778,0.4166666666666667,16.75150462962963,11.521353112282616,6.9844472235081145,1.5222513179440764,0.5761882015763077,Bayern Munich,Germany,Undrafted,Undrafted,Undrafted,0,61.0
1628455,Mike James,2017-18,27.0,36,686.4883333333333,336,90,126,28,7,49,123,321,0.383,26,98,0.265,64,84,0.762,9.333333333333334,2.5,3.5,0.7777777777777778,0.19444444444444445,1.3611111111111112,19.06912037037037,17.62011007713168,4.719672342088844,6.60754127892438,0.46932618169627893,Lamar,USA,Undrafted,Undrafted,Undrafted,0,61.0
1628462,Milos Teodosic,2017-18,31.0,45,1134.055,429,126,209,23,5,97,151,360,0.419,88,232,0.379,39,46,0.848,9.533333333333333,2.8,4.644444444444445,0.5111111111111111,0.1111111111111111,2.1555555555555554,25.201222222222224,13.618387115263369,3.9998060058815486,6.634598851025744,0.5641173995371345,CSKA Moscow,Serbia,Undrafted,Undrafted,Undrafted,0,61.0
1628495,Milton Doyle,2017-18,24.0,10,124.51666666666667,34,18,10,6,2,2,13,47,0.277,4,23,0.174,4,8,0.5,3.4,1.8,1.0,0.6,0.2,0.2,12.451666666666666,9.830009369562308,5.204122607415339,2.891179226341855,0.33650039588281866,Loyola-Chicago,USA,2017,,,0,61.0
1628420,Monte Morris,2017-18,23.0,3,25.285,10,2,7,3,0,1,4,6,0.667,0,1,0.0,2,2,1.0,3.3333333333333335,0.6666666666666666,2.3333333333333335,1.0,0.0,0.3333333333333333,8.428333333333333,14.237690330235317,2.8475380660470635,9.966383231164722,0.7267441860465116,Iowa State,USA,2017,2,51,0,51.0
1627988,Myke Henry,2017-18,25.0,20,378.07666666666665,107,38,22,31,6,19,41,109,0.376,19,58,0.328,6,10,0.6,5.35,1.9,1.1,1.55,0.3,0.95,18.90383333333333,10.188409758161924,3.618313745889282,2.094813221304321,0.47178130511463845,DePaul,USA,2016,,,0,61.0
1628513,Naz Mitrou-Long,2017-18,24.0,1,0.5166666666666667,3,0,0,0,0,0,1,1,1.0,1,1,1.0,0,0,0.0,3.0,0.0,0.0,0.0,0.0,0.0,0.5166666666666667,209.0322580645161,0.0,0.0,1.5,Iowa State,Canada,Undrafted,Undrafted,Undrafted,0,61.0
1628502,Nigel Hayes-Davis,2017-18,23.0,9,122.17166666666667,27,22,6,2,3,2,11,33,0.333,4,16,0.25,1,3,0.333,3.0,2.4444444444444446,0.6666666666666666,0.2222222222222222,0.3333333333333333,0.2222222222222222,13.57462962962963,7.956018171152612,6.482681472791018,1.7680040380339141,0.39335664335664333,Wisconsin,USA,Undrafted,Undrafted,Undrafted,0,61.0
1628384,OG Anunoby,2017-18,20.0,74,1481.4616666666666,438,184,55,52,14,45,163,346,0.471,73,197,0.371,39,62,0.629,5.918918918918919,2.4864864864864864,0.7432432432432432,0.7027027027027027,0.1891891891891892,0.6081081081081081,20.01975225225225,10.64354235737903,4.4712598030998665,1.3365178759265905,0.5866909558508359,Indiana,United Kingdom,2017,1,23,0,23.0
1628408,PJ Dozier,2017-18,21.0,2,3.1883333333333335,2,1,0,0,0,1,1,2,0.5,0,0,0.0,0,0,0.0,1.0,0.5,0.0,0.0,0.0,0.5,1.5941666666666667,22.582331416623102,11.291165708311551,0.0,0.5,South Carolina,USA,Undrafted,Undrafted,Undrafted,0,61.0
203687,Reggie Hearn,2017-18,26.0,3,6.626666666666667,3,0,0,0,0,0,1,2,0.5,1,2,0.5,0,0,0.0,1.0,0.0,0.0,0.0,0.0,0.0,2.208888888888889,16.29778672032193,0.0,0.0,0.75,Northwestern,USA,2013,0,0,0,61.0
1628681,Rodney Purvis,2017-18,24.0,16,289.58666666666664,96,27,17,3,3,10,35,107,0.327,13,52,0.25,13,15,0.867,6.0,1.6875,1.0625,0.1875,0.1875,0.625,18.099166666666665,11.934251116533911,3.3565081265251626,2.11335696855288,0.4225352112676057,Connecticut,USA,Undrafted,Undrafted,Undrafted,0,61.0
1626220,Royce O'Neale,2017-18,25.0,69,1149.5516666666667,343,236,95,36,16,55,120,284,0.423,42,118,0.356,61,76,0.803,4.971014492753623,3.420289855072464,1.3768115942028984,0.5217391304347826,0.2318840579710145,0.7971014492753623,16.660169082125606,10.741578963392975,7.39070739172228,2.9750728907356634,0.5402595766129032,Baylor,USA,Undrafted,Undrafted,Undrafted,0,61.0
1627853,Ryan Arcidiacono,2017-18,24.0,24,304.12166666666667,48,25,35,13,0,13,17,41,0.415,9,31,0.29,5,6,0.833,2.0,1.0416666666666667,1.4583333333333333,0.5416666666666666,0.0,0.5416666666666666,12.67173611111111,5.681936505674813,2.9593419300389643,4.1430787020545505,0.5499541704857929,Villanova,USA,Undrafted,Undrafted,Undrafted,0,61.0
1628400,Semi Ojeleye,2017-18,23.0,73,1150.21,195,161,20,21,4,25,65,188,0.346,40,125,0.32,25,41,0.61,2.671232876712329,2.2054794520547945,0.273972602739726,0.2876712328767123,0.0547945205479452,0.3424657534246575,15.756301369863014,6.103233322610653,5.039079820206745,0.6259726484728875,0.4732090856144438,Southern Methodist,USA,2017,2,37,0,37.0
1627885,Shaquille Harrison,2017-18,24.0,23,384.4766666666667,152,61,55,26,7,22,59,124,0.476,6,26,0.231,28,38,0.737,6.608695652173913,2.652173913043478,2.391304347826087,1.1304347826086956,0.30434782608695654,0.9565217391304348,16.716376811594206,14.232333128148218,5.711660005375271,5.149857381895736,0.5400795906765208,Tulsa,USA,Undrafted,Undrafted,Undrafted,0,61.0
1628414,Sindarius Thornwell,2017-18,23.0,73,1155.88,282,140,68,48,25,53,100,233,0.429,23,61,0.377,59,88,0.67,3.863013698630137,1.917808219178082,0.9315068493150684,0.6575342465753424,0.3424657534246575,0.726027397260274,15.833972602739728,8.78291864207357,4.360314219469148,2.1178669065993008,0.5189165317238333,South Carolina,USA,2017,2,48,0,48.0
1628425,Sterling Brown,2017-18,23.0,54,776.4466666666667,217,143,25,31,13,25,82,205,0.4,32,91,0.352,21,24,0.875,4.018518518518518,2.6481481481481484,0.46296296296296297,0.5740740740740741,0.24074074074074073,0.46296296296296297,14.378641975308643,10.061219057758848,6.630204263868735,1.1591266195574712,0.5033401373167563,Southern Methodist,USA,2017,2,46,0,46.0
1628388,T.J. Leaf,2017-18,21.0,53,459.24333333333334,156,82,9,5,4,10,64,136,0.471,18,42,0.429,10,16,0.625,2.943396226415094,1.5471698113207548,0.16981132075471697,0.09433962264150944,0.07547169811320754,0.18867924528301888,8.66496855345912,12.228811160387014,6.427964840716251,0.7055083361761738,0.5453020134228188,UCLA,USA,2017,1,18,0,18.0
1628390,Terrance Ferguson,2017-18,20.0,61,763.0966666666667,189,47,19,24,10,11,70,169,0.414,40,120,0.333,9,10,0.9,3.098360655737705,0.7704918032786885,0.3114754098360656,0.39344262295081966,0.16393442622950818,0.18032786885245902,12.509781420765028,8.916301560745907,2.2172813405029506,0.8963477759480013,0.5449826989619377,Adelaide,USA,2017,1,21,0,21.0
1628418,Thomas Bryant,2017-18,20.0,15,72.285,22,17,6,1,2,2,8,21,0.381,1,10,0.1,5,9,0.556,1.4666666666666666,1.1333333333333333,0.4,0.06666666666666667,0.13333333333333333,0.13333333333333333,4.819,10.956630006225359,8.466486822992323,2.988171819879643,0.4407051282051282,Indiana,USA,2017,2,42,0,42.0
1628396,Tony Bradley,2017-18,20.0,9,29.1,8,11,1,0,0,0,3,11,0.273,0,1,0.0,2,2,1.0,0.8888888888888888,1.2222222222222223,0.1111111111111111,0.0,0.0,0.0,3.2333333333333334,9.896907216494844,13.608247422680412,1.2371134020618555,0.33670033670033667,North Carolina,USA,2017,1,28,0,28.0
1628470,Torrey Craig,2017-18,27.0,39,628.8816666666667,163,127,25,12,15,20,62,137,0.453,17,58,0.293,22,35,0.629,4.17948717948718,3.2564102564102564,0.6410256410256411,0.3076923076923077,0.38461538461538464,0.5128205128205128,16.12517094017094,9.330849205865439,7.2700481542632565,1.4311118413904047,0.5347769028871391,South Carolina Upstate,USA,Undrafted,Undrafted,Undrafted,0,61.0
203590,Trey McKinney-Jones,2017-18,27.0,1,1.2333333333333334,0,0,0,0,0,0,0,0,0.0,0,0,0.0,0,0,0.0,0.0,0.0,0.0,0.0,0.0,0.0,1.2333333333333334,0.0,0.0,0.0,,Miami,USA,Undrafted,Undrafted,Undrafted,0,61.0
1628463,Tyler Cavanaugh,2017-18,24.0,39,518.48,183,127,27,9,4,13,67,152,0.441,32,89,0.36,17,21,0.81,4.6923076923076925,3.2564102564102564,0.6923076923076923,0.23076923076923078,0.10256410256410256,0.3333333333333333,13.294358974358975,12.706372473383736,8.818083629069587,1.8747106927943218,0.5674770528404862,George Washington,USA,Undrafted,Undrafted,Undrafted,0,61.0
1628416,Tyler Dorsey,2017-18,22.0,56,974.21,405,130,79,17,5,37,144,382,0.377,72,199,0.362,45,63,0.714,7.232142857142857,2.3214285714285716,1.4107142857142858,0.30357142857142855,0.08928571428571429,0.6607142857142857,17.396607142857142,14.965972428942425,4.803892384598803,2.9192884491023494,0.49423996875915255,Oregon,USA,2017,2,41,0,41.0
1628399,Tyler Lydon,2017-18,22.0,1,2.1666666666666665,0,0,0,0,0,0,0,0,0.0,0,0,0.0,0,0,0.0,0.0,0.0,0.0,0.0,0.0,0.0,2.1666666666666665,0.0,0.0,0.0,,Syracuse,USA,2017,1,24,0,24.0
1627820,Tyrone Wallace,2017-18,24.0,30,851.185,291,105,71,27,13,46,110,247,0.445,10,40,0.25,61,78,0.782,9.7,3.5,2.3666666666666667,0.9,0.43333333333333335,1.5333333333333334,28.372833333333332,12.307547712894376,4.440867731456734,3.002872466032649,0.5172046068534054,California,USA,2016,2,60,0,60.0
1626205,Vincent Hunter,2017-18,23.0,4,7.406666666666666,6,3,0,0,1,1,3,5,0.6,0,0,0.0,0,0,0.0,1.5,0.75,0.0,0.0,0.25,0.25,1.8516666666666666,29.162916291629163,14.581458145814581,0.0,0.6,Texas-El Paso,USA,Undrafted,Undrafted,Undrafted,0,61.0
1628411,Wes Iwundu,2017-18,23.0,62,1020.305,229,137,57,33,12,30,93,218,0.427,9,46,0.196,34,47,0.723,3.693548387096774,2.2096774193548385,0.9193548387096774,0.532258064516129,0.1935483870967742,0.4838709677419355,16.456532258064517,8.079936881618732,4.833848702103784,2.011163328612523,0.479721803251215,Kansas State,USA,2017,2,33,0,33.0
1628504,Xavier Rathan-Mayes,2017-18,24.0,5,117.79,29,5,18,6,3,11,12,42,0.286,1,14,0.071,4,9,0.444,5.8,1.0,3.6,1.2,0.6,2.2,23.558,8.86323117412344,1.5281433058833518,5.501315901180066,0.3154917319408181,Florida State,Canada,2017,,,0,61.0
1628380,Zach Collins,2017-18,20.0,66,1045.45,292,221,52,17,31,58,115,289,0.398,35,113,0.31,27,42,0.643,4.424242424242424,3.3484848484848486,0.7878787878787878,0.25757575757575757,0.4696969696969697,0.8787878787878788,15.840151515151517,10.055000239131473,7.61012004400019,1.7906164809412215,0.47482763106543513,Gonzaga,USA,2017,1,10,0,10.0
1627753,Zhou Qi,2017-18,22.0,18,123.96666666666667,22,22,2,2,14,10,6,32,0.188,2,19,0.105,8,12,0.667,1.2222222222222223,1.2222222222222223,0.1111111111111111,0.1111111111111111,0.7777777777777778,0.5555555555555556,6.887037037037037,6.388814197364883,6.388814197364883,0.5808012906695349,0.2950643776824034,Xinjiang,China,2016,2,43,0,43.0
1628988,Aaron Holiday,2018-19,22.0,50,645.83,294,67,87,21,13,40,105,262,0.401,43,127,0.339,41,50,0.82,5.88,1.34,1.74,0.42,0.26,0.8,12.9166,16.388213616586405,3.7347289534397596,4.84957341715312,0.5176056338028169,UCLA,USA,2018,1,23,0,23.0
1628993,Alize Johnson,2018-19,23.0,14,64.43333333333334,13,19,1,1,3,0,4,16,0.25,1,2,0.5,4,8,0.5,0.9285714285714286,1.3571428571428572,0.07142857142857142,0.07142857142857142,0.21428571428571427,0.0,4.602380952380953,7.263321262286601,10.615623383341955,0.5587170201758924,0.33299180327868855,Missouri State,USA,2018,2,50,0,50.0
1629019,Allonzo Trier,2018-19,23.0,64,1458.5633333333333,695,197,119,28,14,116,232,518,0.448,52,132,0.394,179,223,0.803,10.859375,3.078125,1.859375,0.4375,0.21875,1.8125,22.790052083333332,17.15386601884503,4.862318857140246,2.9371367715720265,0.5640135038628838,Arizona,USA,2018,,,0,61.0
1628518,Amile Jefferson,2018-19,26.0,12,68.25,27,21,3,3,3,1,10,16,0.625,0,0,0.0,7,8,0.875,2.25,1.75,0.25,0.25,0.25,0.08333333333333333,5.6875,14.241758241758241,11.076923076923077,1.5824175824175826,0.6915983606557378,Duke,USA,2017,,,0,61.0
1629014,Anfernee Simons,2018-19,20.0,20,140.50833333333333,75,13,13,1,0,11,28,63,0.444,10,29,0.345,9,16,0.563,3.75,0.65,0.65,0.05,0.0,0.55,7.025416666666667,19.215942114939804,3.3307632999228995,3.3307632999228995,0.5354083380925185,Edgewater HS (FL),USA,2018,1,24,0,24.0
1629116,Angel Delgado,2018-19,24.0,2,14.766666666666667,3,4,0,1,0,0,1,5,0.2,0,0,0.0,1,2,0.5,1.5,2.0,0.0,0.5,0.0,0.0,7.383333333333334,7.313769751693002,9.751693002257335,0.0,0.25510204081632654,Seton Hall,Dominican Republic,2018,,,0,61.0
1629168,BJ Johnson,2018-19,23.0,7,49.35,23,8,0,2,0,2,9,18,0.5,3,7,0.429,2,2,1.0,3.2857142857142856,1.1428571428571428,0.0,0.2857142857142857,0.0,0.2857142857142857,7.05,16.778115501519757,5.835866261398176,0.0,0.6091101694915254,La Salle,USA,Undrafted,Undrafted,Undrafted,0,61.0
1628656,Billy Garrett,2018-19,24.0,4,63.43333333333333,26,3,7,1,1,2,11,27,0.407,0,8,0.0,4,4,1.0,6.5,0.75,1.75,0.25,0.25,0.5,15.858333333333333,14.755648975302156,1.7025748817656332,3.972674724119811,0.4520166898470097,DePaul,USA,Undrafted,Undrafted,Undrafted,0,61.0
1629045,Bonzie Colson,2018-19,23.0,8,98.47666666666667,39,30,3,5,1,3,13,39,0.333,5,21,0.238,8,9,0.889,4.875,3.75,0.375,0.625,0.125,0.375,12.309583333333334,14.257184443015264,10.967064956165588,1.0967064956165589,0.45391061452513964,Notre Dame,USA,Undrafted,Undrafted,Undrafted,0,61.0
202954,Brad Wanamaker,2018-19,29.0,36,342.60833333333335,140,41,56,12,2,19,50,105,0.476,16,39,0.41,24,28,0.857,3.888888888888889,1.1388888888888888,1.5555555555555556,0.3333333333333333,0.05555555555555555,0.5277777777777778,9.51689814814815,14.710675455452046,4.308126383382385,5.884270182180819,0.5966587112171838,Pittsburgh,USA,Undrafted,Undrafted,Undrafted,0,61.0
1629164,Brandon Goodwin,2018-19,23.0,16,57.053333333333335,23,3,14,0,0,3,6,23,0.261,2,6,0.333,9,11,0.818,1.4375,0.1875,0.875,0.0,0.0,0.1875,3.5658333333333334,14.512736620705772,1.8929656461790136,8.833839682168731,0.4130747126436782,Florida Gulf Coast,USA,Undrafted,Undrafted,Undrafted,0,61.0
1629102,Brandon Sampson,2018-19,22.0,14,214.305,71,16,10,8,3,12,28,60,0.467,11,29,0.379,4,6,0.667,5.071428571428571,1.1428571428571428,0.7142857142857143,0.5714285714285714,0.21428571428571427,0.8571428571428571,15.307500000000001,11.926926576608103,2.6877581017708403,1.6798488136067755,0.5667305236270753,Louisiana State,USA,2018,,,0,61.0
1628971,Bruce Brown,2018-19,22.0,74,1449.3166666666666,319,185,91,40,36,46,125,314,0.398,24,93,0.258,45,60,0.75,4.3108108108108105,2.5,1.2297297297297298,0.5405405405405406,0.4864864864864865,0.6216216216216216,19.585360360360358,7.923734173576054,4.595269034832508,2.26037557929599,0.468566392479436,Miami,USA,2018,2,42,0,42.0
1629244,Cam Reynolds,2018-19,24.0,19,259.4483333333333,95,31,13,6,2,5,33,78,0.423,21,51,0.412,8,9,0.889,5.0,1.631578947368421,0.6842105263157895,0.3157894736842105,0.10526315789473684,0.2631578947368421,13.65517543859649,13.181815261869737,4.3014344538732825,1.8038273516242798,0.579551000488043,Tulane,USA,Undrafted,Undrafted,Undrafted,0,61.0
1628990,Chandler Hutchison,2018-19,23.0,44,894.615,229,185,34,23,6,25,96,209,0.459,14,50,0.28,23,38,0.605,5.204545454545454,4.204545454545454,0.7727272727272727,0.5227272727272727,0.13636363636363635,0.5681818181818182,20.33215909090909,9.215137237806207,7.44454318338056,1.3681863147834543,0.5072656388445862,Boise State,USA,2018,1,22,0,22.0
1629002,Chimezie Metu,2018-19,22.0,29,145.44,51,36,13,6,2,15,19,58,0.328,0,2,0.0,13,17,0.765,1.7586206896551724,1.2413793103448276,0.4482758620689655,0.20689655172413793,0.06896551724137931,0.5172413793103449,5.0151724137931035,12.623762376237623,8.910891089108912,3.217821782178218,0.38943188759926695,USC,USA,2018,2,49,0,49.0
1629185,Chris Chiozza,2018-19,23.0,7,32.53333333333333,6,4,4,1,1,1,2,8,0.25,2,5,0.4,0,0,0.0,0.8571428571428571,0.5714285714285714,0.5714285714285714,0.14285714285714285,0.14285714285714285,0.14285714285714285,4.647619047619047,6.639344262295082,4.426229508196721,4.426229508196721,0.375,Florida,USA,Undrafted,Undrafted,Undrafted,0,61.0
1629012,Collin Sexton,2018-19,20.0,82,2605.0233333333335,1371,236,243,44,6,185,519,1206,0.43,119,296,0.402,214,255,0.839,16.71951219512195,2.8780487804878048,2.9634146341463414,0.5365853658536586,0.07317073170731707,2.2560975609756095,31.76857723577236,18.946471368778525,3.2613911327729626,3.3581273104399574,0.5200273099681384,Alabama,USA,2018,1,8,0,8.0
1629541,Dairis Bertans,2018-19,29.0,12,167.04333333333332,34,9,10,1,0,2,12,47,0.255,10,34,0.294,0,0,0.0,2.8333333333333335,0.75,0.8333333333333334,0.08333333333333333,0.0,0.16666666666666666,13.920277777777777,7.327439985632471,1.939616466785066,2.155129407538962,0.3617021276595745,Olimpia Milano,Latvia,Undrafted,Undrafted,Undrafted,0,61.0
1629133,Daryl Macon,2018-19,23.0,8,89.84666666666666,29,12,7,1,0,6,10,27,0.37,5,11,0.455,4,7,0.571,3.625,1.5,0.875,0.125,0.0,0.75,11.230833333333333,11.619796690658157,4.808191734065445,2.804778511538176,0.48204787234042556,Arkansas,USA,2018,,,0,61.0
1629001,De'Anthony Melton,2018-19,21.0,50,983.89,250,134,159,68,23,75,100,256,0.391,29,95,0.305,21,28,0.75,5.0,2.68,3.18,1.36,0.46,1.5,19.6778,9.147364034597365,4.902987122544187,5.817723526003923,0.46586165772212285,Southern California,USA,2018,2,46,0,46.0
1629152,DeVaughn Akoon-Purcell,2018-19,26.0,7,21.64666666666667,7,4,6,2,0,2,3,10,0.3,0,4,0.0,1,2,0.5,1.0,0.5714285714285714,0.8571428571428571,0.2857142857142857,0.0,0.2857142857142857,3.0923809523809527,11.641515244841392,6.652294425623652,9.978441638435479,0.3216911764705882,Illinois State,Trinidad and Tobago,2016,,,0,61.0
1629028,Deandre Ayton,2018-19,20.0,71,2182.6883333333335,1159,729,125,61,67,126,509,870,0.585,0,4,0.0,141,189,0.746,16.323943661971832,10.267605633802816,1.7605633802816902,0.8591549295774648,0.9436619718309859,1.7746478873239437,30.74208920187794,19.115876216867118,12.023704712766289,2.0616777628200085,0.6079776742624533,Arizona,Bahamas,2018,1,1,0,1.0
1629061,Deng Adel,2018-19,22.0,19,194.17,32,19,5,1,4,6,11,36,0.306,6,23,0.261,4,4,1.0,1.6842105263157894,1.0,0.2631578947368421,0.05263157894736842,0.21052631578947367,0.3157894736842105,10.219473684210525,5.932945357161251,3.522686305814493,0.9270227120564455,0.42372881355932207,Louisville,South Sudan,2018,,,0,61.0
1629126,Deonte Burton,2018-19,25.0,32,239.88166666666666,82,28,9,6,8,9,33,82,0.402,8,27,0.296,8,12,0.667,2.5625,0.875,0.28125,0.1875,0.25,0.28125,7.496302083333333,12.306067574984889,4.202071854872889,1.3506659533519998,0.4697525206232814,Iowa State,USA,Undrafted,Undrafted,Undrafted,0,61.0
1628984,Devonte' Graham,2018-19,24.0,46,676.095,217,63,121,23,2,30,74,216,0.343,34,121,0.281,35,46,0.761,4.717391304347826,1.3695652173913044,2.630434782608696,0.5,0.043478260869565216,0.6521739130434783,14.697717391304348,11.55458922192887,3.3545581612051563,6.44288154771149,0.45927869962749746,Kansas,USA,2018,2,34,0,34.0
1628978,Donte DiVincenzo,2018-19,22.0,27,411.2866666666667,131,65,31,13,6,19,50,124,0.403,22,83,0.265,9,12,0.75,4.851851851851852,2.4074074074074074,1.1481481481481481,0.48148148148148145,0.2222222222222222,0.7037037037037037,15.23283950617284,11.466454865219717,5.689462337704439,2.7134358841359636,0.5066522277227723,Villanova,USA,2018,1,17,0,17.0
1629055,Donte Grantham,2018-19,24.0,3,2.4316666666666666,0,0,0,0,0,0,0,2,0.0,0,2,0.0,0,0,0.0,0.0,0.0,0.0,0.0,0.0,0.0,0.8105555555555556,0.0,0.0,0.0,0.0,Clemson,USA,2018,,,0,61.0
1629234,Drew Eubanks,2018-19,22.0,23,113.41,41,34,7,2,5,8,15,26,0.577,0,0,0.0,11,13,0.846,1.7826086956521738,1.4782608695652173,0.30434782608695654,0.08695652173913043,0.21739130434782608,0.34782608695652173,4.9308695652173915,13.014725332863064,10.79269905652059,2.2220262763424743,0.6462799495586381,Oregon State,USA,Undrafted,Undrafted,Undrafted,0,61.0
1629130,Duncan Robinson,2018-19,25.0,15,160.93666666666667,50,19,5,5,0,4,18,46,0.391,10,35,0.286,4,6,0.667,3.3333333333333335,1.2666666666666666,0.3333333333333333,0.3333333333333333,0.0,0.26666666666666666,10.729111111111111,11.18452393281001,4.250119094467803,1.1184523932810009,0.5139802631578947,Michigan,USA,Undrafted,Undrafted,Undrafted,0,61.0
1628605,Dusty Hannahs,2018-19,25.0,2,25.916666666666668,8,1,5,1,0,1,3,12,0.25,0,5,0.0,2,2,1.0,4.0,0.5,2.5,0.5,0.0,0.5,12.958333333333334,11.112540192926044,1.3890675241157555,6.945337620578778,0.3105590062111801,Arkansas,USA,2017,,,0,61.0
1629058,Dzanan Musa,2018-19,20.0,9,39.288333333333334,19,5,2,2,0,4,9,22,0.409,1,10,0.1,0,2,0.0,2.111111111111111,0.5555555555555556,0.2222222222222222,0.2222222222222222,0.0,0.4444444444444444,4.36537037037037,17.409748441013022,4.581512747635006,1.8326050990540024,0.4152097902097902,Cedevita,Bosnia and Herzegovina,2018,1,29,0,29.0
1629059,Elie Okobo,2018-19,21.0,53,958.19,304,98,127,32,7,69,114,290,0.393,39,132,0.295,37,47,0.787,5.735849056603773,1.849056603773585,2.3962264150943398,0.6037735849056604,0.1320754716981132,1.3018867924528301,18.079056603773587,11.421534351224706,3.681941994802701,4.7714962585708465,0.48924938843826443,Elan Bearnais,France,2018,2,31,0,31.0
1629150,Emanuel Terry,2018-19,22.0,3,22.731666666666666,10,7,2,3,0,2,4,7,0.571,0,0,0.0,2,4,0.5,3.3333333333333335,2.3333333333333335,0.6666666666666666,1.0,0.0,0.6666666666666666,7.577222222222222,15.836938191949557,11.08585673436469,3.1673876383899113,0.5707762557077626,Lincoln Memorial,USA,Undrafted,Undrafted,Undrafted,0,61.0
1628402,Frank Jackson,2018-19,21.0,61,1168.8633333333332,495,134,69,25,2,48,194,447,0.434,53,169,0.314,54,73,0.74,8.114754098360656,2.19672131147541,1.1311475409836065,0.4098360655737705,0.03278688524590164,0.7868852459016393,19.161693989071036,15.245580464211672,4.1270864286956845,2.125141519253748,0.5165720487560528,Duke,USA,2017,2,31,0,31.0
1629109,Gary Clark,2018-19,24.0,51,640.6066666666667,148,116,18,20,26,7,50,151,0.331,41,138,0.297,7,7,1.0,2.9019607843137254,2.2745098039215685,0.35294117647058826,0.39215686274509803,0.5098039215686274,0.13725490196078433,12.56091503267974,8.31711606706143,6.518820701210311,1.011541143291255,0.480269989615784,Cincinnati,USA,Undrafted,Undrafted,Undrafted,0,61.0
1629018,Gary Trent Jr.,2018-19,20.0,15,110.55,40,11,5,1,2,4,16,50,0.32,5,21,0.238,3,7,0.429,2.6666666666666665,0.7333333333333333,0.3333333333333333,0.06666666666666667,0.13333333333333333,0.26666666666666666,7.37,13.025780189959296,3.582089552238806,1.628222523744912,0.37678975131876413,Duke,USA,2018,2,37,0,37.0
1628994,George King,2018-19,25.0,1,5.9,0,1,0,0,0,0,0,0,0.0,0,0,0.0,0,0,0.0,0.0,1.0,0.0,0.0,0.0,0.0,5.9,0.0,6.101694915254237,0.0,,University of Colorado Boulder,USA,2018,2,59,0,59.0
1628960,Grayson Allen,2018-19,23.0,38,416.29333333333335,211,23,25,6,6,33,67,178,0.376,32,99,0.323,45,60,0.75,5.552631578947368,0.6052631578947368,0.6578947368421053,0.15789473684210525,0.15789473684210525,0.868421052631579,10.955087719298247,18.246749087182113,1.988982127986676,2.161937095637691,0.5161448140900196,Duke,USA,2018,1,21,0,21.0
1628977,Hamidou Diallo,2018-19,20.0,51,526.28,190,97,17,21,10,23,75,165,0.455,4,24,0.167,36,59,0.61,3.7254901960784315,1.9019607843137254,0.3333333333333333,0.4117647058823529,0.19607843137254902,0.45098039215686275,10.319215686274509,12.996883788097591,6.635251197081402,1.1628790757771528,0.49748638458315875,Kentucky,USA,2018,2,45,0,45.0
1628385,Harry Giles III,2018-19,21.0,58,819.99,408,222,85,31,22,73,175,348,0.503,0,6,0.0,58,91,0.637,7.0344827586206895,3.8275862068965516,1.4655172413793103,0.5344827586206896,0.3793103448275862,1.2586206896551724,14.137758620689656,17.912413566019097,9.746460322686861,3.7317528262539787,0.525718998041439,Duke,USA,2017,1,20,0,20.0
1629312,Haywood Highsmith,2018-19,22.0,5,39.78333333333333,9,5,2,1,0,1,4,10,0.4,1,5,0.2,0,2,0.0,1.8,1.0,0.4,0.2,0.0,0.2,7.956666666666666,8.144113950565565,4.524507750314202,1.8098031001256807,0.41360294117647056,Wheeling Jesuit,USA,2018,,,0,61.0
1629067,Isaac Bonga,2018-19,19.0,22,120.025,19,25,15,9,4,6,5,33,0.152,0,8,0.0,9,15,0.6,0.8636363636363636,1.1363636363636365,0.6818181818181818,0.4090909090909091,0.18181818181818182,0.2727272727272727,5.4556818181818185,5.698812747344303,7.49843782545303,4.499062695271818,0.2398989898989899,Skyliners Frankfurt,Germany,2018,2,39,0,39.0
1629353,Isaac Humphries,2018-19,21.0,5,56.43333333333333,15,11,0,1,0,0,6,21,0.286,3,11,0.273,0,0,0.0,3.0,2.2,0.0,0.2,0.0,0.0,11.286666666666665,9.568812758417012,7.017129356172475,0.0,0.35714285714285715,Kentucky,Australia,2017,,,0,61.0
1628515,Isaiah Briscoe,2018-19,23.0,39,559.23,136,74,87,11,2,31,55,138,0.399,11,34,0.324,15,26,0.577,3.4871794871794872,1.8974358974358974,2.230769230769231,0.28205128205128205,0.05128205128205128,0.7948717948717948,14.33923076923077,8.754895123652165,4.763692934928383,5.60055790998337,0.4550321199143469,Kentucky,USA,Undrafted,Undrafted,Undrafted,0,61.0
1628392,Isaiah Hartenstein,2018-19,21.0,28,221.26,53,47,15,7,12,13,20,41,0.488,2,6,0.333,11,14,0.786,1.8928571428571428,1.6785714285714286,0.5357142857142857,0.25,0.42857142857142855,0.4642857142857143,7.902142857142857,8.623339058121667,7.647111994938083,2.4405676579589626,0.5619168787107719,Zalgiris,Germany,2017,2,43,0,43.0
1629122,J.P. Macura,2018-19,24.0,2,16.833333333333332,6,3,2,0,0,0,3,9,0.333,0,4,0.0,0,0,0.0,3.0,1.5,1.0,0.0,0.0,0.0,8.416666666666666,12.831683168316832,6.415841584158416,4.2772277227722775,0.3333333333333333,Xavier,USA,2018,,,0,61.0
1628980,Jacob Evans,2018-19,22.0,30,203.59666666666666,40,25,23,5,3,11,18,53,0.34,4,15,0.267,0,1,0.0,1.3333333333333333,0.8333333333333334,0.7666666666666667,0.16666666666666666,0.1,0.36666666666666664,6.786555555555555,7.072807347860967,4.420504592413105,4.066864225020056,0.37425149700598803,Cincinnati,USA,2018,1,28,0,28.0
1628973,Jalen Brunson,2018-19,22.0,73,1591.2583333333334,678,169,230,37,4,88,264,565,0.467,63,181,0.348,87,120,0.725,9.287671232876713,2.315068493150685,3.1506849315068495,0.5068493150684932,0.0547945205479452,1.2054794520547945,21.798059360730594,15.338804195840817,3.8233892464558967,5.203429151981398,0.5487212690191001,Villanova,USA,2018,2,33,1,33.0
1629123,Jared Terrell,2018-19,24.0,14,110.92166666666667,31,6,12,3,2,10,12,39,0.308,4,17,0.235,3,6,0.5,2.2142857142857144,0.42857142857142855,0.8571428571428571,0.21428571428571427,0.14285714285714285,0.7142857142857143,7.922976190476191,10.061154268026986,1.947320180908449,3.894640361816898,0.37223823246878,Rhode Island,USA,Undrafted,Undrafted,Undrafted,0,61.0
1628991,Jaren Jackson Jr.,2018-19,19.0,58,1514.6883333333333,798,272,64,52,82,98,298,589,0.506,51,142,0.359,151,197,0.766,13.758620689655173,4.689655172413793,1.103448275862069,0.896551724137931,1.4137931034482758,1.6896551724137931,26.11531609195402,18.966277991181904,6.464696257645963,1.52110500179905,0.5905162206961875,Michigan State,USA,2018,1,4,1,4.0
1628417,Jaron Blossomgame,2018-19,25.0,27,439.16,114,98,13,7,8,11,47,106,0.443,10,39,0.256,10,13,0.769,4.222222222222222,3.6296296296296298,0.48148148148148145,0.25925925925925924,0.2962962962962963,0.4074074074074074,16.265185185185185,9.345113398305855,8.033518535385735,1.0656708261225976,0.5102040816326531,Clemson,USA,2017,2,59,0,59.0
1629020,Jarred Vanderbilt,2018-19,20.0,17,69.18666666666667,24,23,3,6,1,8,9,19,0.474,0,1,0.0,6,10,0.6,1.411764705882353,1.3529411764705883,0.17647058823529413,0.35294117647058826,0.058823529411764705,0.47058823529411764,4.069803921568628,12.487955290036615,11.967623819618423,1.5609944112545768,0.5128205128205129,Kentucky,USA,2018,2,41,0,41.0
1629121,Jaylen Adams,2018-19,23.0,34,427.5883333333333,108,60,65,14,5,28,38,110,0.345,25,74,0.338,7,9,0.778,3.176470588235294,1.7647058823529411,1.911764705882353,0.4117647058823529,0.14705882352941177,0.8235294117647058,12.576127450980392,9.09285800594809,5.051587781082272,5.472553429505795,0.47385047385047385,St. Bonaventure,USA,Undrafted,Undrafted,Undrafted,0,61.0
1629203,Jemerrio Jones,2018-19,24.0,6,143.11666666666667,27,49,13,7,5,5,12,33,0.364,2,10,0.2,1,2,0.5,4.5,8.166666666666666,2.1666666666666665,1.1666666666666667,0.8333333333333334,0.8333333333333334,23.852777777777778,6.79166181437056,12.325608477931757,3.2700593921043435,0.3984651711924439,New Mexico State,USA,2018,,,0,61.0
1629010,Jerome Robinson,2018-19,22.0,33,320.52,112,41,19,11,3,13,44,110,0.4,18,57,0.316,6,9,0.667,3.393939393939394,1.2424242424242424,0.5757575757575758,0.3333333333333333,0.09090909090909091,0.3939393939393939,9.712727272727273,12.579558217895919,4.605016847622613,2.134032197678772,0.4914004914004914,Boston College,USA,2018,1,13,0,13.0
1628975,Jevon Carter,2018-19,23.0,39,576.5016666666667,172,66,69,26,11,33,56,185,0.303,34,102,0.333,26,32,0.813,4.410256410256411,1.6923076923076923,1.7692307692307692,0.6666666666666666,0.28205128205128205,0.8461538461538461,14.782094017094018,10.740645444794897,4.121410461374786,4.308747300528186,0.4319871408479003,West Virginia,USA,2018,2,32,0,32.0
1629147,Joe Chealey,2018-19,23.0,1,7.75,2,0,1,0,0,0,1,3,0.333,0,0,0.0,0,0,0.0,2.0,0.0,1.0,0.0,0.0,0.0,7.75,9.29032258064516,0.0,4.64516129032258,0.3333333333333333,College of Charleston,USA,2018,,,0,61.0
1629140,Johnathan Williams,2018-19,24.0,24,371.7033333333333,157,99,13,8,7,16,65,110,0.591,0,2,0.0,27,48,0.563,6.541666666666667,4.125,0.5416666666666666,0.3333333333333333,0.2916666666666667,0.6666666666666666,15.487638888888888,15.205674776479452,9.588291738034814,1.2590686120651775,0.5986882245271506,Gonzaga,USA,Undrafted,Undrafted,Undrafted,0,61.0
1628413,Jonah Bolden,2018-19,23.0,44,638.6716666666666,207,165,40,17,39,36,80,162,0.494,34,96,0.354,13,27,0.481,4.704545454545454,3.75,0.9090909090909091,0.38636363636363635,0.8863636363636364,0.8181818181818182,14.51526515151515,11.667967108816999,9.30055349253529,2.254679634554009,0.5952380952380952,UCLA,Australia,2017,2,36,0,36.0
1628070,Jordan Loyd,2018-19,25.0,12,54.833333333333336,29,9,6,0,0,2,8,18,0.444,4,8,0.5,9,11,0.818,2.4166666666666665,0.75,0.5,0.0,0.0,0.16666666666666666,4.569444444444445,19.039513677811552,5.908814589665654,3.939209726443769,0.6348511383537653,Indianapolis,USA,Undrafted,Undrafted,Undrafted,0,61.0
1626296,Jordan Sibert,2018-19,26.0,1,4.233333333333333,3,0,0,0,0,0,1,1,1.0,1,1,1.0,0,0,0.0,3.0,0.0,0.0,0.0,0.0,0.0,4.233333333333333,25.511811023622045,0.0,0.0,1.5,Dayton,USA,2015,,,0,61.0
1629006,Josh Okogie,2018-19,20.0,74,1757.17,570,218,91,88,33,63,196,508,0.386,60,215,0.279,118,162,0.728,7.702702702702703,2.945945945945946,1.2297297297297298,1.1891891891891893,0.44594594594594594,0.8513513513513513,23.745540540540542,11.677868390650875,4.466272472213843,1.86436144482321,0.49199005662201356,Georgia Tech,Nigeria,2018,1,20,0,20.0
1627395,Julian Washburn,2018-19,27.0,18,253.88666666666666,40,41,14,13,2,7,16,48,0.333,5,24,0.208,3,4,0.75,2.2222222222222223,2.2777777777777777,0.7777777777777778,0.7222222222222222,0.1111111111111111,0.3888888888888889,14.104814814814814,5.6718220728409,5.813617624661923,1.9851377254943152,0.4019292604501608,Texas-El Paso,USA,2015,,,0,61.0
1628966,Keita Bates-Diop,2018-19,23.0,30,503.37666666666667,151,83,17,18,14,14,60,142,0.423,13,52,0.25,18,28,0.643,5.033333333333333,2.7666666666666666,0.5666666666666667,0.6,0.4666666666666667,0.4666666666666667,16.779222222222224,10.799070278717727,5.9359128022090815,1.2157893691271613,0.4892431311560394,Ohio State,USA,2018,2,48,0,48.0
1629026,Kenrich Williams,2018-19,24.0,46,1079.22,279,219,83,45,19,36,107,279,0.384,52,156,0.333,13,19,0.684,6.065217391304348,4.760869565217392,1.8043478260869565,0.9782608695652174,0.41304347826086957,0.782608695652174,23.461304347826086,9.30672152109857,7.305276032690276,2.768666258964808,0.48545378619153673,TCU,USA,Undrafted,Undrafted,Undrafted,0,61.0
1628989,Kevin Huerter,2018-19,20.0,75,2048.53,727,245,214,65,25,109,275,657,0.419,136,353,0.385,41,56,0.732,9.693333333333333,3.2666666666666666,2.8533333333333335,0.8666666666666667,0.3333333333333333,1.4533333333333334,27.313733333333335,12.775990588373125,4.305526401858893,3.7607455101951155,0.5332726952643624,Maryland,USA,2018,1,19,0,19.0
1628995,Kevin Knox II,2018-19,19.0,75,2157.8933333333334,963,335,82,43,24,114,338,914,0.37,125,364,0.343,162,226,0.717,12.84,4.466666666666667,1.0933333333333333,0.5733333333333334,0.32,1.52,28.771911111111113,16.065668985800965,5.588784122786421,1.3680008897566762,0.47511446163561727,Kentucky,USA,2018,1,9,0,9.0
1629017,Khyri Thomas,2018-19,23.0,26,195.46833333333333,61,20,8,7,5,4,22,69,0.319,10,35,0.286,7,11,0.636,2.3461538461538463,0.7692307692307693,0.3076923076923077,0.2692307692307692,0.19230769230769232,0.15384615384615385,7.518012820512821,11.234556321995889,3.6834610891789805,1.4733844356715922,0.41305525460455034,Creighton,USA,2018,2,38,0,38.0
1628961,Kostas Antetokounmpo,2018-19,21.0,2,10.566666666666666,2,1,0,2,0,1,0,3,0.0,0,0,0.0,2,4,0.5,1.0,0.5,0.0,1.0,0.0,0.5,5.283333333333333,6.813880126182966,3.406940063091483,0.0,0.21008403361344538,Dayton,Greece,2018,2,60,0,60.0
1629013,Landry Shamet,2018-19,22.0,79,1801.8933333333334,722,134,117,37,10,45,240,557,0.431,167,396,0.422,75,93,0.806,9.139240506329115,1.6962025316455696,1.481012658227848,0.46835443037974683,0.12658227848101267,0.569620253164557,22.808776371308017,14.424827218777285,2.6771839990528483,2.3375412529043524,0.6037597002943538,Wichita State,USA,2018,1,26,0,26.0
1629022,Lonnie Walker IV,2018-19,20.0,17,117.79833333333333,45,17,9,7,3,4,16,46,0.348,5,13,0.385,8,10,0.8,2.6470588235294117,1.0,0.5294117647058824,0.4117647058823529,0.17647058823529413,0.23529411764705882,6.929313725490196,13.752316812631758,5.195319684771997,2.7504633625263515,0.44642857142857145,Miami,USA,2018,1,18,0,18.0
1629029,Luka Dončić,2018-19,20.0,72,2317.74,1526,563,429,77,25,247,506,1186,0.427,168,514,0.327,346,485,0.713,21.194444444444443,7.819444444444445,5.958333333333333,1.0694444444444444,0.3472222222222222,3.4305555555555554,32.19083333333333,23.702399751482048,8.744725465323981,6.663387610344561,0.5452336715735315,Real Madrid,Slovenia,2018,1,3,1,3.0
1629094,Marcus Derrickson,2018-19,23.0,11,67.32166666666667,46,13,1,0,1,3,16,33,0.485,10,20,0.5,4,5,0.8,4.181818181818182,1.1818181818181819,0.09090909090909091,0.0,0.09090909090909091,0.2727272727272727,6.120151515151516,24.598321491347505,6.951699551902556,0.5347461193771198,0.6534090909090908,Georgetown,USA,Undrafted,Undrafted,Undrafted,0,61.0
1628963,Marvin Bagley III,2018-19,20.0,62,1567.495,923,471,62,33,59,98,356,706,0.504,30,96,0.313,181,262,0.691,14.887096774193548,7.596774193548387,1.0,0.532258064516129,0.9516129032258065,1.5806451612903225,25.282177419354838,21.1981537421172,10.817259385197403,1.4239279870111228,0.5619277225793883,Duke,USA,2018,1,2,0,2.0
1628982,Melvin Frazier Jr.,2018-19,22.0,10,44.43333333333333,15,5,1,1,0,1,7,21,0.333,0,6,0.0,1,4,0.25,1.5,0.5,0.1,0.1,0.0,0.1,4.443333333333333,12.153038259564893,4.051012753188298,0.8102025506376594,0.32952548330404213,Tulane,USA,2018,2,35,0,35.0
1628969,Mikal Bridges,2018-19,22.0,82,2417.115,684,264,173,129,38,70,242,563,0.43,105,313,0.335,95,118,0.805,8.341463414634147,3.2195121951219514,2.1097560975609757,1.5731707317073171,0.4634146341463415,0.8536585365853658,29.477012195121947,10.187351449972384,3.9319602087612715,2.576625439832197,0.556169908280752,Villanova,USA,2018,1,10,0,10.0
1628970,Miles Bridges,2018-19,21.0,80,1696.3333333333333,597,323,95,55,49,50,237,511,0.464,65,200,0.325,58,77,0.753,7.4625,4.0375,1.1875,0.6875,0.6125,0.625,21.204166666666666,12.669679701316566,6.854784830025546,2.0161131853016308,0.5478270444868595,Michigan State,USA,2018,1,12,0,12.0
1628249,Mitchell Creek,2018-19,27.0,5,47.15,21,12,6,2,0,1,8,16,0.5,0,2,0.0,5,7,0.714,4.2,2.4,1.2,0.4,0.0,0.2,9.43,16.033934252386004,9.162248144220573,4.581124072110287,0.5503144654088051,Gottingen,Australia,Undrafted,Undrafted,Undrafted,0,61.0
1629011,Mitchell Robinson,2018-19,21.0,66,1359.5083333333334,485,423,37,52,161,35,202,291,0.694,0,0,0.0,81,135,0.6,7.348484848484849,6.409090909090909,0.5606060606060606,0.7878787878787878,2.4393939393939394,0.5303030303030303,20.59861111111111,12.84287824642487,11.201108243789115,0.979765969314887,0.6920662100456622,Western Kentucky,USA,2018,2,36,0,36.0
1628964,Mo Bamba,2018-19,21.0,47,766.1933333333334,292,233,39,13,64,43,117,243,0.481,21,70,0.3,37,63,0.587,6.212765957446808,4.957446808510638,0.8297872340425532,0.2765957446808511,1.3617021276595744,0.9148936170212766,16.301985815602837,13.719774817496019,10.947628535878671,1.8324356776792627,0.5393026004728132,Texas,USA,2018,1,6,0,6.0
1629021,Moritz Wagner,2018-19,22.0,43,446.18,207,85,24,11,13,39,71,171,0.415,22,77,0.286,43,53,0.811,4.813953488372093,1.9767441860465116,0.5581395348837209,0.2558139534883721,0.3023255813953488,0.9069767441860465,10.376279069767442,16.701779550853917,6.858218656147743,1.9364382087946568,0.5326265953067106,Michigan,Germany,2018,1,25,0,25.0
1629016,Omari Spellman,2018-19,21.0,46,804.5416666666666,272,194,47,26,25,31,98,244,0.402,44,128,0.344,32,45,0.711,5.913043478260869,4.217391304347826,1.0217391304347827,0.5652173913043478,0.5434782608695652,0.6739130434782609,17.49003623188406,12.170904759438605,8.680718835776064,2.1030607488735824,0.5155420773313116,Villanova,USA,2018,1,30,0,30.0
1628959,Rawle Alkins,2018-19,21.0,10,120.35333333333334,37,26,13,1,0,8,13,39,0.333,3,12,0.25,8,12,0.667,3.7,2.6,1.3,0.1,0.0,0.8,12.035333333333334,11.067412618401372,7.7771007588766405,3.8885503794383203,0.41779584462511293,Arizona,USA,Undrafted,Undrafted,Undrafted,0,61.0
1629034,Ray Spalding,2018-19,22.0,14,147.62666666666667,54,48,5,9,8,9,25,47,0.532,0,3,0.0,4,12,0.333,3.857142857142857,3.4285714285714284,0.35714285714285715,0.6428571428571429,0.5714285714285714,0.6428571428571429,10.544761904761904,13.16835260115607,11.705202312138729,1.2192919075144508,0.5164498852333588,Louisville,USA,2018,2,56,0,56.0
1629057,Robert Williams III,2018-19,21.0,32,282.84,81,81,7,9,40,10,36,51,0.706,0,0,0.0,9,15,0.6,2.53125,2.53125,0.21875,0.28125,1.25,0.3125,8.83875,10.309715740347901,10.309715740347901,0.8909630886720408,0.703125,Texas A&M,USA,2018,1,27,0,27.0
1629066,Rodions Kurucs,2018-19,21.0,63,1293.75,534,246,52,41,25,77,202,449,0.45,58,184,0.315,72,92,0.783,8.476190476190476,3.9047619047619047,0.8253968253968254,0.6507936507936508,0.3968253968253968,1.2222222222222223,20.535714285714285,14.859130434782609,6.845217391304348,1.4469565217391303,0.5454768325569992,FC Barcelona,Latvia,2018,2,40,0,40.0
1629151,Ryan Broekhoff,2018-19,28.0,42,453.58666666666664,167,63,22,6,4,16,57,126,0.452,38,93,0.409,15,19,0.789,3.9761904761904763,1.5,0.5238095238095238,0.14285714285714285,0.09523809523809523,0.38095238095238093,10.79968253968254,13.254357858843587,5.000146976689497,1.7460830712249038,0.6214647216433462,Valparaiso,Australia,Undrafted,Undrafted,Undrafted,0,61.0
1628983,Shai Gilgeous-Alexander,2018-19,20.0,82,2173.9066666666668,889,232,270,96,45,141,341,716,0.476,51,139,0.367,156,195,0.8,10.841463414634147,2.8292682926829267,3.292682926829268,1.170731707317073,0.5487804878048781,1.7195121951219512,26.511056910569106,14.721883184190672,3.8419312696650576,4.471213115558472,0.5543776502868546,Kentucky,Canada,2018,1,11,1,11.0
1629003,Shake Milton,2018-19,22.0,20,268.225,87,35,18,8,8,6,34,87,0.391,14,44,0.318,5,7,0.714,4.35,1.75,0.9,0.4,0.4,0.3,13.41125,11.676763910895701,4.697548699785627,2.41588218846118,0.48290408525754885,Southern Methodist,USA,2018,2,54,0,54.0
1629004,Svi Mykhailiuk,2018-19,22.0,42,440.13,133,36,37,14,1,21,46,140,0.329,29,89,0.326,12,20,0.6,3.1666666666666665,0.8571428571428571,0.8809523809523809,0.3333333333333333,0.023809523809523808,0.5,10.479285714285714,10.878604048803764,2.9445845545634244,3.026378569967964,0.4469086021505376,Kansas,Ukraine,2018,2,47,0,47.0
1628769,Tahjere McCall,2018-19,24.0,1,7.966666666666667,4,1,0,0,0,0,2,3,0.667,0,1,0.0,0,1,0.0,4.0,1.0,0.0,0.0,0.0,0.0,7.966666666666667,18.07531380753138,4.518828451882845,0.0,0.5813953488372093,Tennessee State,USA,2017,0,,0,61.0
1629033,Theo Pinson,2018-19,23.0,18,211.37333333333333,81,36,21,6,0,18,25,73,0.342,12,46,0.261,19,22,0.864,4.5,2.0,1.1666666666666667,0.3333333333333333,0.0,1.0,11.742962962962963,13.795496120608085,6.131331609159149,3.576610105342837,0.48984034833091433,North Carolina,USA,Undrafted,Undrafted,Undrafted,0,61.0
1629118,Thomas Welsh,2018-19,23.0,11,36.306666666666665,18,4,5,0,0,1,7,13,0.538,3,7,0.429,1,2,0.5,1.6363636363636365,0.36363636363636365,0.45454545454545453,0.0,0.0,0.09090909090909091,3.3006060606060603,17.847961806830703,3.966213734851267,4.957767168564084,0.648414985590778,UCLA,USA,2018,2,58,0,58.0
1629027,Trae Young,2018-19,20.0,81,2503.2816666666668,1549,301,653,72,15,308,525,1256,0.418,156,482,0.324,343,414,0.829,19.123456790123456,3.7160493827160495,8.061728395061728,0.8888888888888888,0.18518518518518517,3.802469135802469,30.90471193415638,22.276358566654835,4.32871783638677,9.390872914154686,0.5385353507259275,Oklahoma,USA,2018,1,5,1,5.0
1628979,Trevon Duval,2018-19,20.0,3,5.6033333333333335,5,1,2,0,0,0,2,3,0.667,1,1,1.0,0,0,0.0,1.6666666666666667,0.3333333333333333,0.6666666666666666,0.0,0.0,0.0,1.8677777777777778,32.123735871505055,6.424747174301011,12.849494348602022,0.8333333333333334,Duke,USA,Undrafted,Undrafted,Undrafted,0,61.0
1628972,Troy Brown Jr.,2018-19,19.0,52,729.7366666666667,248,145,80,21,5,30,97,234,0.415,22,69,0.319,32,47,0.681,4.769230769230769,2.7884615384615383,1.5384615384615385,0.40384615384615385,0.09615384615384616,0.5769230769230769,14.033397435897436,12.234550362916302,7.1532653331567095,3.9466291493278396,0.48688550337678654,Oregon,USA,2018,1,15,0,15.0
1628505,Troy Caupain,2018-19,23.0,4,15.633333333333333,10,3,4,1,0,0,4,8,0.5,2,3,0.667,0,0,0.0,2.5,0.75,1.0,0.25,0.0,0.0,3.908333333333333,23.02771855010661,6.908315565031983,9.211087420042645,0.625,Cincinnati,USA,Undrafted,Undrafted,Undrafted,0,61.0
1629093,Tyler Davis,2018-19,22.0,1,0.9116666666666666,0,1,0,0,0,0,0,1,0.0,0,0,0.0,0,0,0.0,0.0,1.0,0.0,0.0,0.0,0.0,0.9116666666666666,0.0,39.48811700182816,0.0,0.0,Texas A&M,USA,Undrafted,Undrafted,Undrafted,0,61.0
1629053,Vincent Edwards,2018-19,23.0,2,15.716666666666667,3,2,0,0,0,0,1,4,0.25,1,4,0.25,0,0,0.0,1.5,1.0,0.0,0.0,0.0,0.0,7.858333333333333,6.871686108165429,4.581124072110286,0.0,0.375,Purdue,USA,2018,2,52,0,52.0
1628976,Wendell Carter Jr.,2018-19,20.0,44,1109.8,455,307,78,26,58,65,180,371,0.485,6,32,0.188,89,112,0.795,10.340909090909092,6.9772727272727275,1.7727272727272727,0.5909090909090909,1.3181818181818181,1.4772727272727273,25.222727272727273,14.759416111010994,9.958551090286537,2.5301856190304557,0.5413057961359095,Duke,USA,2018,1,7,0,7.0
1628999,Yante Maten,2018-19,22.0,2,13.033333333333333,2,3,0,1,0,0,1,4,0.25,0,1,0.0,0,0,0.0,1.0,1.5,0.0,0.5,0.0,0.0,6.516666666666667,5.524296675191816,8.286445012787723,0.0,0.25,Georgia,USA,2018,,,0,61.0
1629139,Yuta Watanabe,2018-19,24.0,15,174.35,39,31,8,4,1,6,15,51,0.294,2,16,0.125,7,10,0.7,2.6,2.066666666666667,0.5333333333333333,0.26666666666666666,0.06666666666666667,0.4,11.623333333333333,8.052767421852597,6.4009176942930885,1.6518497275595068,0.351985559566787,George Washington,Japan,Undrafted,Undrafted,Undrafted,0,61.0
1629155,Zach Lofton,2018-19,26.0,1,3.75,0,0,0,1,0,1,0,1,0.0,0,1,0.0,0,0,0.0,0.0,0.0,0.0,1.0,0.0,1.0,3.75,0.0,0.0,0.0,0.0,New Mexico State,USA,Undrafted,Undrafted,Undrafted,0,61.0
1629015,Zhaire Smith,2018-19,20.0,6,110.61666666666666,40,13,10,2,2,6,14,34,0.412,6,16,0.375,6,8,0.75,6.666666666666667,2.1666666666666665,1.6666666666666667,0.3333333333333333,0.3333333333333333,1.0,18.43611111111111,13.017929787554618,4.230827180955251,3.2544824468886544,0.5330490405117271,Texas Tech,USA,2018,1,16,0,16.0
